Date,DateKey,DayName,DayNameShort,DayOfMonth,DayOfWeekNumber,IsWeekend,WeekNumberISO,MonthNumber,MonthName,MonthShort,MonthYear,Quarter,QuarterYear,FiscalYear,FiscalPeriod,FiscalPeriodEnd,IsMonthEnd,IsCurrentFY
2023-01-01,20230101,Sunday,Sun,1,7,Yes,52,1,January,Jan,Jan 2023,Q1,2023 Q1,FY2023,2023-01,2023-01-01,No,No
2023-01-02,20230102,Monday,Mon,2,1,No,1,1,January,Jan,Jan 2023,Q1,2023 Q1,FY2023,2023-01,2023-01-02,No,No
2023-01-03,20230103,Tuesday,Tue,3,2,No,1,1,January,Jan,Jan 2023,Q1,2023 Q1,FY2023,2023-01,2023-01-03,No,No
2023-01-04,20230104,Wednesday,Wed,4,3,No,1,1,January,Jan,Jan 2023,Q1,2023 Q1,FY2023,2023-01,2023-01-04,No,No
2023-01-05,20230105,Thursday,Thu,5,4,No,1,1,January,Jan,Jan 2023,Q1,2023 Q1,FY2023,2023-01,2023-01-05,No,No
2023-01-06,20230106,Friday,Fri,6,5,No,1,1,January,Jan,Jan 2023,Q1,2023 Q1,FY2023,2023-01,2023-01-06,No,No
2023-01-07,20230107,Saturday,Sat,7,6,Yes,1,1,January,Jan,Jan 2023,Q1,2023 Q1,FY2023,2023-01,2023-01-07,No,No
2023-01-08,20230108,Sunday,Sun,8,7,Yes,1,1,January,Jan,Jan 2023,Q1,2023 Q1,FY2023,2023-01,2023-01-08,No,No
2023-01-09,20230109,Monday,Mon,9,1,No,2,1,January,Jan,Jan 2023,Q1,2023 Q1,FY2023,2023-01,2023-01-09,No,No
2023-01-10,20230110,Tuesday,Tue,10,2,No,2,1,January,Jan,Jan 2023,Q1,2023 Q1,FY2023,2023-01,2023-01-10,No,No
2023-01-11,20230111,Wednesday,Wed,11,3,No,2,1,January,Jan,Jan 2023,Q1,2023 Q1,FY2023,2023-01,2023-01-11,No,No
2023-01-12,20230112,Thursday,Thu,12,4,No,2,1,January,Jan,Jan 2023,Q1,2023 Q1,FY2023,2023-01,2023-01-12,No,No
2023-01-13,20230113,Friday,Fri,13,5,No,2,1,January,Jan,Jan 2023,Q1,2023 Q1,FY2023,2023-01,2023-01-13,No,No
2023-01-14,20230114,Saturday,Sat,14,6,Yes,2,1,January,Jan,Jan 2023,Q1,2023 Q1,FY2023,2023-01,2023-01-14,No,No
2023-01-15,20230115,Sunday,Sun,15,7,Yes,2,1,January,Jan,Jan 2023,Q1,2023 Q1,FY2023,2023-01,2023-01-15,No,No
2023-01-16,20230116,Monday,Mon,16,1,No,3,1,January,Jan,Jan 2023,Q1,2023 Q1,FY2023,2023-01,2023-01-16,No,No
2023-01-17,20230117,Tuesday,Tue,17,2,No,3,1,January,Jan,Jan 2023,Q1,2023 Q1,FY2023,2023-01,2023-01-17,No,No
2023-01-18,20230118,Wednesday,Wed,18,3,No,3,1,January,Jan,Jan 2023,Q1,2023 Q1,FY2023,2023-01,2023-01-18,No,No
2023-01-19,20230119,Thursday,Thu,19,4,No,3,1,January,Jan,Jan 2023,Q1,2023 Q1,FY2023,2023-01,2023-01-19,No,No
2023-01-20,20230120,Friday,Fri,20,5,No,3,1,January,Jan,Jan 2023,Q1,2023 Q1,FY2023,2023-01,2023-01-20,No,No
2023-01-21,20230121,Saturday,Sat,21,6,Yes,3,1,January,Jan,Jan 2023,Q1,2023 Q1,FY2023,2023-01,2023-01-21,No,No
2023-01-22,20230122,Sunday,Sun,22,7,Yes,3,1,January,Jan,Jan 2023,Q1,2023 Q1,FY2023,2023-01,2023-01-22,No,No
2023-01-23,20230123,Monday,Mon,23,1,No,4,1,January,Jan,Jan 2023,Q1,2023 Q1,FY2023,2023-01,2023-01-23,No,No
2023-01-24,20230124,Tuesday,Tue,24,2,No,4,1,January,Jan,Jan 2023,Q1,2023 Q1,FY2023,2023-01,2023-01-24,No,No
2023-01-25,20230125,Wednesday,Wed,25,3,No,4,1,January,Jan,Jan 2023,Q1,2023 Q1,FY2023,2023-01,2023-01-25,No,No
2023-01-26,20230126,Thursday,Thu,26,4,No,4,1,January,Jan,Jan 2023,Q1,2023 Q1,FY2023,2023-01,2023-01-26,No,No
2023-01-27,20230127,Friday,Fri,27,5,No,4,1,January,Jan,Jan 2023,Q1,2023 Q1,FY2023,2023-01,2023-01-27,No,No
2023-01-28,20230128,Saturday,Sat,28,6,Yes,4,1,January,Jan,Jan 2023,Q1,2023 Q1,FY2023,2023-01,2023-01-28,No,No
2023-01-29,20230129,Sunday,Sun,29,7,Yes,4,1,January,Jan,Jan 2023,Q1,2023 Q1,FY2023,2023-01,2023-01-29,No,No
2023-01-30,20230130,Monday,Mon,30,1,No,5,1,January,Jan,Jan 2023,Q1,2023 Q1,FY2023,2023-01,2023-01-30,No,No
2023-01-31,20230131,Tuesday,Tue,31,2,No,5,1,January,Jan,Jan 2023,Q1,2023 Q1,FY2023,2023-01,2023-01-31,Yes,No
2023-02-01,20230201,Wednesday,Wed,1,3,No,5,2,February,Feb,Feb 2023,Q1,2023 Q1,FY2023,2023-02,2023-02-01,No,No
2023-02-02,20230202,Thursday,Thu,2,4,No,5,2,February,Feb,Feb 2023,Q1,2023 Q1,FY2023,2023-02,2023-02-02,No,No
2023-02-03,20230203,Friday,Fri,3,5,No,5,2,February,Feb,Feb 2023,Q1,2023 Q1,FY2023,2023-02,2023-02-03,No,No
2023-02-04,20230204,Saturday,Sat,4,6,Yes,5,2,February,Feb,Feb 2023,Q1,2023 Q1,FY2023,2023-02,2023-02-04,No,No
2023-02-05,20230205,Sunday,Sun,5,7,Yes,5,2,February,Feb,Feb 2023,Q1,2023 Q1,FY2023,2023-02,2023-02-05,No,No
2023-02-06,20230206,Monday,Mon,6,1,No,6,2,February,Feb,Feb 2023,Q1,2023 Q1,FY2023,2023-02,2023-02-06,No,No
2023-02-07,20230207,Tuesday,Tue,7,2,No,6,2,February,Feb,Feb 2023,Q1,2023 Q1,FY2023,2023-02,2023-02-07,No,No
2023-02-08,20230208,Wednesday,Wed,8,3,No,6,2,February,Feb,Feb 2023,Q1,2023 Q1,FY2023,2023-02,2023-02-08,No,No
2023-02-09,20230209,Thursday,Thu,9,4,No,6,2,February,Feb,Feb 2023,Q1,2023 Q1,FY2023,2023-02,2023-02-09,No,No
2023-02-10,20230210,Friday,Fri,10,5,No,6,2,February,Feb,Feb 2023,Q1,2023 Q1,FY2023,2023-02,2023-02-10,No,No
2023-02-11,20230211,Saturday,Sat,11,6,Yes,6,2,February,Feb,Feb 2023,Q1,2023 Q1,FY2023,2023-02,2023-02-11,No,No
2023-02-12,20230212,Sunday,Sun,12,7,Yes,6,2,February,Feb,Feb 2023,Q1,2023 Q1,FY2023,2023-02,2023-02-12,No,No
2023-02-13,20230213,Monday,Mon,13,1,No,7,2,February,Feb,Feb 2023,Q1,2023 Q1,FY2023,2023-02,2023-02-13,No,No
2023-02-14,20230214,Tuesday,Tue,14,2,No,7,2,February,Feb,Feb 2023,Q1,2023 Q1,FY2023,2023-02,2023-02-14,No,No
2023-02-15,20230215,Wednesday,Wed,15,3,No,7,2,February,Feb,Feb 2023,Q1,2023 Q1,FY2023,2023-02,2023-02-15,No,No
2023-02-16,20230216,Thursday,Thu,16,4,No,7,2,February,Feb,Feb 2023,Q1,2023 Q1,FY2023,2023-02,2023-02-16,No,No
2023-02-17,20230217,Friday,Fri,17,5,No,7,2,February,Feb,Feb 2023,Q1,2023 Q1,FY2023,2023-02,2023-02-17,No,No
2023-02-18,20230218,Saturday,Sat,18,6,Yes,7,2,February,Feb,Feb 2023,Q1,2023 Q1,FY2023,2023-02,2023-02-18,No,No
2023-02-19,20230219,Sunday,Sun,19,7,Yes,7,2,February,Feb,Feb 2023,Q1,2023 Q1,FY2023,2023-02,2023-02-19,No,No
2023-02-20,20230220,Monday,Mon,20,1,No,8,2,February,Feb,Feb 2023,Q1,2023 Q1,FY2023,2023-02,2023-02-20,No,No
2023-02-21,20230221,Tuesday,Tue,21,2,No,8,2,February,Feb,Feb 2023,Q1,2023 Q1,FY2023,2023-02,2023-02-21,No,No
2023-02-22,20230222,Wednesday,Wed,22,3,No,8,2,February,Feb,Feb 2023,Q1,2023 Q1,FY2023,2023-02,2023-02-22,No,No
2023-02-23,20230223,Thursday,Thu,23,4,No,8,2,February,Feb,Feb 2023,Q1,2023 Q1,FY2023,2023-02,2023-02-23,No,No
2023-02-24,20230224,Friday,Fri,24,5,No,8,2,February,Feb,Feb 2023,Q1,2023 Q1,FY2023,2023-02,2023-02-24,No,No
2023-02-25,20230225,Saturday,Sat,25,6,Yes,8,2,February,Feb,Feb 2023,Q1,2023 Q1,FY2023,2023-02,2023-02-25,No,No
2023-02-26,20230226,Sunday,Sun,26,7,Yes,8,2,February,Feb,Feb 2023,Q1,2023 Q1,FY2023,2023-02,2023-02-26,No,No
2023-02-27,20230227,Monday,Mon,27,1,No,9,2,February,Feb,Feb 2023,Q1,2023 Q1,FY2023,2023-02,2023-02-27,No,No
2023-02-28,20230228,Tuesday,Tue,28,2,No,9,2,February,Feb,Feb 2023,Q1,2023 Q1,FY2023,2023-02,2023-02-28,Yes,No
2023-03-01,20230301,Wednesday,Wed,1,3,No,9,3,March,Mar,Mar 2023,Q1,2023 Q1,FY2023,2023-03,2023-03-01,No,No
2023-03-02,20230302,Thursday,Thu,2,4,No,9,3,March,Mar,Mar 2023,Q1,2023 Q1,FY2023,2023-03,2023-03-02,No,No
2023-03-03,20230303,Friday,Fri,3,5,No,9,3,March,Mar,Mar 2023,Q1,2023 Q1,FY2023,2023-03,2023-03-03,No,No
2023-03-04,20230304,Saturday,Sat,4,6,Yes,9,3,March,Mar,Mar 2023,Q1,2023 Q1,FY2023,2023-03,2023-03-04,No,No
2023-03-05,20230305,Sunday,Sun,5,7,Yes,9,3,March,Mar,Mar 2023,Q1,2023 Q1,FY2023,2023-03,2023-03-05,No,No
2023-03-06,20230306,Monday,Mon,6,1,No,10,3,March,Mar,Mar 2023,Q1,2023 Q1,FY2023,2023-03,2023-03-06,No,No
2023-03-07,20230307,Tuesday,Tue,7,2,No,10,3,March,Mar,Mar 2023,Q1,2023 Q1,FY2023,2023-03,2023-03-07,No,No
2023-03-08,20230308,Wednesday,Wed,8,3,No,10,3,March,Mar,Mar 2023,Q1,2023 Q1,FY2023,2023-03,2023-03-08,No,No
2023-03-09,20230309,Thursday,Thu,9,4,No,10,3,March,Mar,Mar 2023,Q1,2023 Q1,FY2023,2023-03,2023-03-09,No,No
2023-03-10,20230310,Friday,Fri,10,5,No,10,3,March,Mar,Mar 2023,Q1,2023 Q1,FY2023,2023-03,2023-03-10,No,No
2023-03-11,20230311,Saturday,Sat,11,6,Yes,10,3,March,Mar,Mar 2023,Q1,2023 Q1,FY2023,2023-03,2023-03-11,No,No
2023-03-12,20230312,Sunday,Sun,12,7,Yes,10,3,March,Mar,Mar 2023,Q1,2023 Q1,FY2023,2023-03,2023-03-12,No,No
2023-03-13,20230313,Monday,Mon,13,1,No,11,3,March,Mar,Mar 2023,Q1,2023 Q1,FY2023,2023-03,2023-03-13,No,No
2023-03-14,20230314,Tuesday,Tue,14,2,No,11,3,March,Mar,Mar 2023,Q1,2023 Q1,FY2023,2023-03,2023-03-14,No,No
2023-03-15,20230315,Wednesday,Wed,15,3,No,11,3,March,Mar,Mar 2023,Q1,2023 Q1,FY2023,2023-03,2023-03-15,No,No
2023-03-16,20230316,Thursday,Thu,16,4,No,11,3,March,Mar,Mar 2023,Q1,2023 Q1,FY2023,2023-03,2023-03-16,No,No
2023-03-17,20230317,Friday,Fri,17,5,No,11,3,March,Mar,Mar 2023,Q1,2023 Q1,FY2023,2023-03,2023-03-17,No,No
2023-03-18,20230318,Saturday,Sat,18,6,Yes,11,3,March,Mar,Mar 2023,Q1,2023 Q1,FY2023,2023-03,2023-03-18,No,No
2023-03-19,20230319,Sunday,Sun,19,7,Yes,11,3,March,Mar,Mar 2023,Q1,2023 Q1,FY2023,2023-03,2023-03-19,No,No
2023-03-20,20230320,Monday,Mon,20,1,No,12,3,March,Mar,Mar 2023,Q1,2023 Q1,FY2023,2023-03,2023-03-20,No,No
2023-03-21,20230321,Tuesday,Tue,21,2,No,12,3,March,Mar,Mar 2023,Q1,2023 Q1,FY2023,2023-03,2023-03-21,No,No
2023-03-22,20230322,Wednesday,Wed,22,3,No,12,3,March,Mar,Mar 2023,Q1,2023 Q1,FY2023,2023-03,2023-03-22,No,No
2023-03-23,20230323,Thursday,Thu,23,4,No,12,3,March,Mar,Mar 2023,Q1,2023 Q1,FY2023,2023-03,2023-03-23,No,No
2023-03-24,20230324,Friday,Fri,24,5,No,12,3,March,Mar,Mar 2023,Q1,2023 Q1,FY2023,2023-03,2023-03-24,No,No
2023-03-25,20230325,Saturday,Sat,25,6,Yes,12,3,March,Mar,Mar 2023,Q1,2023 Q1,FY2023,2023-03,2023-03-25,No,No
2023-03-26,20230326,Sunday,Sun,26,7,Yes,12,3,March,Mar,Mar 2023,Q1,2023 Q1,FY2023,2023-03,2023-03-26,No,No
2023-03-27,20230327,Monday,Mon,27,1,No,13,3,March,Mar,Mar 2023,Q1,2023 Q1,FY2023,2023-03,2023-03-27,No,No
2023-03-28,20230328,Tuesday,Tue,28,2,No,13,3,March,Mar,Mar 2023,Q1,2023 Q1,FY2023,2023-03,2023-03-28,No,No
2023-03-29,20230329,Wednesday,Wed,29,3,No,13,3,March,Mar,Mar 2023,Q1,2023 Q1,FY2023,2023-03,2023-03-29,No,No
2023-03-30,20230330,Thursday,Thu,30,4,No,13,3,March,Mar,Mar 2023,Q1,2023 Q1,FY2023,2023-03,2023-03-30,No,No
2023-03-31,20230331,Friday,Fri,31,5,No,13,3,March,Mar,Mar 2023,Q1,2023 Q1,FY2023,2023-03,2023-03-31,Yes,No
2023-04-01,20230401,Saturday,Sat,1,6,Yes,13,4,April,Apr,Apr 2023,Q2,2023 Q2,FY2023,2023-04,2023-04-01,No,No
2023-04-02,20230402,Sunday,Sun,2,7,Yes,13,4,April,Apr,Apr 2023,Q2,2023 Q2,FY2023,2023-04,2023-04-02,No,No
2023-04-03,20230403,Monday,Mon,3,1,No,14,4,April,Apr,Apr 2023,Q2,2023 Q2,FY2023,2023-04,2023-04-03,No,No
2023-04-04,20230404,Tuesday,Tue,4,2,No,14,4,April,Apr,Apr 2023,Q2,2023 Q2,FY2023,2023-04,2023-04-04,No,No
2023-04-05,20230405,Wednesday,Wed,5,3,No,14,4,April,Apr,Apr 2023,Q2,2023 Q2,FY2023,2023-04,2023-04-05,No,No
2023-04-06,20230406,Thursday,Thu,6,4,No,14,4,April,Apr,Apr 2023,Q2,2023 Q2,FY2023,2023-04,2023-04-06,No,No
2023-04-07,20230407,Friday,Fri,7,5,No,14,4,April,Apr,Apr 2023,Q2,2023 Q2,FY2023,2023-04,2023-04-07,No,No
2023-04-08,20230408,Saturday,Sat,8,6,Yes,14,4,April,Apr,Apr 2023,Q2,2023 Q2,FY2023,2023-04,2023-04-08,No,No
2023-04-09,20230409,Sunday,Sun,9,7,Yes,14,4,April,Apr,Apr 2023,Q2,2023 Q2,FY2023,2023-04,2023-04-09,No,No
2023-04-10,20230410,Monday,Mon,10,1,No,15,4,April,Apr,Apr 2023,Q2,2023 Q2,FY2023,2023-04,2023-04-10,No,No
2023-04-11,20230411,Tuesday,Tue,11,2,No,15,4,April,Apr,Apr 2023,Q2,2023 Q2,FY2023,2023-04,2023-04-11,No,No
2023-04-12,20230412,Wednesday,Wed,12,3,No,15,4,April,Apr,Apr 2023,Q2,2023 Q2,FY2023,2023-04,2023-04-12,No,No
2023-04-13,20230413,Thursday,Thu,13,4,No,15,4,April,Apr,Apr 2023,Q2,2023 Q2,FY2023,2023-04,2023-04-13,No,No
2023-04-14,20230414,Friday,Fri,14,5,No,15,4,April,Apr,Apr 2023,Q2,2023 Q2,FY2023,2023-04,2023-04-14,No,No
2023-04-15,20230415,Saturday,Sat,15,6,Yes,15,4,April,Apr,Apr 2023,Q2,2023 Q2,FY2023,2023-04,2023-04-15,No,No
2023-04-16,20230416,Sunday,Sun,16,7,Yes,15,4,April,Apr,Apr 2023,Q2,2023 Q2,FY2023,2023-04,2023-04-16,No,No
2023-04-17,20230417,Monday,Mon,17,1,No,16,4,April,Apr,Apr 2023,Q2,2023 Q2,FY2023,2023-04,2023-04-17,No,No
2023-04-18,20230418,Tuesday,Tue,18,2,No,16,4,April,Apr,Apr 2023,Q2,2023 Q2,FY2023,2023-04,2023-04-18,No,No
2023-04-19,20230419,Wednesday,Wed,19,3,No,16,4,April,Apr,Apr 2023,Q2,2023 Q2,FY2023,2023-04,2023-04-19,No,No
2023-04-20,20230420,Thursday,Thu,20,4,No,16,4,April,Apr,Apr 2023,Q2,2023 Q2,FY2023,2023-04,2023-04-20,No,No
2023-04-21,20230421,Friday,Fri,21,5,No,16,4,April,Apr,Apr 2023,Q2,2023 Q2,FY2023,2023-04,2023-04-21,No,No
2023-04-22,20230422,Saturday,Sat,22,6,Yes,16,4,April,Apr,Apr 2023,Q2,2023 Q2,FY2023,2023-04,2023-04-22,No,No
2023-04-23,20230423,Sunday,Sun,23,7,Yes,16,4,April,Apr,Apr 2023,Q2,2023 Q2,FY2023,2023-04,2023-04-23,No,No
2023-04-24,20230424,Monday,Mon,24,1,No,17,4,April,Apr,Apr 2023,Q2,2023 Q2,FY2023,2023-04,2023-04-24,No,No
2023-04-25,20230425,Tuesday,Tue,25,2,No,17,4,April,Apr,Apr 2023,Q2,2023 Q2,FY2023,2023-04,2023-04-25,No,No
2023-04-26,20230426,Wednesday,Wed,26,3,No,17,4,April,Apr,Apr 2023,Q2,2023 Q2,FY2023,2023-04,2023-04-26,No,No
2023-04-27,20230427,Thursday,Thu,27,4,No,17,4,April,Apr,Apr 2023,Q2,2023 Q2,FY2023,2023-04,2023-04-27,No,No
2023-04-28,20230428,Friday,Fri,28,5,No,17,4,April,Apr,Apr 2023,Q2,2023 Q2,FY2023,2023-04,2023-04-28,No,No
2023-04-29,20230429,Saturday,Sat,29,6,Yes,17,4,April,Apr,Apr 2023,Q2,2023 Q2,FY2023,2023-04,2023-04-29,No,No
2023-04-30,20230430,Sunday,Sun,30,7,Yes,17,4,April,Apr,Apr 2023,Q2,2023 Q2,FY2023,2023-04,2023-04-30,Yes,No
2023-05-01,20230501,Monday,Mon,1,1,No,18,5,May,May,May 2023,Q2,2023 Q2,FY2023,2023-05,2023-05-01,No,No
2023-05-02,20230502,Tuesday,Tue,2,2,No,18,5,May,May,May 2023,Q2,2023 Q2,FY2023,2023-05,2023-05-02,No,No
2023-05-03,20230503,Wednesday,Wed,3,3,No,18,5,May,May,May 2023,Q2,2023 Q2,FY2023,2023-05,2023-05-03,No,No
2023-05-04,20230504,Thursday,Thu,4,4,No,18,5,May,May,May 2023,Q2,2023 Q2,FY2023,2023-05,2023-05-04,No,No
2023-05-05,20230505,Friday,Fri,5,5,No,18,5,May,May,May 2023,Q2,2023 Q2,FY2023,2023-05,2023-05-05,No,No
2023-05-06,20230506,Saturday,Sat,6,6,Yes,18,5,May,May,May 2023,Q2,2023 Q2,FY2023,2023-05,2023-05-06,No,No
2023-05-07,20230507,Sunday,Sun,7,7,Yes,18,5,May,May,May 2023,Q2,2023 Q2,FY2023,2023-05,2023-05-07,No,No
2023-05-08,20230508,Monday,Mon,8,1,No,19,5,May,May,May 2023,Q2,2023 Q2,FY2023,2023-05,2023-05-08,No,No
2023-05-09,20230509,Tuesday,Tue,9,2,No,19,5,May,May,May 2023,Q2,2023 Q2,FY2023,2023-05,2023-05-09,No,No
2023-05-10,20230510,Wednesday,Wed,10,3,No,19,5,May,May,May 2023,Q2,2023 Q2,FY2023,2023-05,2023-05-10,No,No
2023-05-11,20230511,Thursday,Thu,11,4,No,19,5,May,May,May 2023,Q2,2023 Q2,FY2023,2023-05,2023-05-11,No,No
2023-05-12,20230512,Friday,Fri,12,5,No,19,5,May,May,May 2023,Q2,2023 Q2,FY2023,2023-05,2023-05-12,No,No
2023-05-13,20230513,Saturday,Sat,13,6,Yes,19,5,May,May,May 2023,Q2,2023 Q2,FY2023,2023-05,2023-05-13,No,No
2023-05-14,20230514,Sunday,Sun,14,7,Yes,19,5,May,May,May 2023,Q2,2023 Q2,FY2023,2023-05,2023-05-14,No,No
2023-05-15,20230515,Monday,Mon,15,1,No,20,5,May,May,May 2023,Q2,2023 Q2,FY2023,2023-05,2023-05-15,No,No
2023-05-16,20230516,Tuesday,Tue,16,2,No,20,5,May,May,May 2023,Q2,2023 Q2,FY2023,2023-05,2023-05-16,No,No
2023-05-17,20230517,Wednesday,Wed,17,3,No,20,5,May,May,May 2023,Q2,2023 Q2,FY2023,2023-05,2023-05-17,No,No
2023-05-18,20230518,Thursday,Thu,18,4,No,20,5,May,May,May 2023,Q2,2023 Q2,FY2023,2023-05,2023-05-18,No,No
2023-05-19,20230519,Friday,Fri,19,5,No,20,5,May,May,May 2023,Q2,2023 Q2,FY2023,2023-05,2023-05-19,No,No
2023-05-20,20230520,Saturday,Sat,20,6,Yes,20,5,May,May,May 2023,Q2,2023 Q2,FY2023,2023-05,2023-05-20,No,No
2023-05-21,20230521,Sunday,Sun,21,7,Yes,20,5,May,May,May 2023,Q2,2023 Q2,FY2023,2023-05,2023-05-21,No,No
2023-05-22,20230522,Monday,Mon,22,1,No,21,5,May,May,May 2023,Q2,2023 Q2,FY2023,2023-05,2023-05-22,No,No
2023-05-23,20230523,Tuesday,Tue,23,2,No,21,5,May,May,May 2023,Q2,2023 Q2,FY2023,2023-05,2023-05-23,No,No
2023-05-24,20230524,Wednesday,Wed,24,3,No,21,5,May,May,May 2023,Q2,2023 Q2,FY2023,2023-05,2023-05-24,No,No
2023-05-25,20230525,Thursday,Thu,25,4,No,21,5,May,May,May 2023,Q2,2023 Q2,FY2023,2023-05,2023-05-25,No,No
2023-05-26,20230526,Friday,Fri,26,5,No,21,5,May,May,May 2023,Q2,2023 Q2,FY2023,2023-05,2023-05-26,No,No
2023-05-27,20230527,Saturday,Sat,27,6,Yes,21,5,May,May,May 2023,Q2,2023 Q2,FY2023,2023-05,2023-05-27,No,No
2023-05-28,20230528,Sunday,Sun,28,7,Yes,21,5,May,May,May 2023,Q2,2023 Q2,FY2023,2023-05,2023-05-28,No,No
2023-05-29,20230529,Monday,Mon,29,1,No,22,5,May,May,May 2023,Q2,2023 Q2,FY2023,2023-05,2023-05-29,No,No
2023-05-30,20230530,Tuesday,Tue,30,2,No,22,5,May,May,May 2023,Q2,2023 Q2,FY2023,2023-05,2023-05-30,No,No
2023-05-31,20230531,Wednesday,Wed,31,3,No,22,5,May,May,May 2023,Q2,2023 Q2,FY2023,2023-05,2023-05-31,Yes,No
2023-06-01,20230601,Thursday,Thu,1,4,No,22,6,June,Jun,Jun 2023,Q2,2023 Q2,FY2023,2023-06,2023-06-01,No,No
2023-06-02,20230602,Friday,Fri,2,5,No,22,6,June,Jun,Jun 2023,Q2,2023 Q2,FY2023,2023-06,2023-06-02,No,No
2023-06-03,20230603,Saturday,Sat,3,6,Yes,22,6,June,Jun,Jun 2023,Q2,2023 Q2,FY2023,2023-06,2023-06-03,No,No
2023-06-04,20230604,Sunday,Sun,4,7,Yes,22,6,June,Jun,Jun 2023,Q2,2023 Q2,FY2023,2023-06,2023-06-04,No,No
2023-06-05,20230605,Monday,Mon,5,1,No,23,6,June,Jun,Jun 2023,Q2,2023 Q2,FY2023,2023-06,2023-06-05,No,No
2023-06-06,20230606,Tuesday,Tue,6,2,No,23,6,June,Jun,Jun 2023,Q2,2023 Q2,FY2023,2023-06,2023-06-06,No,No
2023-06-07,20230607,Wednesday,Wed,7,3,No,23,6,June,Jun,Jun 2023,Q2,2023 Q2,FY2023,2023-06,2023-06-07,No,No
2023-06-08,20230608,Thursday,Thu,8,4,No,23,6,June,Jun,Jun 2023,Q2,2023 Q2,FY2023,2023-06,2023-06-08,No,No
2023-06-09,20230609,Friday,Fri,9,5,No,23,6,June,Jun,Jun 2023,Q2,2023 Q2,FY2023,2023-06,2023-06-09,No,No
2023-06-10,20230610,Saturday,Sat,10,6,Yes,23,6,June,Jun,Jun 2023,Q2,2023 Q2,FY2023,2023-06,2023-06-10,No,No
2023-06-11,20230611,Sunday,Sun,11,7,Yes,23,6,June,Jun,Jun 2023,Q2,2023 Q2,FY2023,2023-06,2023-06-11,No,No
2023-06-12,20230612,Monday,Mon,12,1,No,24,6,June,Jun,Jun 2023,Q2,2023 Q2,FY2023,2023-06,2023-06-12,No,No
2023-06-13,20230613,Tuesday,Tue,13,2,No,24,6,June,Jun,Jun 2023,Q2,2023 Q2,FY2023,2023-06,2023-06-13,No,No
2023-06-14,20230614,Wednesday,Wed,14,3,No,24,6,June,Jun,Jun 2023,Q2,2023 Q2,FY2023,2023-06,2023-06-14,No,No
2023-06-15,20230615,Thursday,Thu,15,4,No,24,6,June,Jun,Jun 2023,Q2,2023 Q2,FY2023,2023-06,2023-06-15,No,No
2023-06-16,20230616,Friday,Fri,16,5,No,24,6,June,Jun,Jun 2023,Q2,2023 Q2,FY2023,2023-06,2023-06-16,No,No
2023-06-17,20230617,Saturday,Sat,17,6,Yes,24,6,June,Jun,Jun 2023,Q2,2023 Q2,FY2023,2023-06,2023-06-17,No,No
2023-06-18,20230618,Sunday,Sun,18,7,Yes,24,6,June,Jun,Jun 2023,Q2,2023 Q2,FY2023,2023-06,2023-06-18,No,No
2023-06-19,20230619,Monday,Mon,19,1,No,25,6,June,Jun,Jun 2023,Q2,2023 Q2,FY2023,2023-06,2023-06-19,No,No
2023-06-20,20230620,Tuesday,Tue,20,2,No,25,6,June,Jun,Jun 2023,Q2,2023 Q2,FY2023,2023-06,2023-06-20,No,No
2023-06-21,20230621,Wednesday,Wed,21,3,No,25,6,June,Jun,Jun 2023,Q2,2023 Q2,FY2023,2023-06,2023-06-21,No,No
2023-06-22,20230622,Thursday,Thu,22,4,No,25,6,June,Jun,Jun 2023,Q2,2023 Q2,FY2023,2023-06,2023-06-22,No,No
2023-06-23,20230623,Friday,Fri,23,5,No,25,6,June,Jun,Jun 2023,Q2,2023 Q2,FY2023,2023-06,2023-06-23,No,No
2023-06-24,20230624,Saturday,Sat,24,6,Yes,25,6,June,Jun,Jun 2023,Q2,2023 Q2,FY2023,2023-06,2023-06-24,No,No
2023-06-25,20230625,Sunday,Sun,25,7,Yes,25,6,June,Jun,Jun 2023,Q2,2023 Q2,FY2023,2023-06,2023-06-25,No,No
2023-06-26,20230626,Monday,Mon,26,1,No,26,6,June,Jun,Jun 2023,Q2,2023 Q2,FY2023,2023-06,2023-06-26,No,No
2023-06-27,20230627,Tuesday,Tue,27,2,No,26,6,June,Jun,Jun 2023,Q2,2023 Q2,FY2023,2023-06,2023-06-27,No,No
2023-06-28,20230628,Wednesday,Wed,28,3,No,26,6,June,Jun,Jun 2023,Q2,2023 Q2,FY2023,2023-06,2023-06-28,No,No
2023-06-29,20230629,Thursday,Thu,29,4,No,26,6,June,Jun,Jun 2023,Q2,2023 Q2,FY2023,2023-06,2023-06-29,No,No
2023-06-30,20230630,Friday,Fri,30,5,No,26,6,June,Jun,Jun 2023,Q2,2023 Q2,FY2023,2023-06,2023-06-30,Yes,No
2023-07-01,20230701,Saturday,Sat,1,6,Yes,26,7,July,Jul,Jul 2023,Q3,2023 Q3,FY2023,2023-07,2023-07-01,No,No
2023-07-02,20230702,Sunday,Sun,2,7,Yes,26,7,July,Jul,Jul 2023,Q3,2023 Q3,FY2023,2023-07,2023-07-02,No,No
2023-07-03,20230703,Monday,Mon,3,1,No,27,7,July,Jul,Jul 2023,Q3,2023 Q3,FY2023,2023-07,2023-07-03,No,No
2023-07-04,20230704,Tuesday,Tue,4,2,No,27,7,July,Jul,Jul 2023,Q3,2023 Q3,FY2023,2023-07,2023-07-04,No,No
2023-07-05,20230705,Wednesday,Wed,5,3,No,27,7,July,Jul,Jul 2023,Q3,2023 Q3,FY2023,2023-07,2023-07-05,No,No
2023-07-06,20230706,Thursday,Thu,6,4,No,27,7,July,Jul,Jul 2023,Q3,2023 Q3,FY2023,2023-07,2023-07-06,No,No
2023-07-07,20230707,Friday,Fri,7,5,No,27,7,July,Jul,Jul 2023,Q3,2023 Q3,FY2023,2023-07,2023-07-07,No,No
2023-07-08,20230708,Saturday,Sat,8,6,Yes,27,7,July,Jul,Jul 2023,Q3,2023 Q3,FY2023,2023-07,2023-07-08,No,No
2023-07-09,20230709,Sunday,Sun,9,7,Yes,27,7,July,Jul,Jul 2023,Q3,2023 Q3,FY2023,2023-07,2023-07-09,No,No
2023-07-10,20230710,Monday,Mon,10,1,No,28,7,July,Jul,Jul 2023,Q3,2023 Q3,FY2023,2023-07,2023-07-10,No,No
2023-07-11,20230711,Tuesday,Tue,11,2,No,28,7,July,Jul,Jul 2023,Q3,2023 Q3,FY2023,2023-07,2023-07-11,No,No
2023-07-12,20230712,Wednesday,Wed,12,3,No,28,7,July,Jul,Jul 2023,Q3,2023 Q3,FY2023,2023-07,2023-07-12,No,No
2023-07-13,20230713,Thursday,Thu,13,4,No,28,7,July,Jul,Jul 2023,Q3,2023 Q3,FY2023,2023-07,2023-07-13,No,No
2023-07-14,20230714,Friday,Fri,14,5,No,28,7,July,Jul,Jul 2023,Q3,2023 Q3,FY2023,2023-07,2023-07-14,No,No
2023-07-15,20230715,Saturday,Sat,15,6,Yes,28,7,July,Jul,Jul 2023,Q3,2023 Q3,FY2023,2023-07,2023-07-15,No,No
2023-07-16,20230716,Sunday,Sun,16,7,Yes,28,7,July,Jul,Jul 2023,Q3,2023 Q3,FY2023,2023-07,2023-07-16,No,No
2023-07-17,20230717,Monday,Mon,17,1,No,29,7,July,Jul,Jul 2023,Q3,2023 Q3,FY2023,2023-07,2023-07-17,No,No
2023-07-18,20230718,Tuesday,Tue,18,2,No,29,7,July,Jul,Jul 2023,Q3,2023 Q3,FY2023,2023-07,2023-07-18,No,No
2023-07-19,20230719,Wednesday,Wed,19,3,No,29,7,July,Jul,Jul 2023,Q3,2023 Q3,FY2023,2023-07,2023-07-19,No,No
2023-07-20,20230720,Thursday,Thu,20,4,No,29,7,July,Jul,Jul 2023,Q3,2023 Q3,FY2023,2023-07,2023-07-20,No,No
2023-07-21,20230721,Friday,Fri,21,5,No,29,7,July,Jul,Jul 2023,Q3,2023 Q3,FY2023,2023-07,2023-07-21,No,No
2023-07-22,20230722,Saturday,Sat,22,6,Yes,29,7,July,Jul,Jul 2023,Q3,2023 Q3,FY2023,2023-07,2023-07-22,No,No
2023-07-23,20230723,Sunday,Sun,23,7,Yes,29,7,July,Jul,Jul 2023,Q3,2023 Q3,FY2023,2023-07,2023-07-23,No,No
2023-07-24,20230724,Monday,Mon,24,1,No,30,7,July,Jul,Jul 2023,Q3,2023 Q3,FY2023,2023-07,2023-07-24,No,No
2023-07-25,20230725,Tuesday,Tue,25,2,No,30,7,July,Jul,Jul 2023,Q3,2023 Q3,FY2023,2023-07,2023-07-25,No,No
2023-07-26,20230726,Wednesday,Wed,26,3,No,30,7,July,Jul,Jul 2023,Q3,2023 Q3,FY2023,2023-07,2023-07-26,No,No
2023-07-27,20230727,Thursday,Thu,27,4,No,30,7,July,Jul,Jul 2023,Q3,2023 Q3,FY2023,2023-07,2023-07-27,No,No
2023-07-28,20230728,Friday,Fri,28,5,No,30,7,July,Jul,Jul 2023,Q3,2023 Q3,FY2023,2023-07,2023-07-28,No,No
2023-07-29,20230729,Saturday,Sat,29,6,Yes,30,7,July,Jul,Jul 2023,Q3,2023 Q3,FY2023,2023-07,2023-07-29,No,No
2023-07-30,20230730,Sunday,Sun,30,7,Yes,30,7,July,Jul,Jul 2023,Q3,2023 Q3,FY2023,2023-07,2023-07-30,No,No
2023-07-31,20230731,Monday,Mon,31,1,No,31,7,July,Jul,Jul 2023,Q3,2023 Q3,FY2023,2023-07,2023-07-31,Yes,No
2023-08-01,20230801,Tuesday,Tue,1,2,No,31,8,August,Aug,Aug 2023,Q3,2023 Q3,FY2023,2023-08,2023-08-01,No,No
2023-08-02,20230802,Wednesday,Wed,2,3,No,31,8,August,Aug,Aug 2023,Q3,2023 Q3,FY2023,2023-08,2023-08-02,No,No
2023-08-03,20230803,Thursday,Thu,3,4,No,31,8,August,Aug,Aug 2023,Q3,2023 Q3,FY2023,2023-08,2023-08-03,No,No
2023-08-04,20230804,Friday,Fri,4,5,No,31,8,August,Aug,Aug 2023,Q3,2023 Q3,FY2023,2023-08,2023-08-04,No,No
2023-08-05,20230805,Saturday,Sat,5,6,Yes,31,8,August,Aug,Aug 2023,Q3,2023 Q3,FY2023,2023-08,2023-08-05,No,No
2023-08-06,20230806,Sunday,Sun,6,7,Yes,31,8,August,Aug,Aug 2023,Q3,2023 Q3,FY2023,2023-08,2023-08-06,No,No
2023-08-07,20230807,Monday,Mon,7,1,No,32,8,August,Aug,Aug 2023,Q3,2023 Q3,FY2023,2023-08,2023-08-07,No,No
2023-08-08,20230808,Tuesday,Tue,8,2,No,32,8,August,Aug,Aug 2023,Q3,2023 Q3,FY2023,2023-08,2023-08-08,No,No
2023-08-09,20230809,Wednesday,Wed,9,3,No,32,8,August,Aug,Aug 2023,Q3,2023 Q3,FY2023,2023-08,2023-08-09,No,No
2023-08-10,20230810,Thursday,Thu,10,4,No,32,8,August,Aug,Aug 2023,Q3,2023 Q3,FY2023,2023-08,2023-08-10,No,No
2023-08-11,20230811,Friday,Fri,11,5,No,32,8,August,Aug,Aug 2023,Q3,2023 Q3,FY2023,2023-08,2023-08-11,No,No
2023-08-12,20230812,Saturday,Sat,12,6,Yes,32,8,August,Aug,Aug 2023,Q3,2023 Q3,FY2023,2023-08,2023-08-12,No,No
2023-08-13,20230813,Sunday,Sun,13,7,Yes,32,8,August,Aug,Aug 2023,Q3,2023 Q3,FY2023,2023-08,2023-08-13,No,No
2023-08-14,20230814,Monday,Mon,14,1,No,33,8,August,Aug,Aug 2023,Q3,2023 Q3,FY2023,2023-08,2023-08-14,No,No
2023-08-15,20230815,Tuesday,Tue,15,2,No,33,8,August,Aug,Aug 2023,Q3,2023 Q3,FY2023,2023-08,2023-08-15,No,No
2023-08-16,20230816,Wednesday,Wed,16,3,No,33,8,August,Aug,Aug 2023,Q3,2023 Q3,FY2023,2023-08,2023-08-16,No,No
2023-08-17,20230817,Thursday,Thu,17,4,No,33,8,August,Aug,Aug 2023,Q3,2023 Q3,FY2023,2023-08,2023-08-17,No,No
2023-08-18,20230818,Friday,Fri,18,5,No,33,8,August,Aug,Aug 2023,Q3,2023 Q3,FY2023,2023-08,2023-08-18,No,No
2023-08-19,20230819,Saturday,Sat,19,6,Yes,33,8,August,Aug,Aug 2023,Q3,2023 Q3,FY2023,2023-08,2023-08-19,No,No
2023-08-20,20230820,Sunday,Sun,20,7,Yes,33,8,August,Aug,Aug 2023,Q3,2023 Q3,FY2023,2023-08,2023-08-20,No,No
2023-08-21,20230821,Monday,Mon,21,1,No,34,8,August,Aug,Aug 2023,Q3,2023 Q3,FY2023,2023-08,2023-08-21,No,No
2023-08-22,20230822,Tuesday,Tue,22,2,No,34,8,August,Aug,Aug 2023,Q3,2023 Q3,FY2023,2023-08,2023-08-22,No,No
2023-08-23,20230823,Wednesday,Wed,23,3,No,34,8,August,Aug,Aug 2023,Q3,2023 Q3,FY2023,2023-08,2023-08-23,No,No
2023-08-24,20230824,Thursday,Thu,24,4,No,34,8,August,Aug,Aug 2023,Q3,2023 Q3,FY2023,2023-08,2023-08-24,No,No
2023-08-25,20230825,Friday,Fri,25,5,No,34,8,August,Aug,Aug 2023,Q3,2023 Q3,FY2023,2023-08,2023-08-25,No,No
2023-08-26,20230826,Saturday,Sat,26,6,Yes,34,8,August,Aug,Aug 2023,Q3,2023 Q3,FY2023,2023-08,2023-08-26,No,No
2023-08-27,20230827,Sunday,Sun,27,7,Yes,34,8,August,Aug,Aug 2023,Q3,2023 Q3,FY2023,2023-08,2023-08-27,No,No
2023-08-28,20230828,Monday,Mon,28,1,No,35,8,August,Aug,Aug 2023,Q3,2023 Q3,FY2023,2023-08,2023-08-28,No,No
2023-08-29,20230829,Tuesday,Tue,29,2,No,35,8,August,Aug,Aug 2023,Q3,2023 Q3,FY2023,2023-08,2023-08-29,No,No
2023-08-30,20230830,Wednesday,Wed,30,3,No,35,8,August,Aug,Aug 2023,Q3,2023 Q3,FY2023,2023-08,2023-08-30,No,No
2023-08-31,20230831,Thursday,Thu,31,4,No,35,8,August,Aug,Aug 2023,Q3,2023 Q3,FY2023,2023-08,2023-08-31,Yes,No
2023-09-01,20230901,Friday,Fri,1,5,No,35,9,September,Sep,Sep 2023,Q3,2023 Q3,FY2023,2023-09,2023-09-01,No,No
2023-09-02,20230902,Saturday,Sat,2,6,Yes,35,9,September,Sep,Sep 2023,Q3,2023 Q3,FY2023,2023-09,2023-09-02,No,No
2023-09-03,20230903,Sunday,Sun,3,7,Yes,35,9,September,Sep,Sep 2023,Q3,2023 Q3,FY2023,2023-09,2023-09-03,No,No
2023-09-04,20230904,Monday,Mon,4,1,No,36,9,September,Sep,Sep 2023,Q3,2023 Q3,FY2023,2023-09,2023-09-04,No,No
2023-09-05,20230905,Tuesday,Tue,5,2,No,36,9,September,Sep,Sep 2023,Q3,2023 Q3,FY2023,2023-09,2023-09-05,No,No
2023-09-06,20230906,Wednesday,Wed,6,3,No,36,9,September,Sep,Sep 2023,Q3,2023 Q3,FY2023,2023-09,2023-09-06,No,No
2023-09-07,20230907,Thursday,Thu,7,4,No,36,9,September,Sep,Sep 2023,Q3,2023 Q3,FY2023,2023-09,2023-09-07,No,No
2023-09-08,20230908,Friday,Fri,8,5,No,36,9,September,Sep,Sep 2023,Q3,2023 Q3,FY2023,2023-09,2023-09-08,No,No
2023-09-09,20230909,Saturday,Sat,9,6,Yes,36,9,September,Sep,Sep 2023,Q3,2023 Q3,FY2023,2023-09,2023-09-09,No,No
2023-09-10,20230910,Sunday,Sun,10,7,Yes,36,9,September,Sep,Sep 2023,Q3,2023 Q3,FY2023,2023-09,2023-09-10,No,No
2023-09-11,20230911,Monday,Mon,11,1,No,37,9,September,Sep,Sep 2023,Q3,2023 Q3,FY2023,2023-09,2023-09-11,No,No
2023-09-12,20230912,Tuesday,Tue,12,2,No,37,9,September,Sep,Sep 2023,Q3,2023 Q3,FY2023,2023-09,2023-09-12,No,No
2023-09-13,20230913,Wednesday,Wed,13,3,No,37,9,September,Sep,Sep 2023,Q3,2023 Q3,FY2023,2023-09,2023-09-13,No,No
2023-09-14,20230914,Thursday,Thu,14,4,No,37,9,September,Sep,Sep 2023,Q3,2023 Q3,FY2023,2023-09,2023-09-14,No,No
2023-09-15,20230915,Friday,Fri,15,5,No,37,9,September,Sep,Sep 2023,Q3,2023 Q3,FY2023,2023-09,2023-09-15,No,No
2023-09-16,20230916,Saturday,Sat,16,6,Yes,37,9,September,Sep,Sep 2023,Q3,2023 Q3,FY2023,2023-09,2023-09-16,No,No
2023-09-17,20230917,Sunday,Sun,17,7,Yes,37,9,September,Sep,Sep 2023,Q3,2023 Q3,FY2023,2023-09,2023-09-17,No,No
2023-09-18,20230918,Monday,Mon,18,1,No,38,9,September,Sep,Sep 2023,Q3,2023 Q3,FY2023,2023-09,2023-09-18,No,No
2023-09-19,20230919,Tuesday,Tue,19,2,No,38,9,September,Sep,Sep 2023,Q3,2023 Q3,FY2023,2023-09,2023-09-19,No,No
2023-09-20,20230920,Wednesday,Wed,20,3,No,38,9,September,Sep,Sep 2023,Q3,2023 Q3,FY2023,2023-09,2023-09-20,No,No
2023-09-21,20230921,Thursday,Thu,21,4,No,38,9,September,Sep,Sep 2023,Q3,2023 Q3,FY2023,2023-09,2023-09-21,No,No
2023-09-22,20230922,Friday,Fri,22,5,No,38,9,September,Sep,Sep 2023,Q3,2023 Q3,FY2023,2023-09,2023-09-22,No,No
2023-09-23,20230923,Saturday,Sat,23,6,Yes,38,9,September,Sep,Sep 2023,Q3,2023 Q3,FY2023,2023-09,2023-09-23,No,No
2023-09-24,20230924,Sunday,Sun,24,7,Yes,38,9,September,Sep,Sep 2023,Q3,2023 Q3,FY2023,2023-09,2023-09-24,No,No
2023-09-25,20230925,Monday,Mon,25,1,No,39,9,September,Sep,Sep 2023,Q3,2023 Q3,FY2023,2023-09,2023-09-25,No,No
2023-09-26,20230926,Tuesday,Tue,26,2,No,39,9,September,Sep,Sep 2023,Q3,2023 Q3,FY2023,2023-09,2023-09-26,No,No
2023-09-27,20230927,Wednesday,Wed,27,3,No,39,9,September,Sep,Sep 2023,Q3,2023 Q3,FY2023,2023-09,2023-09-27,No,No
2023-09-28,20230928,Thursday,Thu,28,4,No,39,9,September,Sep,Sep 2023,Q3,2023 Q3,FY2023,2023-09,2023-09-28,No,No
2023-09-29,20230929,Friday,Fri,29,5,No,39,9,September,Sep,Sep 2023,Q3,2023 Q3,FY2023,2023-09,2023-09-29,No,No
2023-09-30,20230930,Saturday,Sat,30,6,Yes,39,9,September,Sep,Sep 2023,Q3,2023 Q3,FY2023,2023-09,2023-09-30,Yes,No
2023-10-01,20231001,Sunday,Sun,1,7,Yes,39,10,October,Oct,Oct 2023,Q4,2023 Q4,FY2023,2023-10,2023-10-01,No,No
2023-10-02,20231002,Monday,Mon,2,1,No,40,10,October,Oct,Oct 2023,Q4,2023 Q4,FY2023,2023-10,2023-10-02,No,No
2023-10-03,20231003,Tuesday,Tue,3,2,No,40,10,October,Oct,Oct 2023,Q4,2023 Q4,FY2023,2023-10,2023-10-03,No,No
2023-10-04,20231004,Wednesday,Wed,4,3,No,40,10,October,Oct,Oct 2023,Q4,2023 Q4,FY2023,2023-10,2023-10-04,No,No
2023-10-05,20231005,Thursday,Thu,5,4,No,40,10,October,Oct,Oct 2023,Q4,2023 Q4,FY2023,2023-10,2023-10-05,No,No
2023-10-06,20231006,Friday,Fri,6,5,No,40,10,October,Oct,Oct 2023,Q4,2023 Q4,FY2023,2023-10,2023-10-06,No,No
2023-10-07,20231007,Saturday,Sat,7,6,Yes,40,10,October,Oct,Oct 2023,Q4,2023 Q4,FY2023,2023-10,2023-10-07,No,No
2023-10-08,20231008,Sunday,Sun,8,7,Yes,40,10,October,Oct,Oct 2023,Q4,2023 Q4,FY2023,2023-10,2023-10-08,No,No
2023-10-09,20231009,Monday,Mon,9,1,No,41,10,October,Oct,Oct 2023,Q4,2023 Q4,FY2023,2023-10,2023-10-09,No,No
2023-10-10,20231010,Tuesday,Tue,10,2,No,41,10,October,Oct,Oct 2023,Q4,2023 Q4,FY2023,2023-10,2023-10-10,No,No
2023-10-11,20231011,Wednesday,Wed,11,3,No,41,10,October,Oct,Oct 2023,Q4,2023 Q4,FY2023,2023-10,2023-10-11,No,No
2023-10-12,20231012,Thursday,Thu,12,4,No,41,10,October,Oct,Oct 2023,Q4,2023 Q4,FY2023,2023-10,2023-10-12,No,No
2023-10-13,20231013,Friday,Fri,13,5,No,41,10,October,Oct,Oct 2023,Q4,2023 Q4,FY2023,2023-10,2023-10-13,No,No
2023-10-14,20231014,Saturday,Sat,14,6,Yes,41,10,October,Oct,Oct 2023,Q4,2023 Q4,FY2023,2023-10,2023-10-14,No,No
2023-10-15,20231015,Sunday,Sun,15,7,Yes,41,10,October,Oct,Oct 2023,Q4,2023 Q4,FY2023,2023-10,2023-10-15,No,No
2023-10-16,20231016,Monday,Mon,16,1,No,42,10,October,Oct,Oct 2023,Q4,2023 Q4,FY2023,2023-10,2023-10-16,No,No
2023-10-17,20231017,Tuesday,Tue,17,2,No,42,10,October,Oct,Oct 2023,Q4,2023 Q4,FY2023,2023-10,2023-10-17,No,No
2023-10-18,20231018,Wednesday,Wed,18,3,No,42,10,October,Oct,Oct 2023,Q4,2023 Q4,FY2023,2023-10,2023-10-18,No,No
2023-10-19,20231019,Thursday,Thu,19,4,No,42,10,October,Oct,Oct 2023,Q4,2023 Q4,FY2023,2023-10,2023-10-19,No,No
2023-10-20,20231020,Friday,Fri,20,5,No,42,10,October,Oct,Oct 2023,Q4,2023 Q4,FY2023,2023-10,2023-10-20,No,No
2023-10-21,20231021,Saturday,Sat,21,6,Yes,42,10,October,Oct,Oct 2023,Q4,2023 Q4,FY2023,2023-10,2023-10-21,No,No
2023-10-22,20231022,Sunday,Sun,22,7,Yes,42,10,October,Oct,Oct 2023,Q4,2023 Q4,FY2023,2023-10,2023-10-22,No,No
2023-10-23,20231023,Monday,Mon,23,1,No,43,10,October,Oct,Oct 2023,Q4,2023 Q4,FY2023,2023-10,2023-10-23,No,No
2023-10-24,20231024,Tuesday,Tue,24,2,No,43,10,October,Oct,Oct 2023,Q4,2023 Q4,FY2023,2023-10,2023-10-24,No,No
2023-10-25,20231025,Wednesday,Wed,25,3,No,43,10,October,Oct,Oct 2023,Q4,2023 Q4,FY2023,2023-10,2023-10-25,No,No
2023-10-26,20231026,Thursday,Thu,26,4,No,43,10,October,Oct,Oct 2023,Q4,2023 Q4,FY2023,2023-10,2023-10-26,No,No
2023-10-27,20231027,Friday,Fri,27,5,No,43,10,October,Oct,Oct 2023,Q4,2023 Q4,FY2023,2023-10,2023-10-27,No,No
2023-10-28,20231028,Saturday,Sat,28,6,Yes,43,10,October,Oct,Oct 2023,Q4,2023 Q4,FY2023,2023-10,2023-10-28,No,No
2023-10-29,20231029,Sunday,Sun,29,7,Yes,43,10,October,Oct,Oct 2023,Q4,2023 Q4,FY2023,2023-10,2023-10-29,No,No
2023-10-30,20231030,Monday,Mon,30,1,No,44,10,October,Oct,Oct 2023,Q4,2023 Q4,FY2023,2023-10,2023-10-30,No,No
2023-10-31,20231031,Tuesday,Tue,31,2,No,44,10,October,Oct,Oct 2023,Q4,2023 Q4,FY2023,2023-10,2023-10-31,Yes,No
2023-11-01,20231101,Wednesday,Wed,1,3,No,44,11,November,Nov,Nov 2023,Q4,2023 Q4,FY2023,2023-11,2023-11-01,No,No
2023-11-02,20231102,Thursday,Thu,2,4,No,44,11,November,Nov,Nov 2023,Q4,2023 Q4,FY2023,2023-11,2023-11-02,No,No
2023-11-03,20231103,Friday,Fri,3,5,No,44,11,November,Nov,Nov 2023,Q4,2023 Q4,FY2023,2023-11,2023-11-03,No,No
2023-11-04,20231104,Saturday,Sat,4,6,Yes,44,11,November,Nov,Nov 2023,Q4,2023 Q4,FY2023,2023-11,2023-11-04,No,No
2023-11-05,20231105,Sunday,Sun,5,7,Yes,44,11,November,Nov,Nov 2023,Q4,2023 Q4,FY2023,2023-11,2023-11-05,No,No
2023-11-06,20231106,Monday,Mon,6,1,No,45,11,November,Nov,Nov 2023,Q4,2023 Q4,FY2023,2023-11,2023-11-06,No,No
2023-11-07,20231107,Tuesday,Tue,7,2,No,45,11,November,Nov,Nov 2023,Q4,2023 Q4,FY2023,2023-11,2023-11-07,No,No
2023-11-08,20231108,Wednesday,Wed,8,3,No,45,11,November,Nov,Nov 2023,Q4,2023 Q4,FY2023,2023-11,2023-11-08,No,No
2023-11-09,20231109,Thursday,Thu,9,4,No,45,11,November,Nov,Nov 2023,Q4,2023 Q4,FY2023,2023-11,2023-11-09,No,No
2023-11-10,20231110,Friday,Fri,10,5,No,45,11,November,Nov,Nov 2023,Q4,2023 Q4,FY2023,2023-11,2023-11-10,No,No
2023-11-11,20231111,Saturday,Sat,11,6,Yes,45,11,November,Nov,Nov 2023,Q4,2023 Q4,FY2023,2023-11,2023-11-11,No,No
2023-11-12,20231112,Sunday,Sun,12,7,Yes,45,11,November,Nov,Nov 2023,Q4,2023 Q4,FY2023,2023-11,2023-11-12,No,No
2023-11-13,20231113,Monday,Mon,13,1,No,46,11,November,Nov,Nov 2023,Q4,2023 Q4,FY2023,2023-11,2023-11-13,No,No
2023-11-14,20231114,Tuesday,Tue,14,2,No,46,11,November,Nov,Nov 2023,Q4,2023 Q4,FY2023,2023-11,2023-11-14,No,No
2023-11-15,20231115,Wednesday,Wed,15,3,No,46,11,November,Nov,Nov 2023,Q4,2023 Q4,FY2023,2023-11,2023-11-15,No,No
2023-11-16,20231116,Thursday,Thu,16,4,No,46,11,November,Nov,Nov 2023,Q4,2023 Q4,FY2023,2023-11,2023-11-16,No,No
2023-11-17,20231117,Friday,Fri,17,5,No,46,11,November,Nov,Nov 2023,Q4,2023 Q4,FY2023,2023-11,2023-11-17,No,No
2023-11-18,20231118,Saturday,Sat,18,6,Yes,46,11,November,Nov,Nov 2023,Q4,2023 Q4,FY2023,2023-11,2023-11-18,No,No
2023-11-19,20231119,Sunday,Sun,19,7,Yes,46,11,November,Nov,Nov 2023,Q4,2023 Q4,FY2023,2023-11,2023-11-19,No,No
2023-11-20,20231120,Monday,Mon,20,1,No,47,11,November,Nov,Nov 2023,Q4,2023 Q4,FY2023,2023-11,2023-11-20,No,No
2023-11-21,20231121,Tuesday,Tue,21,2,No,47,11,November,Nov,Nov 2023,Q4,2023 Q4,FY2023,2023-11,2023-11-21,No,No
2023-11-22,20231122,Wednesday,Wed,22,3,No,47,11,November,Nov,Nov 2023,Q4,2023 Q4,FY2023,2023-11,2023-11-22,No,No
2023-11-23,20231123,Thursday,Thu,23,4,No,47,11,November,Nov,Nov 2023,Q4,2023 Q4,FY2023,2023-11,2023-11-23,No,No
2023-11-24,20231124,Friday,Fri,24,5,No,47,11,November,Nov,Nov 2023,Q4,2023 Q4,FY2023,2023-11,2023-11-24,No,No
2023-11-25,20231125,Saturday,Sat,25,6,Yes,47,11,November,Nov,Nov 2023,Q4,2023 Q4,FY2023,2023-11,2023-11-25,No,No
2023-11-26,20231126,Sunday,Sun,26,7,Yes,47,11,November,Nov,Nov 2023,Q4,2023 Q4,FY2023,2023-11,2023-11-26,No,No
2023-11-27,20231127,Monday,Mon,27,1,No,48,11,November,Nov,Nov 2023,Q4,2023 Q4,FY2023,2023-11,2023-11-27,No,No
2023-11-28,20231128,Tuesday,Tue,28,2,No,48,11,November,Nov,Nov 2023,Q4,2023 Q4,FY2023,2023-11,2023-11-28,No,No
2023-11-29,20231129,Wednesday,Wed,29,3,No,48,11,November,Nov,Nov 2023,Q4,2023 Q4,FY2023,2023-11,2023-11-29,No,No
2023-11-30,20231130,Thursday,Thu,30,4,No,48,11,November,Nov,Nov 2023,Q4,2023 Q4,FY2023,2023-11,2023-11-30,Yes,No
2023-12-01,20231201,Friday,Fri,1,5,No,48,12,December,Dec,Dec 2023,Q4,2023 Q4,FY2023,2023-12,2023-12-01,No,No
2023-12-02,20231202,Saturday,Sat,2,6,Yes,48,12,December,Dec,Dec 2023,Q4,2023 Q4,FY2023,2023-12,2023-12-02,No,No
2023-12-03,20231203,Sunday,Sun,3,7,Yes,48,12,December,Dec,Dec 2023,Q4,2023 Q4,FY2023,2023-12,2023-12-03,No,No
2023-12-04,20231204,Monday,Mon,4,1,No,49,12,December,Dec,Dec 2023,Q4,2023 Q4,FY2023,2023-12,2023-12-04,No,No
2023-12-05,20231205,Tuesday,Tue,5,2,No,49,12,December,Dec,Dec 2023,Q4,2023 Q4,FY2023,2023-12,2023-12-05,No,No
2023-12-06,20231206,Wednesday,Wed,6,3,No,49,12,December,Dec,Dec 2023,Q4,2023 Q4,FY2023,2023-12,2023-12-06,No,No
2023-12-07,20231207,Thursday,Thu,7,4,No,49,12,December,Dec,Dec 2023,Q4,2023 Q4,FY2023,2023-12,2023-12-07,No,No
2023-12-08,20231208,Friday,Fri,8,5,No,49,12,December,Dec,Dec 2023,Q4,2023 Q4,FY2023,2023-12,2023-12-08,No,No
2023-12-09,20231209,Saturday,Sat,9,6,Yes,49,12,December,Dec,Dec 2023,Q4,2023 Q4,FY2023,2023-12,2023-12-09,No,No
2023-12-10,20231210,Sunday,Sun,10,7,Yes,49,12,December,Dec,Dec 2023,Q4,2023 Q4,FY2023,2023-12,2023-12-10,No,No
2023-12-11,20231211,Monday,Mon,11,1,No,50,12,December,Dec,Dec 2023,Q4,2023 Q4,FY2023,2023-12,2023-12-11,No,No
2023-12-12,20231212,Tuesday,Tue,12,2,No,50,12,December,Dec,Dec 2023,Q4,2023 Q4,FY2023,2023-12,2023-12-12,No,No
2023-12-13,20231213,Wednesday,Wed,13,3,No,50,12,December,Dec,Dec 2023,Q4,2023 Q4,FY2023,2023-12,2023-12-13,No,No
2023-12-14,20231214,Thursday,Thu,14,4,No,50,12,December,Dec,Dec 2023,Q4,2023 Q4,FY2023,2023-12,2023-12-14,No,No
2023-12-15,20231215,Friday,Fri,15,5,No,50,12,December,Dec,Dec 2023,Q4,2023 Q4,FY2023,2023-12,2023-12-15,No,No
2023-12-16,20231216,Saturday,Sat,16,6,Yes,50,12,December,Dec,Dec 2023,Q4,2023 Q4,FY2023,2023-12,2023-12-16,No,No
2023-12-17,20231217,Sunday,Sun,17,7,Yes,50,12,December,Dec,Dec 2023,Q4,2023 Q4,FY2023,2023-12,2023-12-17,No,No
2023-12-18,20231218,Monday,Mon,18,1,No,51,12,December,Dec,Dec 2023,Q4,2023 Q4,FY2023,2023-12,2023-12-18,No,No
2023-12-19,20231219,Tuesday,Tue,19,2,No,51,12,December,Dec,Dec 2023,Q4,2023 Q4,FY2023,2023-12,2023-12-19,No,No
2023-12-20,20231220,Wednesday,Wed,20,3,No,51,12,December,Dec,Dec 2023,Q4,2023 Q4,FY2023,2023-12,2023-12-20,No,No
2023-12-21,20231221,Thursday,Thu,21,4,No,51,12,December,Dec,Dec 2023,Q4,2023 Q4,FY2023,2023-12,2023-12-21,No,No
2023-12-22,20231222,Friday,Fri,22,5,No,51,12,December,Dec,Dec 2023,Q4,2023 Q4,FY2023,2023-12,2023-12-22,No,No
2023-12-23,20231223,Saturday,Sat,23,6,Yes,51,12,December,Dec,Dec 2023,Q4,2023 Q4,FY2023,2023-12,2023-12-23,No,No
2023-12-24,20231224,Sunday,Sun,24,7,Yes,51,12,December,Dec,Dec 2023,Q4,2023 Q4,FY2023,2023-12,2023-12-24,No,No
2023-12-25,20231225,Monday,Mon,25,1,No,52,12,December,Dec,Dec 2023,Q4,2023 Q4,FY2023,2023-12,2023-12-25,No,No
2023-12-26,20231226,Tuesday,Tue,26,2,No,52,12,December,Dec,Dec 2023,Q4,2023 Q4,FY2023,2023-12,2023-12-26,No,No
2023-12-27,20231227,Wednesday,Wed,27,3,No,52,12,December,Dec,Dec 2023,Q4,2023 Q4,FY2023,2023-12,2023-12-27,No,No
2023-12-28,20231228,Thursday,Thu,28,4,No,52,12,December,Dec,Dec 2023,Q4,2023 Q4,FY2023,2023-12,2023-12-28,No,No
2023-12-29,20231229,Friday,Fri,29,5,No,52,12,December,Dec,Dec 2023,Q4,2023 Q4,FY2023,2023-12,2023-12-29,No,No
2023-12-30,20231230,Saturday,Sat,30,6,Yes,52,12,December,Dec,Dec 2023,Q4,2023 Q4,FY2023,2023-12,2023-12-30,No,No
2023-12-31,20231231,Sunday,Sun,31,7,Yes,52,12,December,Dec,Dec 2023,Q4,2023 Q4,FY2023,2023-12,2023-12-31,Yes,No
2024-01-01,20240101,Monday,Mon,1,1,No,1,1,January,Jan,Jan 2024,Q1,2024 Q1,FY2024,2024-01,2024-01-31,No,No
2024-01-02,20240102,Tuesday,Tue,2,2,No,1,1,January,Jan,Jan 2024,Q1,2024 Q1,FY2024,2024-01,2024-01-31,No,No
2024-01-03,20240103,Wednesday,Wed,3,3,No,1,1,January,Jan,Jan 2024,Q1,2024 Q1,FY2024,2024-01,2024-01-31,No,No
2024-01-04,20240104,Thursday,Thu,4,4,No,1,1,January,Jan,Jan 2024,Q1,2024 Q1,FY2024,2024-01,2024-01-31,No,No
2024-01-05,20240105,Friday,Fri,5,5,No,1,1,January,Jan,Jan 2024,Q1,2024 Q1,FY2024,2024-01,2024-01-31,No,No
2024-01-06,20240106,Saturday,Sat,6,6,Yes,1,1,January,Jan,Jan 2024,Q1,2024 Q1,FY2024,2024-01,2024-01-31,No,No
2024-01-07,20240107,Sunday,Sun,7,7,Yes,1,1,January,Jan,Jan 2024,Q1,2024 Q1,FY2024,2024-01,2024-01-31,No,No
2024-01-08,20240108,Monday,Mon,8,1,No,2,1,January,Jan,Jan 2024,Q1,2024 Q1,FY2024,2024-01,2024-01-31,No,No
2024-01-09,20240109,Tuesday,Tue,9,2,No,2,1,January,Jan,Jan 2024,Q1,2024 Q1,FY2024,2024-01,2024-01-31,No,No
2024-01-10,20240110,Wednesday,Wed,10,3,No,2,1,January,Jan,Jan 2024,Q1,2024 Q1,FY2024,2024-01,2024-01-31,No,No
2024-01-11,20240111,Thursday,Thu,11,4,No,2,1,January,Jan,Jan 2024,Q1,2024 Q1,FY2024,2024-01,2024-01-31,No,No
2024-01-12,20240112,Friday,Fri,12,5,No,2,1,January,Jan,Jan 2024,Q1,2024 Q1,FY2024,2024-01,2024-01-31,No,No
2024-01-13,20240113,Saturday,Sat,13,6,Yes,2,1,January,Jan,Jan 2024,Q1,2024 Q1,FY2024,2024-01,2024-01-31,No,No
2024-01-14,20240114,Sunday,Sun,14,7,Yes,2,1,January,Jan,Jan 2024,Q1,2024 Q1,FY2024,2024-01,2024-01-31,No,No
2024-01-15,20240115,Monday,Mon,15,1,No,3,1,January,Jan,Jan 2024,Q1,2024 Q1,FY2024,2024-01,2024-01-31,No,No
2024-01-16,20240116,Tuesday,Tue,16,2,No,3,1,January,Jan,Jan 2024,Q1,2024 Q1,FY2024,2024-01,2024-01-31,No,No
2024-01-17,20240117,Wednesday,Wed,17,3,No,3,1,January,Jan,Jan 2024,Q1,2024 Q1,FY2024,2024-01,2024-01-31,No,No
2024-01-18,20240118,Thursday,Thu,18,4,No,3,1,January,Jan,Jan 2024,Q1,2024 Q1,FY2024,2024-01,2024-01-31,No,No
2024-01-19,20240119,Friday,Fri,19,5,No,3,1,January,Jan,Jan 2024,Q1,2024 Q1,FY2024,2024-01,2024-01-31,No,No
2024-01-20,20240120,Saturday,Sat,20,6,Yes,3,1,January,Jan,Jan 2024,Q1,2024 Q1,FY2024,2024-01,2024-01-31,No,No
2024-01-21,20240121,Sunday,Sun,21,7,Yes,3,1,January,Jan,Jan 2024,Q1,2024 Q1,FY2024,2024-01,2024-01-31,No,No
2024-01-22,20240122,Monday,Mon,22,1,No,4,1,January,Jan,Jan 2024,Q1,2024 Q1,FY2024,2024-01,2024-01-31,No,No
2024-01-23,20240123,Tuesday,Tue,23,2,No,4,1,January,Jan,Jan 2024,Q1,2024 Q1,FY2024,2024-01,2024-01-31,No,No
2024-01-24,20240124,Wednesday,Wed,24,3,No,4,1,January,Jan,Jan 2024,Q1,2024 Q1,FY2024,2024-01,2024-01-31,No,No
2024-01-25,20240125,Thursday,Thu,25,4,No,4,1,January,Jan,Jan 2024,Q1,2024 Q1,FY2024,2024-01,2024-01-31,No,No
2024-01-26,20240126,Friday,Fri,26,5,No,4,1,January,Jan,Jan 2024,Q1,2024 Q1,FY2024,2024-01,2024-01-31,No,No
2024-01-27,20240127,Saturday,Sat,27,6,Yes,4,1,January,Jan,Jan 2024,Q1,2024 Q1,FY2024,2024-01,2024-01-31,No,No
2024-01-28,20240128,Sunday,Sun,28,7,Yes,4,1,January,Jan,Jan 2024,Q1,2024 Q1,FY2024,2024-01,2024-01-31,No,No
2024-01-29,20240129,Monday,Mon,29,1,No,5,1,January,Jan,Jan 2024,Q1,2024 Q1,FY2024,2024-01,2024-01-31,No,No
2024-01-30,20240130,Tuesday,Tue,30,2,No,5,1,January,Jan,Jan 2024,Q1,2024 Q1,FY2024,2024-01,2024-01-31,No,No
2024-01-31,20240131,Wednesday,Wed,31,3,No,5,1,January,Jan,Jan 2024,Q1,2024 Q1,FY2024,2024-01,2024-01-31,Yes,No
2024-02-01,20240201,Thursday,Thu,1,4,No,5,2,February,Feb,Feb 2024,Q1,2024 Q1,FY2024,2024-02,2024-02-29,No,No
2024-02-02,20240202,Friday,Fri,2,5,No,5,2,February,Feb,Feb 2024,Q1,2024 Q1,FY2024,2024-02,2024-02-29,No,No
2024-02-03,20240203,Saturday,Sat,3,6,Yes,5,2,February,Feb,Feb 2024,Q1,2024 Q1,FY2024,2024-02,2024-02-29,No,No
2024-02-04,20240204,Sunday,Sun,4,7,Yes,5,2,February,Feb,Feb 2024,Q1,2024 Q1,FY2024,2024-02,2024-02-29,No,No
2024-02-05,20240205,Monday,Mon,5,1,No,6,2,February,Feb,Feb 2024,Q1,2024 Q1,FY2024,2024-02,2024-02-29,No,No
2024-02-06,20240206,Tuesday,Tue,6,2,No,6,2,February,Feb,Feb 2024,Q1,2024 Q1,FY2024,2024-02,2024-02-29,No,No
2024-02-07,20240207,Wednesday,Wed,7,3,No,6,2,February,Feb,Feb 2024,Q1,2024 Q1,FY2024,2024-02,2024-02-29,No,No
2024-02-08,20240208,Thursday,Thu,8,4,No,6,2,February,Feb,Feb 2024,Q1,2024 Q1,FY2024,2024-02,2024-02-29,No,No
2024-02-09,20240209,Friday,Fri,9,5,No,6,2,February,Feb,Feb 2024,Q1,2024 Q1,FY2024,2024-02,2024-02-29,No,No
2024-02-10,20240210,Saturday,Sat,10,6,Yes,6,2,February,Feb,Feb 2024,Q1,2024 Q1,FY2024,2024-02,2024-02-29,No,No
2024-02-11,20240211,Sunday,Sun,11,7,Yes,6,2,February,Feb,Feb 2024,Q1,2024 Q1,FY2024,2024-02,2024-02-29,No,No
2024-02-12,20240212,Monday,Mon,12,1,No,7,2,February,Feb,Feb 2024,Q1,2024 Q1,FY2024,2024-02,2024-02-29,No,No
2024-02-13,20240213,Tuesday,Tue,13,2,No,7,2,February,Feb,Feb 2024,Q1,2024 Q1,FY2024,2024-02,2024-02-29,No,No
2024-02-14,20240214,Wednesday,Wed,14,3,No,7,2,February,Feb,Feb 2024,Q1,2024 Q1,FY2024,2024-02,2024-02-29,No,No
2024-02-15,20240215,Thursday,Thu,15,4,No,7,2,February,Feb,Feb 2024,Q1,2024 Q1,FY2024,2024-02,2024-02-29,No,No
2024-02-16,20240216,Friday,Fri,16,5,No,7,2,February,Feb,Feb 2024,Q1,2024 Q1,FY2024,2024-02,2024-02-29,No,No
2024-02-17,20240217,Saturday,Sat,17,6,Yes,7,2,February,Feb,Feb 2024,Q1,2024 Q1,FY2024,2024-02,2024-02-29,No,No
2024-02-18,20240218,Sunday,Sun,18,7,Yes,7,2,February,Feb,Feb 2024,Q1,2024 Q1,FY2024,2024-02,2024-02-29,No,No
2024-02-19,20240219,Monday,Mon,19,1,No,8,2,February,Feb,Feb 2024,Q1,2024 Q1,FY2024,2024-02,2024-02-29,No,No
2024-02-20,20240220,Tuesday,Tue,20,2,No,8,2,February,Feb,Feb 2024,Q1,2024 Q1,FY2024,2024-02,2024-02-29,No,No
2024-02-21,20240221,Wednesday,Wed,21,3,No,8,2,February,Feb,Feb 2024,Q1,2024 Q1,FY2024,2024-02,2024-02-29,No,No
2024-02-22,20240222,Thursday,Thu,22,4,No,8,2,February,Feb,Feb 2024,Q1,2024 Q1,FY2024,2024-02,2024-02-29,No,No
2024-02-23,20240223,Friday,Fri,23,5,No,8,2,February,Feb,Feb 2024,Q1,2024 Q1,FY2024,2024-02,2024-02-29,No,No
2024-02-24,20240224,Saturday,Sat,24,6,Yes,8,2,February,Feb,Feb 2024,Q1,2024 Q1,FY2024,2024-02,2024-02-29,No,No
2024-02-25,20240225,Sunday,Sun,25,7,Yes,8,2,February,Feb,Feb 2024,Q1,2024 Q1,FY2024,2024-02,2024-02-29,No,No
2024-02-26,20240226,Monday,Mon,26,1,No,9,2,February,Feb,Feb 2024,Q1,2024 Q1,FY2024,2024-02,2024-02-29,No,No
2024-02-27,20240227,Tuesday,Tue,27,2,No,9,2,February,Feb,Feb 2024,Q1,2024 Q1,FY2024,2024-02,2024-02-29,No,No
2024-02-28,20240228,Wednesday,Wed,28,3,No,9,2,February,Feb,Feb 2024,Q1,2024 Q1,FY2024,2024-02,2024-02-29,No,No
2024-02-29,20240229,Thursday,Thu,29,4,No,9,2,February,Feb,Feb 2024,Q1,2024 Q1,FY2024,2024-02,2024-02-29,Yes,No
2024-03-01,20240301,Friday,Fri,1,5,No,9,3,March,Mar,Mar 2024,Q1,2024 Q1,FY2024,2024-03,2024-03-31,No,No
2024-03-02,20240302,Saturday,Sat,2,6,Yes,9,3,March,Mar,Mar 2024,Q1,2024 Q1,FY2024,2024-03,2024-03-31,No,No
2024-03-03,20240303,Sunday,Sun,3,7,Yes,9,3,March,Mar,Mar 2024,Q1,2024 Q1,FY2024,2024-03,2024-03-31,No,No
2024-03-04,20240304,Monday,Mon,4,1,No,10,3,March,Mar,Mar 2024,Q1,2024 Q1,FY2024,2024-03,2024-03-31,No,No
2024-03-05,20240305,Tuesday,Tue,5,2,No,10,3,March,Mar,Mar 2024,Q1,2024 Q1,FY2024,2024-03,2024-03-31,No,No
2024-03-06,20240306,Wednesday,Wed,6,3,No,10,3,March,Mar,Mar 2024,Q1,2024 Q1,FY2024,2024-03,2024-03-31,No,No
2024-03-07,20240307,Thursday,Thu,7,4,No,10,3,March,Mar,Mar 2024,Q1,2024 Q1,FY2024,2024-03,2024-03-31,No,No
2024-03-08,20240308,Friday,Fri,8,5,No,10,3,March,Mar,Mar 2024,Q1,2024 Q1,FY2024,2024-03,2024-03-31,No,No
2024-03-09,20240309,Saturday,Sat,9,6,Yes,10,3,March,Mar,Mar 2024,Q1,2024 Q1,FY2024,2024-03,2024-03-31,No,No
2024-03-10,20240310,Sunday,Sun,10,7,Yes,10,3,March,Mar,Mar 2024,Q1,2024 Q1,FY2024,2024-03,2024-03-31,No,No
2024-03-11,20240311,Monday,Mon,11,1,No,11,3,March,Mar,Mar 2024,Q1,2024 Q1,FY2024,2024-03,2024-03-31,No,No
2024-03-12,20240312,Tuesday,Tue,12,2,No,11,3,March,Mar,Mar 2024,Q1,2024 Q1,FY2024,2024-03,2024-03-31,No,No
2024-03-13,20240313,Wednesday,Wed,13,3,No,11,3,March,Mar,Mar 2024,Q1,2024 Q1,FY2024,2024-03,2024-03-31,No,No
2024-03-14,20240314,Thursday,Thu,14,4,No,11,3,March,Mar,Mar 2024,Q1,2024 Q1,FY2024,2024-03,2024-03-31,No,No
2024-03-15,20240315,Friday,Fri,15,5,No,11,3,March,Mar,Mar 2024,Q1,2024 Q1,FY2024,2024-03,2024-03-31,No,No
2024-03-16,20240316,Saturday,Sat,16,6,Yes,11,3,March,Mar,Mar 2024,Q1,2024 Q1,FY2024,2024-03,2024-03-31,No,No
2024-03-17,20240317,Sunday,Sun,17,7,Yes,11,3,March,Mar,Mar 2024,Q1,2024 Q1,FY2024,2024-03,2024-03-31,No,No
2024-03-18,20240318,Monday,Mon,18,1,No,12,3,March,Mar,Mar 2024,Q1,2024 Q1,FY2024,2024-03,2024-03-31,No,No
2024-03-19,20240319,Tuesday,Tue,19,2,No,12,3,March,Mar,Mar 2024,Q1,2024 Q1,FY2024,2024-03,2024-03-31,No,No
2024-03-20,20240320,Wednesday,Wed,20,3,No,12,3,March,Mar,Mar 2024,Q1,2024 Q1,FY2024,2024-03,2024-03-31,No,No
2024-03-21,20240321,Thursday,Thu,21,4,No,12,3,March,Mar,Mar 2024,Q1,2024 Q1,FY2024,2024-03,2024-03-31,No,No
2024-03-22,20240322,Friday,Fri,22,5,No,12,3,March,Mar,Mar 2024,Q1,2024 Q1,FY2024,2024-03,2024-03-31,No,No
2024-03-23,20240323,Saturday,Sat,23,6,Yes,12,3,March,Mar,Mar 2024,Q1,2024 Q1,FY2024,2024-03,2024-03-31,No,No
2024-03-24,20240324,Sunday,Sun,24,7,Yes,12,3,March,Mar,Mar 2024,Q1,2024 Q1,FY2024,2024-03,2024-03-31,No,No
2024-03-25,20240325,Monday,Mon,25,1,No,13,3,March,Mar,Mar 2024,Q1,2024 Q1,FY2024,2024-03,2024-03-31,No,No
2024-03-26,20240326,Tuesday,Tue,26,2,No,13,3,March,Mar,Mar 2024,Q1,2024 Q1,FY2024,2024-03,2024-03-31,No,No
2024-03-27,20240327,Wednesday,Wed,27,3,No,13,3,March,Mar,Mar 2024,Q1,2024 Q1,FY2024,2024-03,2024-03-31,No,No
2024-03-28,20240328,Thursday,Thu,28,4,No,13,3,March,Mar,Mar 2024,Q1,2024 Q1,FY2024,2024-03,2024-03-31,No,No
2024-03-29,20240329,Friday,Fri,29,5,No,13,3,March,Mar,Mar 2024,Q1,2024 Q1,FY2024,2024-03,2024-03-31,No,No
2024-03-30,20240330,Saturday,Sat,30,6,Yes,13,3,March,Mar,Mar 2024,Q1,2024 Q1,FY2024,2024-03,2024-03-31,No,No
2024-03-31,20240331,Sunday,Sun,31,7,Yes,13,3,March,Mar,Mar 2024,Q1,2024 Q1,FY2024,2024-03,2024-03-31,Yes,No
2024-04-01,20240401,Monday,Mon,1,1,No,14,4,April,Apr,Apr 2024,Q2,2024 Q2,FY2024,2024-04,2024-04-30,No,No
2024-04-02,20240402,Tuesday,Tue,2,2,No,14,4,April,Apr,Apr 2024,Q2,2024 Q2,FY2024,2024-04,2024-04-30,No,No
2024-04-03,20240403,Wednesday,Wed,3,3,No,14,4,April,Apr,Apr 2024,Q2,2024 Q2,FY2024,2024-04,2024-04-30,No,No
2024-04-04,20240404,Thursday,Thu,4,4,No,14,4,April,Apr,Apr 2024,Q2,2024 Q2,FY2024,2024-04,2024-04-30,No,No
2024-04-05,20240405,Friday,Fri,5,5,No,14,4,April,Apr,Apr 2024,Q2,2024 Q2,FY2024,2024-04,2024-04-30,No,No
2024-04-06,20240406,Saturday,Sat,6,6,Yes,14,4,April,Apr,Apr 2024,Q2,2024 Q2,FY2024,2024-04,2024-04-30,No,No
2024-04-07,20240407,Sunday,Sun,7,7,Yes,14,4,April,Apr,Apr 2024,Q2,2024 Q2,FY2024,2024-04,2024-04-30,No,No
2024-04-08,20240408,Monday,Mon,8,1,No,15,4,April,Apr,Apr 2024,Q2,2024 Q2,FY2024,2024-04,2024-04-30,No,No
2024-04-09,20240409,Tuesday,Tue,9,2,No,15,4,April,Apr,Apr 2024,Q2,2024 Q2,FY2024,2024-04,2024-04-30,No,No
2024-04-10,20240410,Wednesday,Wed,10,3,No,15,4,April,Apr,Apr 2024,Q2,2024 Q2,FY2024,2024-04,2024-04-30,No,No
2024-04-11,20240411,Thursday,Thu,11,4,No,15,4,April,Apr,Apr 2024,Q2,2024 Q2,FY2024,2024-04,2024-04-30,No,No
2024-04-12,20240412,Friday,Fri,12,5,No,15,4,April,Apr,Apr 2024,Q2,2024 Q2,FY2024,2024-04,2024-04-30,No,No
2024-04-13,20240413,Saturday,Sat,13,6,Yes,15,4,April,Apr,Apr 2024,Q2,2024 Q2,FY2024,2024-04,2024-04-30,No,No
2024-04-14,20240414,Sunday,Sun,14,7,Yes,15,4,April,Apr,Apr 2024,Q2,2024 Q2,FY2024,2024-04,2024-04-30,No,No
2024-04-15,20240415,Monday,Mon,15,1,No,16,4,April,Apr,Apr 2024,Q2,2024 Q2,FY2024,2024-04,2024-04-30,No,No
2024-04-16,20240416,Tuesday,Tue,16,2,No,16,4,April,Apr,Apr 2024,Q2,2024 Q2,FY2024,2024-04,2024-04-30,No,No
2024-04-17,20240417,Wednesday,Wed,17,3,No,16,4,April,Apr,Apr 2024,Q2,2024 Q2,FY2024,2024-04,2024-04-30,No,No
2024-04-18,20240418,Thursday,Thu,18,4,No,16,4,April,Apr,Apr 2024,Q2,2024 Q2,FY2024,2024-04,2024-04-30,No,No
2024-04-19,20240419,Friday,Fri,19,5,No,16,4,April,Apr,Apr 2024,Q2,2024 Q2,FY2024,2024-04,2024-04-30,No,No
2024-04-20,20240420,Saturday,Sat,20,6,Yes,16,4,April,Apr,Apr 2024,Q2,2024 Q2,FY2024,2024-04,2024-04-30,No,No
2024-04-21,20240421,Sunday,Sun,21,7,Yes,16,4,April,Apr,Apr 2024,Q2,2024 Q2,FY2024,2024-04,2024-04-30,No,No
2024-04-22,20240422,Monday,Mon,22,1,No,17,4,April,Apr,Apr 2024,Q2,2024 Q2,FY2024,2024-04,2024-04-30,No,No
2024-04-23,20240423,Tuesday,Tue,23,2,No,17,4,April,Apr,Apr 2024,Q2,2024 Q2,FY2024,2024-04,2024-04-30,No,No
2024-04-24,20240424,Wednesday,Wed,24,3,No,17,4,April,Apr,Apr 2024,Q2,2024 Q2,FY2024,2024-04,2024-04-30,No,No
2024-04-25,20240425,Thursday,Thu,25,4,No,17,4,April,Apr,Apr 2024,Q2,2024 Q2,FY2024,2024-04,2024-04-30,No,No
2024-04-26,20240426,Friday,Fri,26,5,No,17,4,April,Apr,Apr 2024,Q2,2024 Q2,FY2024,2024-04,2024-04-30,No,No
2024-04-27,20240427,Saturday,Sat,27,6,Yes,17,4,April,Apr,Apr 2024,Q2,2024 Q2,FY2024,2024-04,2024-04-30,No,No
2024-04-28,20240428,Sunday,Sun,28,7,Yes,17,4,April,Apr,Apr 2024,Q2,2024 Q2,FY2024,2024-04,2024-04-30,No,No
2024-04-29,20240429,Monday,Mon,29,1,No,18,4,April,Apr,Apr 2024,Q2,2024 Q2,FY2024,2024-04,2024-04-30,No,No
2024-04-30,20240430,Tuesday,Tue,30,2,No,18,4,April,Apr,Apr 2024,Q2,2024 Q2,FY2024,2024-04,2024-04-30,Yes,No
2024-05-01,20240501,Wednesday,Wed,1,3,No,18,5,May,May,May 2024,Q2,2024 Q2,FY2024,2024-05,2024-05-31,No,No
2024-05-02,20240502,Thursday,Thu,2,4,No,18,5,May,May,May 2024,Q2,2024 Q2,FY2024,2024-05,2024-05-31,No,No
2024-05-03,20240503,Friday,Fri,3,5,No,18,5,May,May,May 2024,Q2,2024 Q2,FY2024,2024-05,2024-05-31,No,No
2024-05-04,20240504,Saturday,Sat,4,6,Yes,18,5,May,May,May 2024,Q2,2024 Q2,FY2024,2024-05,2024-05-31,No,No
2024-05-05,20240505,Sunday,Sun,5,7,Yes,18,5,May,May,May 2024,Q2,2024 Q2,FY2024,2024-05,2024-05-31,No,No
2024-05-06,20240506,Monday,Mon,6,1,No,19,5,May,May,May 2024,Q2,2024 Q2,FY2024,2024-05,2024-05-31,No,No
2024-05-07,20240507,Tuesday,Tue,7,2,No,19,5,May,May,May 2024,Q2,2024 Q2,FY2024,2024-05,2024-05-31,No,No
2024-05-08,20240508,Wednesday,Wed,8,3,No,19,5,May,May,May 2024,Q2,2024 Q2,FY2024,2024-05,2024-05-31,No,No
2024-05-09,20240509,Thursday,Thu,9,4,No,19,5,May,May,May 2024,Q2,2024 Q2,FY2024,2024-05,2024-05-31,No,No
2024-05-10,20240510,Friday,Fri,10,5,No,19,5,May,May,May 2024,Q2,2024 Q2,FY2024,2024-05,2024-05-31,No,No
2024-05-11,20240511,Saturday,Sat,11,6,Yes,19,5,May,May,May 2024,Q2,2024 Q2,FY2024,2024-05,2024-05-31,No,No
2024-05-12,20240512,Sunday,Sun,12,7,Yes,19,5,May,May,May 2024,Q2,2024 Q2,FY2024,2024-05,2024-05-31,No,No
2024-05-13,20240513,Monday,Mon,13,1,No,20,5,May,May,May 2024,Q2,2024 Q2,FY2024,2024-05,2024-05-31,No,No
2024-05-14,20240514,Tuesday,Tue,14,2,No,20,5,May,May,May 2024,Q2,2024 Q2,FY2024,2024-05,2024-05-31,No,No
2024-05-15,20240515,Wednesday,Wed,15,3,No,20,5,May,May,May 2024,Q2,2024 Q2,FY2024,2024-05,2024-05-31,No,No
2024-05-16,20240516,Thursday,Thu,16,4,No,20,5,May,May,May 2024,Q2,2024 Q2,FY2024,2024-05,2024-05-31,No,No
2024-05-17,20240517,Friday,Fri,17,5,No,20,5,May,May,May 2024,Q2,2024 Q2,FY2024,2024-05,2024-05-31,No,No
2024-05-18,20240518,Saturday,Sat,18,6,Yes,20,5,May,May,May 2024,Q2,2024 Q2,FY2024,2024-05,2024-05-31,No,No
2024-05-19,20240519,Sunday,Sun,19,7,Yes,20,5,May,May,May 2024,Q2,2024 Q2,FY2024,2024-05,2024-05-31,No,No
2024-05-20,20240520,Monday,Mon,20,1,No,21,5,May,May,May 2024,Q2,2024 Q2,FY2024,2024-05,2024-05-31,No,No
2024-05-21,20240521,Tuesday,Tue,21,2,No,21,5,May,May,May 2024,Q2,2024 Q2,FY2024,2024-05,2024-05-31,No,No
2024-05-22,20240522,Wednesday,Wed,22,3,No,21,5,May,May,May 2024,Q2,2024 Q2,FY2024,2024-05,2024-05-31,No,No
2024-05-23,20240523,Thursday,Thu,23,4,No,21,5,May,May,May 2024,Q2,2024 Q2,FY2024,2024-05,2024-05-31,No,No
2024-05-24,20240524,Friday,Fri,24,5,No,21,5,May,May,May 2024,Q2,2024 Q2,FY2024,2024-05,2024-05-31,No,No
2024-05-25,20240525,Saturday,Sat,25,6,Yes,21,5,May,May,May 2024,Q2,2024 Q2,FY2024,2024-05,2024-05-31,No,No
2024-05-26,20240526,Sunday,Sun,26,7,Yes,21,5,May,May,May 2024,Q2,2024 Q2,FY2024,2024-05,2024-05-31,No,No
2024-05-27,20240527,Monday,Mon,27,1,No,22,5,May,May,May 2024,Q2,2024 Q2,FY2024,2024-05,2024-05-31,No,No
2024-05-28,20240528,Tuesday,Tue,28,2,No,22,5,May,May,May 2024,Q2,2024 Q2,FY2024,2024-05,2024-05-31,No,No
2024-05-29,20240529,Wednesday,Wed,29,3,No,22,5,May,May,May 2024,Q2,2024 Q2,FY2024,2024-05,2024-05-31,No,No
2024-05-30,20240530,Thursday,Thu,30,4,No,22,5,May,May,May 2024,Q2,2024 Q2,FY2024,2024-05,2024-05-31,No,No
2024-05-31,20240531,Friday,Fri,31,5,No,22,5,May,May,May 2024,Q2,2024 Q2,FY2024,2024-05,2024-05-31,Yes,No
2024-06-01,20240601,Saturday,Sat,1,6,Yes,22,6,June,Jun,Jun 2024,Q2,2024 Q2,FY2024,2024-06,2024-06-30,No,No
2024-06-02,20240602,Sunday,Sun,2,7,Yes,22,6,June,Jun,Jun 2024,Q2,2024 Q2,FY2024,2024-06,2024-06-30,No,No
2024-06-03,20240603,Monday,Mon,3,1,No,23,6,June,Jun,Jun 2024,Q2,2024 Q2,FY2024,2024-06,2024-06-30,No,No
2024-06-04,20240604,Tuesday,Tue,4,2,No,23,6,June,Jun,Jun 2024,Q2,2024 Q2,FY2024,2024-06,2024-06-30,No,No
2024-06-05,20240605,Wednesday,Wed,5,3,No,23,6,June,Jun,Jun 2024,Q2,2024 Q2,FY2024,2024-06,2024-06-30,No,No
2024-06-06,20240606,Thursday,Thu,6,4,No,23,6,June,Jun,Jun 2024,Q2,2024 Q2,FY2024,2024-06,2024-06-30,No,No
2024-06-07,20240607,Friday,Fri,7,5,No,23,6,June,Jun,Jun 2024,Q2,2024 Q2,FY2024,2024-06,2024-06-30,No,No
2024-06-08,20240608,Saturday,Sat,8,6,Yes,23,6,June,Jun,Jun 2024,Q2,2024 Q2,FY2024,2024-06,2024-06-30,No,No
2024-06-09,20240609,Sunday,Sun,9,7,Yes,23,6,June,Jun,Jun 2024,Q2,2024 Q2,FY2024,2024-06,2024-06-30,No,No
2024-06-10,20240610,Monday,Mon,10,1,No,24,6,June,Jun,Jun 2024,Q2,2024 Q2,FY2024,2024-06,2024-06-30,No,No
2024-06-11,20240611,Tuesday,Tue,11,2,No,24,6,June,Jun,Jun 2024,Q2,2024 Q2,FY2024,2024-06,2024-06-30,No,No
2024-06-12,20240612,Wednesday,Wed,12,3,No,24,6,June,Jun,Jun 2024,Q2,2024 Q2,FY2024,2024-06,2024-06-30,No,No
2024-06-13,20240613,Thursday,Thu,13,4,No,24,6,June,Jun,Jun 2024,Q2,2024 Q2,FY2024,2024-06,2024-06-30,No,No
2024-06-14,20240614,Friday,Fri,14,5,No,24,6,June,Jun,Jun 2024,Q2,2024 Q2,FY2024,2024-06,2024-06-30,No,No
2024-06-15,20240615,Saturday,Sat,15,6,Yes,24,6,June,Jun,Jun 2024,Q2,2024 Q2,FY2024,2024-06,2024-06-30,No,No
2024-06-16,20240616,Sunday,Sun,16,7,Yes,24,6,June,Jun,Jun 2024,Q2,2024 Q2,FY2024,2024-06,2024-06-30,No,No
2024-06-17,20240617,Monday,Mon,17,1,No,25,6,June,Jun,Jun 2024,Q2,2024 Q2,FY2024,2024-06,2024-06-30,No,No
2024-06-18,20240618,Tuesday,Tue,18,2,No,25,6,June,Jun,Jun 2024,Q2,2024 Q2,FY2024,2024-06,2024-06-30,No,No
2024-06-19,20240619,Wednesday,Wed,19,3,No,25,6,June,Jun,Jun 2024,Q2,2024 Q2,FY2024,2024-06,2024-06-30,No,No
2024-06-20,20240620,Thursday,Thu,20,4,No,25,6,June,Jun,Jun 2024,Q2,2024 Q2,FY2024,2024-06,2024-06-30,No,No
2024-06-21,20240621,Friday,Fri,21,5,No,25,6,June,Jun,Jun 2024,Q2,2024 Q2,FY2024,2024-06,2024-06-30,No,No
2024-06-22,20240622,Saturday,Sat,22,6,Yes,25,6,June,Jun,Jun 2024,Q2,2024 Q2,FY2024,2024-06,2024-06-30,No,No
2024-06-23,20240623,Sunday,Sun,23,7,Yes,25,6,June,Jun,Jun 2024,Q2,2024 Q2,FY2024,2024-06,2024-06-30,No,No
2024-06-24,20240624,Monday,Mon,24,1,No,26,6,June,Jun,Jun 2024,Q2,2024 Q2,FY2024,2024-06,2024-06-30,No,No
2024-06-25,20240625,Tuesday,Tue,25,2,No,26,6,June,Jun,Jun 2024,Q2,2024 Q2,FY2024,2024-06,2024-06-30,No,No
2024-06-26,20240626,Wednesday,Wed,26,3,No,26,6,June,Jun,Jun 2024,Q2,2024 Q2,FY2024,2024-06,2024-06-30,No,No
2024-06-27,20240627,Thursday,Thu,27,4,No,26,6,June,Jun,Jun 2024,Q2,2024 Q2,FY2024,2024-06,2024-06-30,No,No
2024-06-28,20240628,Friday,Fri,28,5,No,26,6,June,Jun,Jun 2024,Q2,2024 Q2,FY2024,2024-06,2024-06-30,No,No
2024-06-29,20240629,Saturday,Sat,29,6,Yes,26,6,June,Jun,Jun 2024,Q2,2024 Q2,FY2024,2024-06,2024-06-30,No,No
2024-06-30,20240630,Sunday,Sun,30,7,Yes,26,6,June,Jun,Jun 2024,Q2,2024 Q2,FY2024,2024-06,2024-06-30,Yes,No
2024-07-01,20240701,Monday,Mon,1,1,No,27,7,July,Jul,Jul 2024,Q3,2024 Q3,FY2024,2024-07,2024-07-31,No,No
2024-07-02,20240702,Tuesday,Tue,2,2,No,27,7,July,Jul,Jul 2024,Q3,2024 Q3,FY2024,2024-07,2024-07-31,No,No
2024-07-03,20240703,Wednesday,Wed,3,3,No,27,7,July,Jul,Jul 2024,Q3,2024 Q3,FY2024,2024-07,2024-07-31,No,No
2024-07-04,20240704,Thursday,Thu,4,4,No,27,7,July,Jul,Jul 2024,Q3,2024 Q3,FY2024,2024-07,2024-07-31,No,No
2024-07-05,20240705,Friday,Fri,5,5,No,27,7,July,Jul,Jul 2024,Q3,2024 Q3,FY2024,2024-07,2024-07-31,No,No
2024-07-06,20240706,Saturday,Sat,6,6,Yes,27,7,July,Jul,Jul 2024,Q3,2024 Q3,FY2024,2024-07,2024-07-31,No,No
2024-07-07,20240707,Sunday,Sun,7,7,Yes,27,7,July,Jul,Jul 2024,Q3,2024 Q3,FY2024,2024-07,2024-07-31,No,No
2024-07-08,20240708,Monday,Mon,8,1,No,28,7,July,Jul,Jul 2024,Q3,2024 Q3,FY2024,2024-07,2024-07-31,No,No
2024-07-09,20240709,Tuesday,Tue,9,2,No,28,7,July,Jul,Jul 2024,Q3,2024 Q3,FY2024,2024-07,2024-07-31,No,No
2024-07-10,20240710,Wednesday,Wed,10,3,No,28,7,July,Jul,Jul 2024,Q3,2024 Q3,FY2024,2024-07,2024-07-31,No,No
2024-07-11,20240711,Thursday,Thu,11,4,No,28,7,July,Jul,Jul 2024,Q3,2024 Q3,FY2024,2024-07,2024-07-31,No,No
2024-07-12,20240712,Friday,Fri,12,5,No,28,7,July,Jul,Jul 2024,Q3,2024 Q3,FY2024,2024-07,2024-07-31,No,No
2024-07-13,20240713,Saturday,Sat,13,6,Yes,28,7,July,Jul,Jul 2024,Q3,2024 Q3,FY2024,2024-07,2024-07-31,No,No
2024-07-14,20240714,Sunday,Sun,14,7,Yes,28,7,July,Jul,Jul 2024,Q3,2024 Q3,FY2024,2024-07,2024-07-31,No,No
2024-07-15,20240715,Monday,Mon,15,1,No,29,7,July,Jul,Jul 2024,Q3,2024 Q3,FY2024,2024-07,2024-07-31,No,No
2024-07-16,20240716,Tuesday,Tue,16,2,No,29,7,July,Jul,Jul 2024,Q3,2024 Q3,FY2024,2024-07,2024-07-31,No,No
2024-07-17,20240717,Wednesday,Wed,17,3,No,29,7,July,Jul,Jul 2024,Q3,2024 Q3,FY2024,2024-07,2024-07-31,No,No
2024-07-18,20240718,Thursday,Thu,18,4,No,29,7,July,Jul,Jul 2024,Q3,2024 Q3,FY2024,2024-07,2024-07-31,No,No
2024-07-19,20240719,Friday,Fri,19,5,No,29,7,July,Jul,Jul 2024,Q3,2024 Q3,FY2024,2024-07,2024-07-31,No,No
2024-07-20,20240720,Saturday,Sat,20,6,Yes,29,7,July,Jul,Jul 2024,Q3,2024 Q3,FY2024,2024-07,2024-07-31,No,No
2024-07-21,20240721,Sunday,Sun,21,7,Yes,29,7,July,Jul,Jul 2024,Q3,2024 Q3,FY2024,2024-07,2024-07-31,No,No
2024-07-22,20240722,Monday,Mon,22,1,No,30,7,July,Jul,Jul 2024,Q3,2024 Q3,FY2024,2024-07,2024-07-31,No,No
2024-07-23,20240723,Tuesday,Tue,23,2,No,30,7,July,Jul,Jul 2024,Q3,2024 Q3,FY2024,2024-07,2024-07-31,No,No
2024-07-24,20240724,Wednesday,Wed,24,3,No,30,7,July,Jul,Jul 2024,Q3,2024 Q3,FY2024,2024-07,2024-07-31,No,No
2024-07-25,20240725,Thursday,Thu,25,4,No,30,7,July,Jul,Jul 2024,Q3,2024 Q3,FY2024,2024-07,2024-07-31,No,No
2024-07-26,20240726,Friday,Fri,26,5,No,30,7,July,Jul,Jul 2024,Q3,2024 Q3,FY2024,2024-07,2024-07-31,No,No
2024-07-27,20240727,Saturday,Sat,27,6,Yes,30,7,July,Jul,Jul 2024,Q3,2024 Q3,FY2024,2024-07,2024-07-31,No,No
2024-07-28,20240728,Sunday,Sun,28,7,Yes,30,7,July,Jul,Jul 2024,Q3,2024 Q3,FY2024,2024-07,2024-07-31,No,No
2024-07-29,20240729,Monday,Mon,29,1,No,31,7,July,Jul,Jul 2024,Q3,2024 Q3,FY2024,2024-07,2024-07-31,No,No
2024-07-30,20240730,Tuesday,Tue,30,2,No,31,7,July,Jul,Jul 2024,Q3,2024 Q3,FY2024,2024-07,2024-07-31,No,No
2024-07-31,20240731,Wednesday,Wed,31,3,No,31,7,July,Jul,Jul 2024,Q3,2024 Q3,FY2024,2024-07,2024-07-31,Yes,No
2024-08-01,20240801,Thursday,Thu,1,4,No,31,8,August,Aug,Aug 2024,Q3,2024 Q3,FY2024,2024-08,2024-08-31,No,No
2024-08-02,20240802,Friday,Fri,2,5,No,31,8,August,Aug,Aug 2024,Q3,2024 Q3,FY2024,2024-08,2024-08-31,No,No
2024-08-03,20240803,Saturday,Sat,3,6,Yes,31,8,August,Aug,Aug 2024,Q3,2024 Q3,FY2024,2024-08,2024-08-31,No,No
2024-08-04,20240804,Sunday,Sun,4,7,Yes,31,8,August,Aug,Aug 2024,Q3,2024 Q3,FY2024,2024-08,2024-08-31,No,No
2024-08-05,20240805,Monday,Mon,5,1,No,32,8,August,Aug,Aug 2024,Q3,2024 Q3,FY2024,2024-08,2024-08-31,No,No
2024-08-06,20240806,Tuesday,Tue,6,2,No,32,8,August,Aug,Aug 2024,Q3,2024 Q3,FY2024,2024-08,2024-08-31,No,No
2024-08-07,20240807,Wednesday,Wed,7,3,No,32,8,August,Aug,Aug 2024,Q3,2024 Q3,FY2024,2024-08,2024-08-31,No,No
2024-08-08,20240808,Thursday,Thu,8,4,No,32,8,August,Aug,Aug 2024,Q3,2024 Q3,FY2024,2024-08,2024-08-31,No,No
2024-08-09,20240809,Friday,Fri,9,5,No,32,8,August,Aug,Aug 2024,Q3,2024 Q3,FY2024,2024-08,2024-08-31,No,No
2024-08-10,20240810,Saturday,Sat,10,6,Yes,32,8,August,Aug,Aug 2024,Q3,2024 Q3,FY2024,2024-08,2024-08-31,No,No
2024-08-11,20240811,Sunday,Sun,11,7,Yes,32,8,August,Aug,Aug 2024,Q3,2024 Q3,FY2024,2024-08,2024-08-31,No,No
2024-08-12,20240812,Monday,Mon,12,1,No,33,8,August,Aug,Aug 2024,Q3,2024 Q3,FY2024,2024-08,2024-08-31,No,No
2024-08-13,20240813,Tuesday,Tue,13,2,No,33,8,August,Aug,Aug 2024,Q3,2024 Q3,FY2024,2024-08,2024-08-31,No,No
2024-08-14,20240814,Wednesday,Wed,14,3,No,33,8,August,Aug,Aug 2024,Q3,2024 Q3,FY2024,2024-08,2024-08-31,No,No
2024-08-15,20240815,Thursday,Thu,15,4,No,33,8,August,Aug,Aug 2024,Q3,2024 Q3,FY2024,2024-08,2024-08-31,No,No
2024-08-16,20240816,Friday,Fri,16,5,No,33,8,August,Aug,Aug 2024,Q3,2024 Q3,FY2024,2024-08,2024-08-31,No,No
2024-08-17,20240817,Saturday,Sat,17,6,Yes,33,8,August,Aug,Aug 2024,Q3,2024 Q3,FY2024,2024-08,2024-08-31,No,No
2024-08-18,20240818,Sunday,Sun,18,7,Yes,33,8,August,Aug,Aug 2024,Q3,2024 Q3,FY2024,2024-08,2024-08-31,No,No
2024-08-19,20240819,Monday,Mon,19,1,No,34,8,August,Aug,Aug 2024,Q3,2024 Q3,FY2024,2024-08,2024-08-31,No,No
2024-08-20,20240820,Tuesday,Tue,20,2,No,34,8,August,Aug,Aug 2024,Q3,2024 Q3,FY2024,2024-08,2024-08-31,No,No
2024-08-21,20240821,Wednesday,Wed,21,3,No,34,8,August,Aug,Aug 2024,Q3,2024 Q3,FY2024,2024-08,2024-08-31,No,No
2024-08-22,20240822,Thursday,Thu,22,4,No,34,8,August,Aug,Aug 2024,Q3,2024 Q3,FY2024,2024-08,2024-08-31,No,No
2024-08-23,20240823,Friday,Fri,23,5,No,34,8,August,Aug,Aug 2024,Q3,2024 Q3,FY2024,2024-08,2024-08-31,No,No
2024-08-24,20240824,Saturday,Sat,24,6,Yes,34,8,August,Aug,Aug 2024,Q3,2024 Q3,FY2024,2024-08,2024-08-31,No,No
2024-08-25,20240825,Sunday,Sun,25,7,Yes,34,8,August,Aug,Aug 2024,Q3,2024 Q3,FY2024,2024-08,2024-08-31,No,No
2024-08-26,20240826,Monday,Mon,26,1,No,35,8,August,Aug,Aug 2024,Q3,2024 Q3,FY2024,2024-08,2024-08-31,No,No
2024-08-27,20240827,Tuesday,Tue,27,2,No,35,8,August,Aug,Aug 2024,Q3,2024 Q3,FY2024,2024-08,2024-08-31,No,No
2024-08-28,20240828,Wednesday,Wed,28,3,No,35,8,August,Aug,Aug 2024,Q3,2024 Q3,FY2024,2024-08,2024-08-31,No,No
2024-08-29,20240829,Thursday,Thu,29,4,No,35,8,August,Aug,Aug 2024,Q3,2024 Q3,FY2024,2024-08,2024-08-31,No,No
2024-08-30,20240830,Friday,Fri,30,5,No,35,8,August,Aug,Aug 2024,Q3,2024 Q3,FY2024,2024-08,2024-08-31,No,No
2024-08-31,20240831,Saturday,Sat,31,6,Yes,35,8,August,Aug,Aug 2024,Q3,2024 Q3,FY2024,2024-08,2024-08-31,Yes,No
2024-09-01,20240901,Sunday,Sun,1,7,Yes,35,9,September,Sep,Sep 2024,Q3,2024 Q3,FY2024,2024-09,2024-09-30,No,No
2024-09-02,20240902,Monday,Mon,2,1,No,36,9,September,Sep,Sep 2024,Q3,2024 Q3,FY2024,2024-09,2024-09-30,No,No
2024-09-03,20240903,Tuesday,Tue,3,2,No,36,9,September,Sep,Sep 2024,Q3,2024 Q3,FY2024,2024-09,2024-09-30,No,No
2024-09-04,20240904,Wednesday,Wed,4,3,No,36,9,September,Sep,Sep 2024,Q3,2024 Q3,FY2024,2024-09,2024-09-30,No,No
2024-09-05,20240905,Thursday,Thu,5,4,No,36,9,September,Sep,Sep 2024,Q3,2024 Q3,FY2024,2024-09,2024-09-30,No,No
2024-09-06,20240906,Friday,Fri,6,5,No,36,9,September,Sep,Sep 2024,Q3,2024 Q3,FY2024,2024-09,2024-09-30,No,No
2024-09-07,20240907,Saturday,Sat,7,6,Yes,36,9,September,Sep,Sep 2024,Q3,2024 Q3,FY2024,2024-09,2024-09-30,No,No
2024-09-08,20240908,Sunday,Sun,8,7,Yes,36,9,September,Sep,Sep 2024,Q3,2024 Q3,FY2024,2024-09,2024-09-30,No,No
2024-09-09,20240909,Monday,Mon,9,1,No,37,9,September,Sep,Sep 2024,Q3,2024 Q3,FY2024,2024-09,2024-09-30,No,No
2024-09-10,20240910,Tuesday,Tue,10,2,No,37,9,September,Sep,Sep 2024,Q3,2024 Q3,FY2024,2024-09,2024-09-30,No,No
2024-09-11,20240911,Wednesday,Wed,11,3,No,37,9,September,Sep,Sep 2024,Q3,2024 Q3,FY2024,2024-09,2024-09-30,No,No
2024-09-12,20240912,Thursday,Thu,12,4,No,37,9,September,Sep,Sep 2024,Q3,2024 Q3,FY2024,2024-09,2024-09-30,No,No
2024-09-13,20240913,Friday,Fri,13,5,No,37,9,September,Sep,Sep 2024,Q3,2024 Q3,FY2024,2024-09,2024-09-30,No,No
2024-09-14,20240914,Saturday,Sat,14,6,Yes,37,9,September,Sep,Sep 2024,Q3,2024 Q3,FY2024,2024-09,2024-09-30,No,No
2024-09-15,20240915,Sunday,Sun,15,7,Yes,37,9,September,Sep,Sep 2024,Q3,2024 Q3,FY2024,2024-09,2024-09-30,No,No
2024-09-16,20240916,Monday,Mon,16,1,No,38,9,September,Sep,Sep 2024,Q3,2024 Q3,FY2024,2024-09,2024-09-30,No,No
2024-09-17,20240917,Tuesday,Tue,17,2,No,38,9,September,Sep,Sep 2024,Q3,2024 Q3,FY2024,2024-09,2024-09-30,No,No
2024-09-18,20240918,Wednesday,Wed,18,3,No,38,9,September,Sep,Sep 2024,Q3,2024 Q3,FY2024,2024-09,2024-09-30,No,No
2024-09-19,20240919,Thursday,Thu,19,4,No,38,9,September,Sep,Sep 2024,Q3,2024 Q3,FY2024,2024-09,2024-09-30,No,No
2024-09-20,20240920,Friday,Fri,20,5,No,38,9,September,Sep,Sep 2024,Q3,2024 Q3,FY2024,2024-09,2024-09-30,No,No
2024-09-21,20240921,Saturday,Sat,21,6,Yes,38,9,September,Sep,Sep 2024,Q3,2024 Q3,FY2024,2024-09,2024-09-30,No,No
2024-09-22,20240922,Sunday,Sun,22,7,Yes,38,9,September,Sep,Sep 2024,Q3,2024 Q3,FY2024,2024-09,2024-09-30,No,No
2024-09-23,20240923,Monday,Mon,23,1,No,39,9,September,Sep,Sep 2024,Q3,2024 Q3,FY2024,2024-09,2024-09-30,No,No
2024-09-24,20240924,Tuesday,Tue,24,2,No,39,9,September,Sep,Sep 2024,Q3,2024 Q3,FY2024,2024-09,2024-09-30,No,No
2024-09-25,20240925,Wednesday,Wed,25,3,No,39,9,September,Sep,Sep 2024,Q3,2024 Q3,FY2024,2024-09,2024-09-30,No,No
2024-09-26,20240926,Thursday,Thu,26,4,No,39,9,September,Sep,Sep 2024,Q3,2024 Q3,FY2024,2024-09,2024-09-30,No,No
2024-09-27,20240927,Friday,Fri,27,5,No,39,9,September,Sep,Sep 2024,Q3,2024 Q3,FY2024,2024-09,2024-09-30,No,No
2024-09-28,20240928,Saturday,Sat,28,6,Yes,39,9,September,Sep,Sep 2024,Q3,2024 Q3,FY2024,2024-09,2024-09-30,No,No
2024-09-29,20240929,Sunday,Sun,29,7,Yes,39,9,September,Sep,Sep 2024,Q3,2024 Q3,FY2024,2024-09,2024-09-30,No,No
2024-09-30,20240930,Monday,Mon,30,1,No,40,9,September,Sep,Sep 2024,Q3,2024 Q3,FY2024,2024-09,2024-09-30,Yes,No
2024-10-01,20241001,Tuesday,Tue,1,2,No,40,10,October,Oct,Oct 2024,Q4,2024 Q4,FY2024,2024-10,2024-10-31,No,No
2024-10-02,20241002,Wednesday,Wed,2,3,No,40,10,October,Oct,Oct 2024,Q4,2024 Q4,FY2024,2024-10,2024-10-31,No,No
2024-10-03,20241003,Thursday,Thu,3,4,No,40,10,October,Oct,Oct 2024,Q4,2024 Q4,FY2024,2024-10,2024-10-31,No,No
2024-10-04,20241004,Friday,Fri,4,5,No,40,10,October,Oct,Oct 2024,Q4,2024 Q4,FY2024,2024-10,2024-10-31,No,No
2024-10-05,20241005,Saturday,Sat,5,6,Yes,40,10,October,Oct,Oct 2024,Q4,2024 Q4,FY2024,2024-10,2024-10-31,No,No
2024-10-06,20241006,Sunday,Sun,6,7,Yes,40,10,October,Oct,Oct 2024,Q4,2024 Q4,FY2024,2024-10,2024-10-31,No,No
2024-10-07,20241007,Monday,Mon,7,1,No,41,10,October,Oct,Oct 2024,Q4,2024 Q4,FY2024,2024-10,2024-10-31,No,No
2024-10-08,20241008,Tuesday,Tue,8,2,No,41,10,October,Oct,Oct 2024,Q4,2024 Q4,FY2024,2024-10,2024-10-31,No,No
2024-10-09,20241009,Wednesday,Wed,9,3,No,41,10,October,Oct,Oct 2024,Q4,2024 Q4,FY2024,2024-10,2024-10-31,No,No
2024-10-10,20241010,Thursday,Thu,10,4,No,41,10,October,Oct,Oct 2024,Q4,2024 Q4,FY2024,2024-10,2024-10-31,No,No
2024-10-11,20241011,Friday,Fri,11,5,No,41,10,October,Oct,Oct 2024,Q4,2024 Q4,FY2024,2024-10,2024-10-31,No,No
2024-10-12,20241012,Saturday,Sat,12,6,Yes,41,10,October,Oct,Oct 2024,Q4,2024 Q4,FY2024,2024-10,2024-10-31,No,No
2024-10-13,20241013,Sunday,Sun,13,7,Yes,41,10,October,Oct,Oct 2024,Q4,2024 Q4,FY2024,2024-10,2024-10-31,No,No
2024-10-14,20241014,Monday,Mon,14,1,No,42,10,October,Oct,Oct 2024,Q4,2024 Q4,FY2024,2024-10,2024-10-31,No,No
2024-10-15,20241015,Tuesday,Tue,15,2,No,42,10,October,Oct,Oct 2024,Q4,2024 Q4,FY2024,2024-10,2024-10-31,No,No
2024-10-16,20241016,Wednesday,Wed,16,3,No,42,10,October,Oct,Oct 2024,Q4,2024 Q4,FY2024,2024-10,2024-10-31,No,No
2024-10-17,20241017,Thursday,Thu,17,4,No,42,10,October,Oct,Oct 2024,Q4,2024 Q4,FY2024,2024-10,2024-10-31,No,No
2024-10-18,20241018,Friday,Fri,18,5,No,42,10,October,Oct,Oct 2024,Q4,2024 Q4,FY2024,2024-10,2024-10-31,No,No
2024-10-19,20241019,Saturday,Sat,19,6,Yes,42,10,October,Oct,Oct 2024,Q4,2024 Q4,FY2024,2024-10,2024-10-31,No,No
2024-10-20,20241020,Sunday,Sun,20,7,Yes,42,10,October,Oct,Oct 2024,Q4,2024 Q4,FY2024,2024-10,2024-10-31,No,No
2024-10-21,20241021,Monday,Mon,21,1,No,43,10,October,Oct,Oct 2024,Q4,2024 Q4,FY2024,2024-10,2024-10-31,No,No
2024-10-22,20241022,Tuesday,Tue,22,2,No,43,10,October,Oct,Oct 2024,Q4,2024 Q4,FY2024,2024-10,2024-10-31,No,No
2024-10-23,20241023,Wednesday,Wed,23,3,No,43,10,October,Oct,Oct 2024,Q4,2024 Q4,FY2024,2024-10,2024-10-31,No,No
2024-10-24,20241024,Thursday,Thu,24,4,No,43,10,October,Oct,Oct 2024,Q4,2024 Q4,FY2024,2024-10,2024-10-31,No,No
2024-10-25,20241025,Friday,Fri,25,5,No,43,10,October,Oct,Oct 2024,Q4,2024 Q4,FY2024,2024-10,2024-10-31,No,No
2024-10-26,20241026,Saturday,Sat,26,6,Yes,43,10,October,Oct,Oct 2024,Q4,2024 Q4,FY2024,2024-10,2024-10-31,No,No
2024-10-27,20241027,Sunday,Sun,27,7,Yes,43,10,October,Oct,Oct 2024,Q4,2024 Q4,FY2024,2024-10,2024-10-31,No,No
2024-10-28,20241028,Monday,Mon,28,1,No,44,10,October,Oct,Oct 2024,Q4,2024 Q4,FY2024,2024-10,2024-10-31,No,No
2024-10-29,20241029,Tuesday,Tue,29,2,No,44,10,October,Oct,Oct 2024,Q4,2024 Q4,FY2024,2024-10,2024-10-31,No,No
2024-10-30,20241030,Wednesday,Wed,30,3,No,44,10,October,Oct,Oct 2024,Q4,2024 Q4,FY2024,2024-10,2024-10-31,No,No
2024-10-31,20241031,Thursday,Thu,31,4,No,44,10,October,Oct,Oct 2024,Q4,2024 Q4,FY2024,2024-10,2024-10-31,Yes,No
2024-11-01,20241101,Friday,Fri,1,5,No,44,11,November,Nov,Nov 2024,Q4,2024 Q4,FY2024,2024-11,2024-11-30,No,No
2024-11-02,20241102,Saturday,Sat,2,6,Yes,44,11,November,Nov,Nov 2024,Q4,2024 Q4,FY2024,2024-11,2024-11-30,No,No
2024-11-03,20241103,Sunday,Sun,3,7,Yes,44,11,November,Nov,Nov 2024,Q4,2024 Q4,FY2024,2024-11,2024-11-30,No,No
2024-11-04,20241104,Monday,Mon,4,1,No,45,11,November,Nov,Nov 2024,Q4,2024 Q4,FY2024,2024-11,2024-11-30,No,No
2024-11-05,20241105,Tuesday,Tue,5,2,No,45,11,November,Nov,Nov 2024,Q4,2024 Q4,FY2024,2024-11,2024-11-30,No,No
2024-11-06,20241106,Wednesday,Wed,6,3,No,45,11,November,Nov,Nov 2024,Q4,2024 Q4,FY2024,2024-11,2024-11-30,No,No
2024-11-07,20241107,Thursday,Thu,7,4,No,45,11,November,Nov,Nov 2024,Q4,2024 Q4,FY2024,2024-11,2024-11-30,No,No
2024-11-08,20241108,Friday,Fri,8,5,No,45,11,November,Nov,Nov 2024,Q4,2024 Q4,FY2024,2024-11,2024-11-30,No,No
2024-11-09,20241109,Saturday,Sat,9,6,Yes,45,11,November,Nov,Nov 2024,Q4,2024 Q4,FY2024,2024-11,2024-11-30,No,No
2024-11-10,20241110,Sunday,Sun,10,7,Yes,45,11,November,Nov,Nov 2024,Q4,2024 Q4,FY2024,2024-11,2024-11-30,No,No
2024-11-11,20241111,Monday,Mon,11,1,No,46,11,November,Nov,Nov 2024,Q4,2024 Q4,FY2024,2024-11,2024-11-30,No,No
2024-11-12,20241112,Tuesday,Tue,12,2,No,46,11,November,Nov,Nov 2024,Q4,2024 Q4,FY2024,2024-11,2024-11-30,No,No
2024-11-13,20241113,Wednesday,Wed,13,3,No,46,11,November,Nov,Nov 2024,Q4,2024 Q4,FY2024,2024-11,2024-11-30,No,No
2024-11-14,20241114,Thursday,Thu,14,4,No,46,11,November,Nov,Nov 2024,Q4,2024 Q4,FY2024,2024-11,2024-11-30,No,No
2024-11-15,20241115,Friday,Fri,15,5,No,46,11,November,Nov,Nov 2024,Q4,2024 Q4,FY2024,2024-11,2024-11-30,No,No
2024-11-16,20241116,Saturday,Sat,16,6,Yes,46,11,November,Nov,Nov 2024,Q4,2024 Q4,FY2024,2024-11,2024-11-30,No,No
2024-11-17,20241117,Sunday,Sun,17,7,Yes,46,11,November,Nov,Nov 2024,Q4,2024 Q4,FY2024,2024-11,2024-11-30,No,No
2024-11-18,20241118,Monday,Mon,18,1,No,47,11,November,Nov,Nov 2024,Q4,2024 Q4,FY2024,2024-11,2024-11-30,No,No
2024-11-19,20241119,Tuesday,Tue,19,2,No,47,11,November,Nov,Nov 2024,Q4,2024 Q4,FY2024,2024-11,2024-11-30,No,No
2024-11-20,20241120,Wednesday,Wed,20,3,No,47,11,November,Nov,Nov 2024,Q4,2024 Q4,FY2024,2024-11,2024-11-30,No,No
2024-11-21,20241121,Thursday,Thu,21,4,No,47,11,November,Nov,Nov 2024,Q4,2024 Q4,FY2024,2024-11,2024-11-30,No,No
2024-11-22,20241122,Friday,Fri,22,5,No,47,11,November,Nov,Nov 2024,Q4,2024 Q4,FY2024,2024-11,2024-11-30,No,No
2024-11-23,20241123,Saturday,Sat,23,6,Yes,47,11,November,Nov,Nov 2024,Q4,2024 Q4,FY2024,2024-11,2024-11-30,No,No
2024-11-24,20241124,Sunday,Sun,24,7,Yes,47,11,November,Nov,Nov 2024,Q4,2024 Q4,FY2024,2024-11,2024-11-30,No,No
2024-11-25,20241125,Monday,Mon,25,1,No,48,11,November,Nov,Nov 2024,Q4,2024 Q4,FY2024,2024-11,2024-11-30,No,No
2024-11-26,20241126,Tuesday,Tue,26,2,No,48,11,November,Nov,Nov 2024,Q4,2024 Q4,FY2024,2024-11,2024-11-30,No,No
2024-11-27,20241127,Wednesday,Wed,27,3,No,48,11,November,Nov,Nov 2024,Q4,2024 Q4,FY2024,2024-11,2024-11-30,No,No
2024-11-28,20241128,Thursday,Thu,28,4,No,48,11,November,Nov,Nov 2024,Q4,2024 Q4,FY2024,2024-11,2024-11-30,No,No
2024-11-29,20241129,Friday,Fri,29,5,No,48,11,November,Nov,Nov 2024,Q4,2024 Q4,FY2024,2024-11,2024-11-30,No,No
2024-11-30,20241130,Saturday,Sat,30,6,Yes,48,11,November,Nov,Nov 2024,Q4,2024 Q4,FY2024,2024-11,2024-11-30,Yes,No
2024-12-01,20241201,Sunday,Sun,1,7,Yes,48,12,December,Dec,Dec 2024,Q4,2024 Q4,FY2024,2024-12,2024-12-31,No,No
2024-12-02,20241202,Monday,Mon,2,1,No,49,12,December,Dec,Dec 2024,Q4,2024 Q4,FY2024,2024-12,2024-12-31,No,No
2024-12-03,20241203,Tuesday,Tue,3,2,No,49,12,December,Dec,Dec 2024,Q4,2024 Q4,FY2024,2024-12,2024-12-31,No,No
2024-12-04,20241204,Wednesday,Wed,4,3,No,49,12,December,Dec,Dec 2024,Q4,2024 Q4,FY2024,2024-12,2024-12-31,No,No
2024-12-05,20241205,Thursday,Thu,5,4,No,49,12,December,Dec,Dec 2024,Q4,2024 Q4,FY2024,2024-12,2024-12-31,No,No
2024-12-06,20241206,Friday,Fri,6,5,No,49,12,December,Dec,Dec 2024,Q4,2024 Q4,FY2024,2024-12,2024-12-31,No,No
2024-12-07,20241207,Saturday,Sat,7,6,Yes,49,12,December,Dec,Dec 2024,Q4,2024 Q4,FY2024,2024-12,2024-12-31,No,No
2024-12-08,20241208,Sunday,Sun,8,7,Yes,49,12,December,Dec,Dec 2024,Q4,2024 Q4,FY2024,2024-12,2024-12-31,No,No
2024-12-09,20241209,Monday,Mon,9,1,No,50,12,December,Dec,Dec 2024,Q4,2024 Q4,FY2024,2024-12,2024-12-31,No,No
2024-12-10,20241210,Tuesday,Tue,10,2,No,50,12,December,Dec,Dec 2024,Q4,2024 Q4,FY2024,2024-12,2024-12-31,No,No
2024-12-11,20241211,Wednesday,Wed,11,3,No,50,12,December,Dec,Dec 2024,Q4,2024 Q4,FY2024,2024-12,2024-12-31,No,No
2024-12-12,20241212,Thursday,Thu,12,4,No,50,12,December,Dec,Dec 2024,Q4,2024 Q4,FY2024,2024-12,2024-12-31,No,No
2024-12-13,20241213,Friday,Fri,13,5,No,50,12,December,Dec,Dec 2024,Q4,2024 Q4,FY2024,2024-12,2024-12-31,No,No
2024-12-14,20241214,Saturday,Sat,14,6,Yes,50,12,December,Dec,Dec 2024,Q4,2024 Q4,FY2024,2024-12,2024-12-31,No,No
2024-12-15,20241215,Sunday,Sun,15,7,Yes,50,12,December,Dec,Dec 2024,Q4,2024 Q4,FY2024,2024-12,2024-12-31,No,No
2024-12-16,20241216,Monday,Mon,16,1,No,51,12,December,Dec,Dec 2024,Q4,2024 Q4,FY2024,2024-12,2024-12-31,No,No
2024-12-17,20241217,Tuesday,Tue,17,2,No,51,12,December,Dec,Dec 2024,Q4,2024 Q4,FY2024,2024-12,2024-12-31,No,No
2024-12-18,20241218,Wednesday,Wed,18,3,No,51,12,December,Dec,Dec 2024,Q4,2024 Q4,FY2024,2024-12,2024-12-31,No,No
2024-12-19,20241219,Thursday,Thu,19,4,No,51,12,December,Dec,Dec 2024,Q4,2024 Q4,FY2024,2024-12,2024-12-31,No,No
2024-12-20,20241220,Friday,Fri,20,5,No,51,12,December,Dec,Dec 2024,Q4,2024 Q4,FY2024,2024-12,2024-12-31,No,No
2024-12-21,20241221,Saturday,Sat,21,6,Yes,51,12,December,Dec,Dec 2024,Q4,2024 Q4,FY2024,2024-12,2024-12-31,No,No
2024-12-22,20241222,Sunday,Sun,22,7,Yes,51,12,December,Dec,Dec 2024,Q4,2024 Q4,FY2024,2024-12,2024-12-31,No,No
2024-12-23,20241223,Monday,Mon,23,1,No,52,12,December,Dec,Dec 2024,Q4,2024 Q4,FY2024,2024-12,2024-12-31,No,No
2024-12-24,20241224,Tuesday,Tue,24,2,No,52,12,December,Dec,Dec 2024,Q4,2024 Q4,FY2024,2024-12,2024-12-31,No,No
2024-12-25,20241225,Wednesday,Wed,25,3,No,52,12,December,Dec,Dec 2024,Q4,2024 Q4,FY2024,2024-12,2024-12-31,No,No
2024-12-26,20241226,Thursday,Thu,26,4,No,52,12,December,Dec,Dec 2024,Q4,2024 Q4,FY2024,2024-12,2024-12-31,No,No
2024-12-27,20241227,Friday,Fri,27,5,No,52,12,December,Dec,Dec 2024,Q4,2024 Q4,FY2024,2024-12,2024-12-31,No,No
2024-12-28,20241228,Saturday,Sat,28,6,Yes,52,12,December,Dec,Dec 2024,Q4,2024 Q4,FY2024,2024-12,2024-12-31,No,No
2024-12-29,20241229,Sunday,Sun,29,7,Yes,52,12,December,Dec,Dec 2024,Q4,2024 Q4,FY2024,2024-12,2024-12-31,No,No
2024-12-30,20241230,Monday,Mon,30,1,No,1,12,December,Dec,Dec 2024,Q4,2024 Q4,FY2024,2024-12,2024-12-31,No,No
2024-12-31,20241231,Tuesday,Tue,31,2,No,1,12,December,Dec,Dec 2024,Q4,2024 Q4,FY2024,2024-12,2024-12-31,Yes,No
2025-01-01,20250101,Wednesday,Wed,1,3,No,1,1,January,Jan,Jan 2025,Q1,2025 Q1,FY2025,2025-01,2025-01-31,No,Yes
2025-01-02,20250102,Thursday,Thu,2,4,No,1,1,January,Jan,Jan 2025,Q1,2025 Q1,FY2025,2025-01,2025-01-31,No,Yes
2025-01-03,20250103,Friday,Fri,3,5,No,1,1,January,Jan,Jan 2025,Q1,2025 Q1,FY2025,2025-01,2025-01-31,No,Yes
2025-01-04,20250104,Saturday,Sat,4,6,Yes,1,1,January,Jan,Jan 2025,Q1,2025 Q1,FY2025,2025-01,2025-01-31,No,Yes
2025-01-05,20250105,Sunday,Sun,5,7,Yes,1,1,January,Jan,Jan 2025,Q1,2025 Q1,FY2025,2025-01,2025-01-31,No,Yes
2025-01-06,20250106,Monday,Mon,6,1,No,2,1,January,Jan,Jan 2025,Q1,2025 Q1,FY2025,2025-01,2025-01-31,No,Yes
2025-01-07,20250107,Tuesday,Tue,7,2,No,2,1,January,Jan,Jan 2025,Q1,2025 Q1,FY2025,2025-01,2025-01-31,No,Yes
2025-01-08,20250108,Wednesday,Wed,8,3,No,2,1,January,Jan,Jan 2025,Q1,2025 Q1,FY2025,2025-01,2025-01-31,No,Yes
2025-01-09,20250109,Thursday,Thu,9,4,No,2,1,January,Jan,Jan 2025,Q1,2025 Q1,FY2025,2025-01,2025-01-31,No,Yes
2025-01-10,20250110,Friday,Fri,10,5,No,2,1,January,Jan,Jan 2025,Q1,2025 Q1,FY2025,2025-01,2025-01-31,No,Yes
2025-01-11,20250111,Saturday,Sat,11,6,Yes,2,1,January,Jan,Jan 2025,Q1,2025 Q1,FY2025,2025-01,2025-01-31,No,Yes
2025-01-12,20250112,Sunday,Sun,12,7,Yes,2,1,January,Jan,Jan 2025,Q1,2025 Q1,FY2025,2025-01,2025-01-31,No,Yes
2025-01-13,20250113,Monday,Mon,13,1,No,3,1,January,Jan,Jan 2025,Q1,2025 Q1,FY2025,2025-01,2025-01-31,No,Yes
2025-01-14,20250114,Tuesday,Tue,14,2,No,3,1,January,Jan,Jan 2025,Q1,2025 Q1,FY2025,2025-01,2025-01-31,No,Yes
2025-01-15,20250115,Wednesday,Wed,15,3,No,3,1,January,Jan,Jan 2025,Q1,2025 Q1,FY2025,2025-01,2025-01-31,No,Yes
2025-01-16,20250116,Thursday,Thu,16,4,No,3,1,January,Jan,Jan 2025,Q1,2025 Q1,FY2025,2025-01,2025-01-31,No,Yes
2025-01-17,20250117,Friday,Fri,17,5,No,3,1,January,Jan,Jan 2025,Q1,2025 Q1,FY2025,2025-01,2025-01-31,No,Yes
2025-01-18,20250118,Saturday,Sat,18,6,Yes,3,1,January,Jan,Jan 2025,Q1,2025 Q1,FY2025,2025-01,2025-01-31,No,Yes
2025-01-19,20250119,Sunday,Sun,19,7,Yes,3,1,January,Jan,Jan 2025,Q1,2025 Q1,FY2025,2025-01,2025-01-31,No,Yes
2025-01-20,20250120,Monday,Mon,20,1,No,4,1,January,Jan,Jan 2025,Q1,2025 Q1,FY2025,2025-01,2025-01-31,No,Yes
2025-01-21,20250121,Tuesday,Tue,21,2,No,4,1,January,Jan,Jan 2025,Q1,2025 Q1,FY2025,2025-01,2025-01-31,No,Yes
2025-01-22,20250122,Wednesday,Wed,22,3,No,4,1,January,Jan,Jan 2025,Q1,2025 Q1,FY2025,2025-01,2025-01-31,No,Yes
2025-01-23,20250123,Thursday,Thu,23,4,No,4,1,January,Jan,Jan 2025,Q1,2025 Q1,FY2025,2025-01,2025-01-31,No,Yes
2025-01-24,20250124,Friday,Fri,24,5,No,4,1,January,Jan,Jan 2025,Q1,2025 Q1,FY2025,2025-01,2025-01-31,No,Yes
2025-01-25,20250125,Saturday,Sat,25,6,Yes,4,1,January,Jan,Jan 2025,Q1,2025 Q1,FY2025,2025-01,2025-01-31,No,Yes
2025-01-26,20250126,Sunday,Sun,26,7,Yes,4,1,January,Jan,Jan 2025,Q1,2025 Q1,FY2025,2025-01,2025-01-31,No,Yes
2025-01-27,20250127,Monday,Mon,27,1,No,5,1,January,Jan,Jan 2025,Q1,2025 Q1,FY2025,2025-01,2025-01-31,No,Yes
2025-01-28,20250128,Tuesday,Tue,28,2,No,5,1,January,Jan,Jan 2025,Q1,2025 Q1,FY2025,2025-01,2025-01-31,No,Yes
2025-01-29,20250129,Wednesday,Wed,29,3,No,5,1,January,Jan,Jan 2025,Q1,2025 Q1,FY2025,2025-01,2025-01-31,No,Yes
2025-01-30,20250130,Thursday,Thu,30,4,No,5,1,January,Jan,Jan 2025,Q1,2025 Q1,FY2025,2025-01,2025-01-31,No,Yes
2025-01-31,20250131,Friday,Fri,31,5,No,5,1,January,Jan,Jan 2025,Q1,2025 Q1,FY2025,2025-01,2025-01-31,Yes,Yes
2025-02-01,20250201,Saturday,Sat,1,6,Yes,5,2,February,Feb,Feb 2025,Q1,2025 Q1,FY2025,2025-02,2025-02-28,No,Yes
2025-02-02,20250202,Sunday,Sun,2,7,Yes,5,2,February,Feb,Feb 2025,Q1,2025 Q1,FY2025,2025-02,2025-02-28,No,Yes
2025-02-03,20250203,Monday,Mon,3,1,No,6,2,February,Feb,Feb 2025,Q1,2025 Q1,FY2025,2025-02,2025-02-28,No,Yes
2025-02-04,20250204,Tuesday,Tue,4,2,No,6,2,February,Feb,Feb 2025,Q1,2025 Q1,FY2025,2025-02,2025-02-28,No,Yes
2025-02-05,20250205,Wednesday,Wed,5,3,No,6,2,February,Feb,Feb 2025,Q1,2025 Q1,FY2025,2025-02,2025-02-28,No,Yes
2025-02-06,20250206,Thursday,Thu,6,4,No,6,2,February,Feb,Feb 2025,Q1,2025 Q1,FY2025,2025-02,2025-02-28,No,Yes
2025-02-07,20250207,Friday,Fri,7,5,No,6,2,February,Feb,Feb 2025,Q1,2025 Q1,FY2025,2025-02,2025-02-28,No,Yes
2025-02-08,20250208,Saturday,Sat,8,6,Yes,6,2,February,Feb,Feb 2025,Q1,2025 Q1,FY2025,2025-02,2025-02-28,No,Yes
2025-02-09,20250209,Sunday,Sun,9,7,Yes,6,2,February,Feb,Feb 2025,Q1,2025 Q1,FY2025,2025-02,2025-02-28,No,Yes
2025-02-10,20250210,Monday,Mon,10,1,No,7,2,February,Feb,Feb 2025,Q1,2025 Q1,FY2025,2025-02,2025-02-28,No,Yes
2025-02-11,20250211,Tuesday,Tue,11,2,No,7,2,February,Feb,Feb 2025,Q1,2025 Q1,FY2025,2025-02,2025-02-28,No,Yes
2025-02-12,20250212,Wednesday,Wed,12,3,No,7,2,February,Feb,Feb 2025,Q1,2025 Q1,FY2025,2025-02,2025-02-28,No,Yes
2025-02-13,20250213,Thursday,Thu,13,4,No,7,2,February,Feb,Feb 2025,Q1,2025 Q1,FY2025,2025-02,2025-02-28,No,Yes
2025-02-14,20250214,Friday,Fri,14,5,No,7,2,February,Feb,Feb 2025,Q1,2025 Q1,FY2025,2025-02,2025-02-28,No,Yes
2025-02-15,20250215,Saturday,Sat,15,6,Yes,7,2,February,Feb,Feb 2025,Q1,2025 Q1,FY2025,2025-02,2025-02-28,No,Yes
2025-02-16,20250216,Sunday,Sun,16,7,Yes,7,2,February,Feb,Feb 2025,Q1,2025 Q1,FY2025,2025-02,2025-02-28,No,Yes
2025-02-17,20250217,Monday,Mon,17,1,No,8,2,February,Feb,Feb 2025,Q1,2025 Q1,FY2025,2025-02,2025-02-28,No,Yes
2025-02-18,20250218,Tuesday,Tue,18,2,No,8,2,February,Feb,Feb 2025,Q1,2025 Q1,FY2025,2025-02,2025-02-28,No,Yes
2025-02-19,20250219,Wednesday,Wed,19,3,No,8,2,February,Feb,Feb 2025,Q1,2025 Q1,FY2025,2025-02,2025-02-28,No,Yes
2025-02-20,20250220,Thursday,Thu,20,4,No,8,2,February,Feb,Feb 2025,Q1,2025 Q1,FY2025,2025-02,2025-02-28,No,Yes
2025-02-21,20250221,Friday,Fri,21,5,No,8,2,February,Feb,Feb 2025,Q1,2025 Q1,FY2025,2025-02,2025-02-28,No,Yes
2025-02-22,20250222,Saturday,Sat,22,6,Yes,8,2,February,Feb,Feb 2025,Q1,2025 Q1,FY2025,2025-02,2025-02-28,No,Yes
2025-02-23,20250223,Sunday,Sun,23,7,Yes,8,2,February,Feb,Feb 2025,Q1,2025 Q1,FY2025,2025-02,2025-02-28,No,Yes
2025-02-24,20250224,Monday,Mon,24,1,No,9,2,February,Feb,Feb 2025,Q1,2025 Q1,FY2025,2025-02,2025-02-28,No,Yes
2025-02-25,20250225,Tuesday,Tue,25,2,No,9,2,February,Feb,Feb 2025,Q1,2025 Q1,FY2025,2025-02,2025-02-28,No,Yes
2025-02-26,20250226,Wednesday,Wed,26,3,No,9,2,February,Feb,Feb 2025,Q1,2025 Q1,FY2025,2025-02,2025-02-28,No,Yes
2025-02-27,20250227,Thursday,Thu,27,4,No,9,2,February,Feb,Feb 2025,Q1,2025 Q1,FY2025,2025-02,2025-02-28,No,Yes
2025-02-28,20250228,Friday,Fri,28,5,No,9,2,February,Feb,Feb 2025,Q1,2025 Q1,FY2025,2025-02,2025-02-28,Yes,Yes
2025-03-01,20250301,Saturday,Sat,1,6,Yes,9,3,March,Mar,Mar 2025,Q1,2025 Q1,FY2025,2025-03,2025-03-31,No,Yes
2025-03-02,20250302,Sunday,Sun,2,7,Yes,9,3,March,Mar,Mar 2025,Q1,2025 Q1,FY2025,2025-03,2025-03-31,No,Yes
2025-03-03,20250303,Monday,Mon,3,1,No,10,3,March,Mar,Mar 2025,Q1,2025 Q1,FY2025,2025-03,2025-03-31,No,Yes
2025-03-04,20250304,Tuesday,Tue,4,2,No,10,3,March,Mar,Mar 2025,Q1,2025 Q1,FY2025,2025-03,2025-03-31,No,Yes
2025-03-05,20250305,Wednesday,Wed,5,3,No,10,3,March,Mar,Mar 2025,Q1,2025 Q1,FY2025,2025-03,2025-03-31,No,Yes
2025-03-06,20250306,Thursday,Thu,6,4,No,10,3,March,Mar,Mar 2025,Q1,2025 Q1,FY2025,2025-03,2025-03-31,No,Yes
2025-03-07,20250307,Friday,Fri,7,5,No,10,3,March,Mar,Mar 2025,Q1,2025 Q1,FY2025,2025-03,2025-03-31,No,Yes
2025-03-08,20250308,Saturday,Sat,8,6,Yes,10,3,March,Mar,Mar 2025,Q1,2025 Q1,FY2025,2025-03,2025-03-31,No,Yes
2025-03-09,20250309,Sunday,Sun,9,7,Yes,10,3,March,Mar,Mar 2025,Q1,2025 Q1,FY2025,2025-03,2025-03-31,No,Yes
2025-03-10,20250310,Monday,Mon,10,1,No,11,3,March,Mar,Mar 2025,Q1,2025 Q1,FY2025,2025-03,2025-03-31,No,Yes
2025-03-11,20250311,Tuesday,Tue,11,2,No,11,3,March,Mar,Mar 2025,Q1,2025 Q1,FY2025,2025-03,2025-03-31,No,Yes
2025-03-12,20250312,Wednesday,Wed,12,3,No,11,3,March,Mar,Mar 2025,Q1,2025 Q1,FY2025,2025-03,2025-03-31,No,Yes
2025-03-13,20250313,Thursday,Thu,13,4,No,11,3,March,Mar,Mar 2025,Q1,2025 Q1,FY2025,2025-03,2025-03-31,No,Yes
2025-03-14,20250314,Friday,Fri,14,5,No,11,3,March,Mar,Mar 2025,Q1,2025 Q1,FY2025,2025-03,2025-03-31,No,Yes
2025-03-15,20250315,Saturday,Sat,15,6,Yes,11,3,March,Mar,Mar 2025,Q1,2025 Q1,FY2025,2025-03,2025-03-31,No,Yes
2025-03-16,20250316,Sunday,Sun,16,7,Yes,11,3,March,Mar,Mar 2025,Q1,2025 Q1,FY2025,2025-03,2025-03-31,No,Yes
2025-03-17,20250317,Monday,Mon,17,1,No,12,3,March,Mar,Mar 2025,Q1,2025 Q1,FY2025,2025-03,2025-03-31,No,Yes
2025-03-18,20250318,Tuesday,Tue,18,2,No,12,3,March,Mar,Mar 2025,Q1,2025 Q1,FY2025,2025-03,2025-03-31,No,Yes
2025-03-19,20250319,Wednesday,Wed,19,3,No,12,3,March,Mar,Mar 2025,Q1,2025 Q1,FY2025,2025-03,2025-03-31,No,Yes
2025-03-20,20250320,Thursday,Thu,20,4,No,12,3,March,Mar,Mar 2025,Q1,2025 Q1,FY2025,2025-03,2025-03-31,No,Yes
2025-03-21,20250321,Friday,Fri,21,5,No,12,3,March,Mar,Mar 2025,Q1,2025 Q1,FY2025,2025-03,2025-03-31,No,Yes
2025-03-22,20250322,Saturday,Sat,22,6,Yes,12,3,March,Mar,Mar 2025,Q1,2025 Q1,FY2025,2025-03,2025-03-31,No,Yes
2025-03-23,20250323,Sunday,Sun,23,7,Yes,12,3,March,Mar,Mar 2025,Q1,2025 Q1,FY2025,2025-03,2025-03-31,No,Yes
2025-03-24,20250324,Monday,Mon,24,1,No,13,3,March,Mar,Mar 2025,Q1,2025 Q1,FY2025,2025-03,2025-03-31,No,Yes
2025-03-25,20250325,Tuesday,Tue,25,2,No,13,3,March,Mar,Mar 2025,Q1,2025 Q1,FY2025,2025-03,2025-03-31,No,Yes
2025-03-26,20250326,Wednesday,Wed,26,3,No,13,3,March,Mar,Mar 2025,Q1,2025 Q1,FY2025,2025-03,2025-03-31,No,Yes
2025-03-27,20250327,Thursday,Thu,27,4,No,13,3,March,Mar,Mar 2025,Q1,2025 Q1,FY2025,2025-03,2025-03-31,No,Yes
2025-03-28,20250328,Friday,Fri,28,5,No,13,3,March,Mar,Mar 2025,Q1,2025 Q1,FY2025,2025-03,2025-03-31,No,Yes
2025-03-29,20250329,Saturday,Sat,29,6,Yes,13,3,March,Mar,Mar 2025,Q1,2025 Q1,FY2025,2025-03,2025-03-31,No,Yes
2025-03-30,20250330,Sunday,Sun,30,7,Yes,13,3,March,Mar,Mar 2025,Q1,2025 Q1,FY2025,2025-03,2025-03-31,No,Yes
2025-03-31,20250331,Monday,Mon,31,1,No,14,3,March,Mar,Mar 2025,Q1,2025 Q1,FY2025,2025-03,2025-03-31,Yes,Yes
2025-04-01,20250401,Tuesday,Tue,1,2,No,14,4,April,Apr,Apr 2025,Q2,2025 Q2,FY2025,2025-04,2025-04-30,No,Yes
2025-04-02,20250402,Wednesday,Wed,2,3,No,14,4,April,Apr,Apr 2025,Q2,2025 Q2,FY2025,2025-04,2025-04-30,No,Yes
2025-04-03,20250403,Thursday,Thu,3,4,No,14,4,April,Apr,Apr 2025,Q2,2025 Q2,FY2025,2025-04,2025-04-30,No,Yes
2025-04-04,20250404,Friday,Fri,4,5,No,14,4,April,Apr,Apr 2025,Q2,2025 Q2,FY2025,2025-04,2025-04-30,No,Yes
2025-04-05,20250405,Saturday,Sat,5,6,Yes,14,4,April,Apr,Apr 2025,Q2,2025 Q2,FY2025,2025-04,2025-04-30,No,Yes
2025-04-06,20250406,Sunday,Sun,6,7,Yes,14,4,April,Apr,Apr 2025,Q2,2025 Q2,FY2025,2025-04,2025-04-30,No,Yes
2025-04-07,20250407,Monday,Mon,7,1,No,15,4,April,Apr,Apr 2025,Q2,2025 Q2,FY2025,2025-04,2025-04-30,No,Yes
2025-04-08,20250408,Tuesday,Tue,8,2,No,15,4,April,Apr,Apr 2025,Q2,2025 Q2,FY2025,2025-04,2025-04-30,No,Yes
2025-04-09,20250409,Wednesday,Wed,9,3,No,15,4,April,Apr,Apr 2025,Q2,2025 Q2,FY2025,2025-04,2025-04-30,No,Yes
2025-04-10,20250410,Thursday,Thu,10,4,No,15,4,April,Apr,Apr 2025,Q2,2025 Q2,FY2025,2025-04,2025-04-30,No,Yes
2025-04-11,20250411,Friday,Fri,11,5,No,15,4,April,Apr,Apr 2025,Q2,2025 Q2,FY2025,2025-04,2025-04-30,No,Yes
2025-04-12,20250412,Saturday,Sat,12,6,Yes,15,4,April,Apr,Apr 2025,Q2,2025 Q2,FY2025,2025-04,2025-04-30,No,Yes
2025-04-13,20250413,Sunday,Sun,13,7,Yes,15,4,April,Apr,Apr 2025,Q2,2025 Q2,FY2025,2025-04,2025-04-30,No,Yes
2025-04-14,20250414,Monday,Mon,14,1,No,16,4,April,Apr,Apr 2025,Q2,2025 Q2,FY2025,2025-04,2025-04-30,No,Yes
2025-04-15,20250415,Tuesday,Tue,15,2,No,16,4,April,Apr,Apr 2025,Q2,2025 Q2,FY2025,2025-04,2025-04-30,No,Yes
2025-04-16,20250416,Wednesday,Wed,16,3,No,16,4,April,Apr,Apr 2025,Q2,2025 Q2,FY2025,2025-04,2025-04-30,No,Yes
2025-04-17,20250417,Thursday,Thu,17,4,No,16,4,April,Apr,Apr 2025,Q2,2025 Q2,FY2025,2025-04,2025-04-30,No,Yes
2025-04-18,20250418,Friday,Fri,18,5,No,16,4,April,Apr,Apr 2025,Q2,2025 Q2,FY2025,2025-04,2025-04-30,No,Yes
2025-04-19,20250419,Saturday,Sat,19,6,Yes,16,4,April,Apr,Apr 2025,Q2,2025 Q2,FY2025,2025-04,2025-04-30,No,Yes
2025-04-20,20250420,Sunday,Sun,20,7,Yes,16,4,April,Apr,Apr 2025,Q2,2025 Q2,FY2025,2025-04,2025-04-30,No,Yes
2025-04-21,20250421,Monday,Mon,21,1,No,17,4,April,Apr,Apr 2025,Q2,2025 Q2,FY2025,2025-04,2025-04-30,No,Yes
2025-04-22,20250422,Tuesday,Tue,22,2,No,17,4,April,Apr,Apr 2025,Q2,2025 Q2,FY2025,2025-04,2025-04-30,No,Yes
2025-04-23,20250423,Wednesday,Wed,23,3,No,17,4,April,Apr,Apr 2025,Q2,2025 Q2,FY2025,2025-04,2025-04-30,No,Yes
2025-04-24,20250424,Thursday,Thu,24,4,No,17,4,April,Apr,Apr 2025,Q2,2025 Q2,FY2025,2025-04,2025-04-30,No,Yes
2025-04-25,20250425,Friday,Fri,25,5,No,17,4,April,Apr,Apr 2025,Q2,2025 Q2,FY2025,2025-04,2025-04-30,No,Yes
2025-04-26,20250426,Saturday,Sat,26,6,Yes,17,4,April,Apr,Apr 2025,Q2,2025 Q2,FY2025,2025-04,2025-04-30,No,Yes
2025-04-27,20250427,Sunday,Sun,27,7,Yes,17,4,April,Apr,Apr 2025,Q2,2025 Q2,FY2025,2025-04,2025-04-30,No,Yes
2025-04-28,20250428,Monday,Mon,28,1,No,18,4,April,Apr,Apr 2025,Q2,2025 Q2,FY2025,2025-04,2025-04-30,No,Yes
2025-04-29,20250429,Tuesday,Tue,29,2,No,18,4,April,Apr,Apr 2025,Q2,2025 Q2,FY2025,2025-04,2025-04-30,No,Yes
2025-04-30,20250430,Wednesday,Wed,30,3,No,18,4,April,Apr,Apr 2025,Q2,2025 Q2,FY2025,2025-04,2025-04-30,Yes,Yes
2025-05-01,20250501,Thursday,Thu,1,4,No,18,5,May,May,May 2025,Q2,2025 Q2,FY2025,2025-05,2025-05-31,No,Yes
2025-05-02,20250502,Friday,Fri,2,5,No,18,5,May,May,May 2025,Q2,2025 Q2,FY2025,2025-05,2025-05-31,No,Yes
2025-05-03,20250503,Saturday,Sat,3,6,Yes,18,5,May,May,May 2025,Q2,2025 Q2,FY2025,2025-05,2025-05-31,No,Yes
2025-05-04,20250504,Sunday,Sun,4,7,Yes,18,5,May,May,May 2025,Q2,2025 Q2,FY2025,2025-05,2025-05-31,No,Yes
2025-05-05,20250505,Monday,Mon,5,1,No,19,5,May,May,May 2025,Q2,2025 Q2,FY2025,2025-05,2025-05-31,No,Yes
2025-05-06,20250506,Tuesday,Tue,6,2,No,19,5,May,May,May 2025,Q2,2025 Q2,FY2025,2025-05,2025-05-31,No,Yes
2025-05-07,20250507,Wednesday,Wed,7,3,No,19,5,May,May,May 2025,Q2,2025 Q2,FY2025,2025-05,2025-05-31,No,Yes
2025-05-08,20250508,Thursday,Thu,8,4,No,19,5,May,May,May 2025,Q2,2025 Q2,FY2025,2025-05,2025-05-31,No,Yes
2025-05-09,20250509,Friday,Fri,9,5,No,19,5,May,May,May 2025,Q2,2025 Q2,FY2025,2025-05,2025-05-31,No,Yes
2025-05-10,20250510,Saturday,Sat,10,6,Yes,19,5,May,May,May 2025,Q2,2025 Q2,FY2025,2025-05,2025-05-31,No,Yes
2025-05-11,20250511,Sunday,Sun,11,7,Yes,19,5,May,May,May 2025,Q2,2025 Q2,FY2025,2025-05,2025-05-31,No,Yes
2025-05-12,20250512,Monday,Mon,12,1,No,20,5,May,May,May 2025,Q2,2025 Q2,FY2025,2025-05,2025-05-31,No,Yes
2025-05-13,20250513,Tuesday,Tue,13,2,No,20,5,May,May,May 2025,Q2,2025 Q2,FY2025,2025-05,2025-05-31,No,Yes
2025-05-14,20250514,Wednesday,Wed,14,3,No,20,5,May,May,May 2025,Q2,2025 Q2,FY2025,2025-05,2025-05-31,No,Yes
2025-05-15,20250515,Thursday,Thu,15,4,No,20,5,May,May,May 2025,Q2,2025 Q2,FY2025,2025-05,2025-05-31,No,Yes
2025-05-16,20250516,Friday,Fri,16,5,No,20,5,May,May,May 2025,Q2,2025 Q2,FY2025,2025-05,2025-05-31,No,Yes
2025-05-17,20250517,Saturday,Sat,17,6,Yes,20,5,May,May,May 2025,Q2,2025 Q2,FY2025,2025-05,2025-05-31,No,Yes
2025-05-18,20250518,Sunday,Sun,18,7,Yes,20,5,May,May,May 2025,Q2,2025 Q2,FY2025,2025-05,2025-05-31,No,Yes
2025-05-19,20250519,Monday,Mon,19,1,No,21,5,May,May,May 2025,Q2,2025 Q2,FY2025,2025-05,2025-05-31,No,Yes
2025-05-20,20250520,Tuesday,Tue,20,2,No,21,5,May,May,May 2025,Q2,2025 Q2,FY2025,2025-05,2025-05-31,No,Yes
2025-05-21,20250521,Wednesday,Wed,21,3,No,21,5,May,May,May 2025,Q2,2025 Q2,FY2025,2025-05,2025-05-31,No,Yes
2025-05-22,20250522,Thursday,Thu,22,4,No,21,5,May,May,May 2025,Q2,2025 Q2,FY2025,2025-05,2025-05-31,No,Yes
2025-05-23,20250523,Friday,Fri,23,5,No,21,5,May,May,May 2025,Q2,2025 Q2,FY2025,2025-05,2025-05-31,No,Yes
2025-05-24,20250524,Saturday,Sat,24,6,Yes,21,5,May,May,May 2025,Q2,2025 Q2,FY2025,2025-05,2025-05-31,No,Yes
2025-05-25,20250525,Sunday,Sun,25,7,Yes,21,5,May,May,May 2025,Q2,2025 Q2,FY2025,2025-05,2025-05-31,No,Yes
2025-05-26,20250526,Monday,Mon,26,1,No,22,5,May,May,May 2025,Q2,2025 Q2,FY2025,2025-05,2025-05-31,No,Yes
2025-05-27,20250527,Tuesday,Tue,27,2,No,22,5,May,May,May 2025,Q2,2025 Q2,FY2025,2025-05,2025-05-31,No,Yes
2025-05-28,20250528,Wednesday,Wed,28,3,No,22,5,May,May,May 2025,Q2,2025 Q2,FY2025,2025-05,2025-05-31,No,Yes
2025-05-29,20250529,Thursday,Thu,29,4,No,22,5,May,May,May 2025,Q2,2025 Q2,FY2025,2025-05,2025-05-31,No,Yes
2025-05-30,20250530,Friday,Fri,30,5,No,22,5,May,May,May 2025,Q2,2025 Q2,FY2025,2025-05,2025-05-31,No,Yes
2025-05-31,20250531,Saturday,Sat,31,6,Yes,22,5,May,May,May 2025,Q2,2025 Q2,FY2025,2025-05,2025-05-31,Yes,Yes
2025-06-01,20250601,Sunday,Sun,1,7,Yes,22,6,June,Jun,Jun 2025,Q2,2025 Q2,FY2025,2025-06,2025-06-30,No,Yes
2025-06-02,20250602,Monday,Mon,2,1,No,23,6,June,Jun,Jun 2025,Q2,2025 Q2,FY2025,2025-06,2025-06-30,No,Yes
2025-06-03,20250603,Tuesday,Tue,3,2,No,23,6,June,Jun,Jun 2025,Q2,2025 Q2,FY2025,2025-06,2025-06-30,No,Yes
2025-06-04,20250604,Wednesday,Wed,4,3,No,23,6,June,Jun,Jun 2025,Q2,2025 Q2,FY2025,2025-06,2025-06-30,No,Yes
2025-06-05,20250605,Thursday,Thu,5,4,No,23,6,June,Jun,Jun 2025,Q2,2025 Q2,FY2025,2025-06,2025-06-30,No,Yes
2025-06-06,20250606,Friday,Fri,6,5,No,23,6,June,Jun,Jun 2025,Q2,2025 Q2,FY2025,2025-06,2025-06-30,No,Yes
2025-06-07,20250607,Saturday,Sat,7,6,Yes,23,6,June,Jun,Jun 2025,Q2,2025 Q2,FY2025,2025-06,2025-06-30,No,Yes
2025-06-08,20250608,Sunday,Sun,8,7,Yes,23,6,June,Jun,Jun 2025,Q2,2025 Q2,FY2025,2025-06,2025-06-30,No,Yes
2025-06-09,20250609,Monday,Mon,9,1,No,24,6,June,Jun,Jun 2025,Q2,2025 Q2,FY2025,2025-06,2025-06-30,No,Yes
2025-06-10,20250610,Tuesday,Tue,10,2,No,24,6,June,Jun,Jun 2025,Q2,2025 Q2,FY2025,2025-06,2025-06-30,No,Yes
2025-06-11,20250611,Wednesday,Wed,11,3,No,24,6,June,Jun,Jun 2025,Q2,2025 Q2,FY2025,2025-06,2025-06-30,No,Yes
2025-06-12,20250612,Thursday,Thu,12,4,No,24,6,June,Jun,Jun 2025,Q2,2025 Q2,FY2025,2025-06,2025-06-30,No,Yes
2025-06-13,20250613,Friday,Fri,13,5,No,24,6,June,Jun,Jun 2025,Q2,2025 Q2,FY2025,2025-06,2025-06-30,No,Yes
2025-06-14,20250614,Saturday,Sat,14,6,Yes,24,6,June,Jun,Jun 2025,Q2,2025 Q2,FY2025,2025-06,2025-06-30,No,Yes
2025-06-15,20250615,Sunday,Sun,15,7,Yes,24,6,June,Jun,Jun 2025,Q2,2025 Q2,FY2025,2025-06,2025-06-30,No,Yes
2025-06-16,20250616,Monday,Mon,16,1,No,25,6,June,Jun,Jun 2025,Q2,2025 Q2,FY2025,2025-06,2025-06-30,No,Yes
2025-06-17,20250617,Tuesday,Tue,17,2,No,25,6,June,Jun,Jun 2025,Q2,2025 Q2,FY2025,2025-06,2025-06-30,No,Yes
2025-06-18,20250618,Wednesday,Wed,18,3,No,25,6,June,Jun,Jun 2025,Q2,2025 Q2,FY2025,2025-06,2025-06-30,No,Yes
2025-06-19,20250619,Thursday,Thu,19,4,No,25,6,June,Jun,Jun 2025,Q2,2025 Q2,FY2025,2025-06,2025-06-30,No,Yes
2025-06-20,20250620,Friday,Fri,20,5,No,25,6,June,Jun,Jun 2025,Q2,2025 Q2,FY2025,2025-06,2025-06-30,No,Yes
2025-06-21,20250621,Saturday,Sat,21,6,Yes,25,6,June,Jun,Jun 2025,Q2,2025 Q2,FY2025,2025-06,2025-06-30,No,Yes
2025-06-22,20250622,Sunday,Sun,22,7,Yes,25,6,June,Jun,Jun 2025,Q2,2025 Q2,FY2025,2025-06,2025-06-30,No,Yes
2025-06-23,20250623,Monday,Mon,23,1,No,26,6,June,Jun,Jun 2025,Q2,2025 Q2,FY2025,2025-06,2025-06-30,No,Yes
2025-06-24,20250624,Tuesday,Tue,24,2,No,26,6,June,Jun,Jun 2025,Q2,2025 Q2,FY2025,2025-06,2025-06-30,No,Yes
2025-06-25,20250625,Wednesday,Wed,25,3,No,26,6,June,Jun,Jun 2025,Q2,2025 Q2,FY2025,2025-06,2025-06-30,No,Yes
2025-06-26,20250626,Thursday,Thu,26,4,No,26,6,June,Jun,Jun 2025,Q2,2025 Q2,FY2025,2025-06,2025-06-30,No,Yes
2025-06-27,20250627,Friday,Fri,27,5,No,26,6,June,Jun,Jun 2025,Q2,2025 Q2,FY2025,2025-06,2025-06-30,No,Yes
2025-06-28,20250628,Saturday,Sat,28,6,Yes,26,6,June,Jun,Jun 2025,Q2,2025 Q2,FY2025,2025-06,2025-06-30,No,Yes
2025-06-29,20250629,Sunday,Sun,29,7,Yes,26,6,June,Jun,Jun 2025,Q2,2025 Q2,FY2025,2025-06,2025-06-30,No,Yes
2025-06-30,20250630,Monday,Mon,30,1,No,27,6,June,Jun,Jun 2025,Q2,2025 Q2,FY2025,2025-06,2025-06-30,Yes,Yes
2025-07-01,20250701,Tuesday,Tue,1,2,No,27,7,July,Jul,Jul 2025,Q3,2025 Q3,FY2025,2025-07,2025-07-31,No,Yes
2025-07-02,20250702,Wednesday,Wed,2,3,No,27,7,July,Jul,Jul 2025,Q3,2025 Q3,FY2025,2025-07,2025-07-31,No,Yes
2025-07-03,20250703,Thursday,Thu,3,4,No,27,7,July,Jul,Jul 2025,Q3,2025 Q3,FY2025,2025-07,2025-07-31,No,Yes
2025-07-04,20250704,Friday,Fri,4,5,No,27,7,July,Jul,Jul 2025,Q3,2025 Q3,FY2025,2025-07,2025-07-31,No,Yes
2025-07-05,20250705,Saturday,Sat,5,6,Yes,27,7,July,Jul,Jul 2025,Q3,2025 Q3,FY2025,2025-07,2025-07-31,No,Yes
2025-07-06,20250706,Sunday,Sun,6,7,Yes,27,7,July,Jul,Jul 2025,Q3,2025 Q3,FY2025,2025-07,2025-07-31,No,Yes
2025-07-07,20250707,Monday,Mon,7,1,No,28,7,July,Jul,Jul 2025,Q3,2025 Q3,FY2025,2025-07,2025-07-31,No,Yes
2025-07-08,20250708,Tuesday,Tue,8,2,No,28,7,July,Jul,Jul 2025,Q3,2025 Q3,FY2025,2025-07,2025-07-31,No,Yes
2025-07-09,20250709,Wednesday,Wed,9,3,No,28,7,July,Jul,Jul 2025,Q3,2025 Q3,FY2025,2025-07,2025-07-31,No,Yes
2025-07-10,20250710,Thursday,Thu,10,4,No,28,7,July,Jul,Jul 2025,Q3,2025 Q3,FY2025,2025-07,2025-07-31,No,Yes
2025-07-11,20250711,Friday,Fri,11,5,No,28,7,July,Jul,Jul 2025,Q3,2025 Q3,FY2025,2025-07,2025-07-31,No,Yes
2025-07-12,20250712,Saturday,Sat,12,6,Yes,28,7,July,Jul,Jul 2025,Q3,2025 Q3,FY2025,2025-07,2025-07-31,No,Yes
2025-07-13,20250713,Sunday,Sun,13,7,Yes,28,7,July,Jul,Jul 2025,Q3,2025 Q3,FY2025,2025-07,2025-07-31,No,Yes
2025-07-14,20250714,Monday,Mon,14,1,No,29,7,July,Jul,Jul 2025,Q3,2025 Q3,FY2025,2025-07,2025-07-31,No,Yes
2025-07-15,20250715,Tuesday,Tue,15,2,No,29,7,July,Jul,Jul 2025,Q3,2025 Q3,FY2025,2025-07,2025-07-31,No,Yes
2025-07-16,20250716,Wednesday,Wed,16,3,No,29,7,July,Jul,Jul 2025,Q3,2025 Q3,FY2025,2025-07,2025-07-31,No,Yes
2025-07-17,20250717,Thursday,Thu,17,4,No,29,7,July,Jul,Jul 2025,Q3,2025 Q3,FY2025,2025-07,2025-07-31,No,Yes
2025-07-18,20250718,Friday,Fri,18,5,No,29,7,July,Jul,Jul 2025,Q3,2025 Q3,FY2025,2025-07,2025-07-31,No,Yes
2025-07-19,20250719,Saturday,Sat,19,6,Yes,29,7,July,Jul,Jul 2025,Q3,2025 Q3,FY2025,2025-07,2025-07-31,No,Yes
2025-07-20,20250720,Sunday,Sun,20,7,Yes,29,7,July,Jul,Jul 2025,Q3,2025 Q3,FY2025,2025-07,2025-07-31,No,Yes
2025-07-21,20250721,Monday,Mon,21,1,No,30,7,July,Jul,Jul 2025,Q3,2025 Q3,FY2025,2025-07,2025-07-31,No,Yes
2025-07-22,20250722,Tuesday,Tue,22,2,No,30,7,July,Jul,Jul 2025,Q3,2025 Q3,FY2025,2025-07,2025-07-31,No,Yes
2025-07-23,20250723,Wednesday,Wed,23,3,No,30,7,July,Jul,Jul 2025,Q3,2025 Q3,FY2025,2025-07,2025-07-31,No,Yes
2025-07-24,20250724,Thursday,Thu,24,4,No,30,7,July,Jul,Jul 2025,Q3,2025 Q3,FY2025,2025-07,2025-07-31,No,Yes
2025-07-25,20250725,Friday,Fri,25,5,No,30,7,July,Jul,Jul 2025,Q3,2025 Q3,FY2025,2025-07,2025-07-31,No,Yes
2025-07-26,20250726,Saturday,Sat,26,6,Yes,30,7,July,Jul,Jul 2025,Q3,2025 Q3,FY2025,2025-07,2025-07-31,No,Yes
2025-07-27,20250727,Sunday,Sun,27,7,Yes,30,7,July,Jul,Jul 2025,Q3,2025 Q3,FY2025,2025-07,2025-07-31,No,Yes
2025-07-28,20250728,Monday,Mon,28,1,No,31,7,July,Jul,Jul 2025,Q3,2025 Q3,FY2025,2025-07,2025-07-31,No,Yes
2025-07-29,20250729,Tuesday,Tue,29,2,No,31,7,July,Jul,Jul 2025,Q3,2025 Q3,FY2025,2025-07,2025-07-31,No,Yes
2025-07-30,20250730,Wednesday,Wed,30,3,No,31,7,July,Jul,Jul 2025,Q3,2025 Q3,FY2025,2025-07,2025-07-31,No,Yes
2025-07-31,20250731,Thursday,Thu,31,4,No,31,7,July,Jul,Jul 2025,Q3,2025 Q3,FY2025,2025-07,2025-07-31,Yes,Yes
2025-08-01,20250801,Friday,Fri,1,5,No,31,8,August,Aug,Aug 2025,Q3,2025 Q3,FY2025,2025-08,2025-08-31,No,Yes
2025-08-02,20250802,Saturday,Sat,2,6,Yes,31,8,August,Aug,Aug 2025,Q3,2025 Q3,FY2025,2025-08,2025-08-31,No,Yes
2025-08-03,20250803,Sunday,Sun,3,7,Yes,31,8,August,Aug,Aug 2025,Q3,2025 Q3,FY2025,2025-08,2025-08-31,No,Yes
2025-08-04,20250804,Monday,Mon,4,1,No,32,8,August,Aug,Aug 2025,Q3,2025 Q3,FY2025,2025-08,2025-08-31,No,Yes
2025-08-05,20250805,Tuesday,Tue,5,2,No,32,8,August,Aug,Aug 2025,Q3,2025 Q3,FY2025,2025-08,2025-08-31,No,Yes
2025-08-06,20250806,Wednesday,Wed,6,3,No,32,8,August,Aug,Aug 2025,Q3,2025 Q3,FY2025,2025-08,2025-08-31,No,Yes
2025-08-07,20250807,Thursday,Thu,7,4,No,32,8,August,Aug,Aug 2025,Q3,2025 Q3,FY2025,2025-08,2025-08-31,No,Yes
2025-08-08,20250808,Friday,Fri,8,5,No,32,8,August,Aug,Aug 2025,Q3,2025 Q3,FY2025,2025-08,2025-08-31,No,Yes
2025-08-09,20250809,Saturday,Sat,9,6,Yes,32,8,August,Aug,Aug 2025,Q3,2025 Q3,FY2025,2025-08,2025-08-31,No,Yes
2025-08-10,20250810,Sunday,Sun,10,7,Yes,32,8,August,Aug,Aug 2025,Q3,2025 Q3,FY2025,2025-08,2025-08-31,No,Yes
2025-08-11,20250811,Monday,Mon,11,1,No,33,8,August,Aug,Aug 2025,Q3,2025 Q3,FY2025,2025-08,2025-08-31,No,Yes
2025-08-12,20250812,Tuesday,Tue,12,2,No,33,8,August,Aug,Aug 2025,Q3,2025 Q3,FY2025,2025-08,2025-08-31,No,Yes
2025-08-13,20250813,Wednesday,Wed,13,3,No,33,8,August,Aug,Aug 2025,Q3,2025 Q3,FY2025,2025-08,2025-08-31,No,Yes
2025-08-14,20250814,Thursday,Thu,14,4,No,33,8,August,Aug,Aug 2025,Q3,2025 Q3,FY2025,2025-08,2025-08-31,No,Yes
2025-08-15,20250815,Friday,Fri,15,5,No,33,8,August,Aug,Aug 2025,Q3,2025 Q3,FY2025,2025-08,2025-08-31,No,Yes
2025-08-16,20250816,Saturday,Sat,16,6,Yes,33,8,August,Aug,Aug 2025,Q3,2025 Q3,FY2025,2025-08,2025-08-31,No,Yes
2025-08-17,20250817,Sunday,Sun,17,7,Yes,33,8,August,Aug,Aug 2025,Q3,2025 Q3,FY2025,2025-08,2025-08-31,No,Yes
2025-08-18,20250818,Monday,Mon,18,1,No,34,8,August,Aug,Aug 2025,Q3,2025 Q3,FY2025,2025-08,2025-08-31,No,Yes
2025-08-19,20250819,Tuesday,Tue,19,2,No,34,8,August,Aug,Aug 2025,Q3,2025 Q3,FY2025,2025-08,2025-08-31,No,Yes
2025-08-20,20250820,Wednesday,Wed,20,3,No,34,8,August,Aug,Aug 2025,Q3,2025 Q3,FY2025,2025-08,2025-08-31,No,Yes
2025-08-21,20250821,Thursday,Thu,21,4,No,34,8,August,Aug,Aug 2025,Q3,2025 Q3,FY2025,2025-08,2025-08-31,No,Yes
2025-08-22,20250822,Friday,Fri,22,5,No,34,8,August,Aug,Aug 2025,Q3,2025 Q3,FY2025,2025-08,2025-08-31,No,Yes
2025-08-23,20250823,Saturday,Sat,23,6,Yes,34,8,August,Aug,Aug 2025,Q3,2025 Q3,FY2025,2025-08,2025-08-31,No,Yes
2025-08-24,20250824,Sunday,Sun,24,7,Yes,34,8,August,Aug,Aug 2025,Q3,2025 Q3,FY2025,2025-08,2025-08-31,No,Yes
2025-08-25,20250825,Monday,Mon,25,1,No,35,8,August,Aug,Aug 2025,Q3,2025 Q3,FY2025,2025-08,2025-08-31,No,Yes
2025-08-26,20250826,Tuesday,Tue,26,2,No,35,8,August,Aug,Aug 2025,Q3,2025 Q3,FY2025,2025-08,2025-08-31,No,Yes
2025-08-27,20250827,Wednesday,Wed,27,3,No,35,8,August,Aug,Aug 2025,Q3,2025 Q3,FY2025,2025-08,2025-08-31,No,Yes
2025-08-28,20250828,Thursday,Thu,28,4,No,35,8,August,Aug,Aug 2025,Q3,2025 Q3,FY2025,2025-08,2025-08-31,No,Yes
2025-08-29,20250829,Friday,Fri,29,5,No,35,8,August,Aug,Aug 2025,Q3,2025 Q3,FY2025,2025-08,2025-08-31,No,Yes
2025-08-30,20250830,Saturday,Sat,30,6,Yes,35,8,August,Aug,Aug 2025,Q3,2025 Q3,FY2025,2025-08,2025-08-31,No,Yes
2025-08-31,20250831,Sunday,Sun,31,7,Yes,35,8,August,Aug,Aug 2025,Q3,2025 Q3,FY2025,2025-08,2025-08-31,Yes,Yes
2025-09-01,20250901,Monday,Mon,1,1,No,36,9,September,Sep,Sep 2025,Q3,2025 Q3,FY2025,2025-09,2025-09-30,No,Yes
2025-09-02,20250902,Tuesday,Tue,2,2,No,36,9,September,Sep,Sep 2025,Q3,2025 Q3,FY2025,2025-09,2025-09-30,No,Yes
2025-09-03,20250903,Wednesday,Wed,3,3,No,36,9,September,Sep,Sep 2025,Q3,2025 Q3,FY2025,2025-09,2025-09-30,No,Yes
2025-09-04,20250904,Thursday,Thu,4,4,No,36,9,September,Sep,Sep 2025,Q3,2025 Q3,FY2025,2025-09,2025-09-30,No,Yes
2025-09-05,20250905,Friday,Fri,5,5,No,36,9,September,Sep,Sep 2025,Q3,2025 Q3,FY2025,2025-09,2025-09-30,No,Yes
2025-09-06,20250906,Saturday,Sat,6,6,Yes,36,9,September,Sep,Sep 2025,Q3,2025 Q3,FY2025,2025-09,2025-09-30,No,Yes
2025-09-07,20250907,Sunday,Sun,7,7,Yes,36,9,September,Sep,Sep 2025,Q3,2025 Q3,FY2025,2025-09,2025-09-30,No,Yes
2025-09-08,20250908,Monday,Mon,8,1,No,37,9,September,Sep,Sep 2025,Q3,2025 Q3,FY2025,2025-09,2025-09-30,No,Yes
2025-09-09,20250909,Tuesday,Tue,9,2,No,37,9,September,Sep,Sep 2025,Q3,2025 Q3,FY2025,2025-09,2025-09-30,No,Yes
2025-09-10,20250910,Wednesday,Wed,10,3,No,37,9,September,Sep,Sep 2025,Q3,2025 Q3,FY2025,2025-09,2025-09-30,No,Yes
2025-09-11,20250911,Thursday,Thu,11,4,No,37,9,September,Sep,Sep 2025,Q3,2025 Q3,FY2025,2025-09,2025-09-30,No,Yes
2025-09-12,20250912,Friday,Fri,12,5,No,37,9,September,Sep,Sep 2025,Q3,2025 Q3,FY2025,2025-09,2025-09-30,No,Yes
2025-09-13,20250913,Saturday,Sat,13,6,Yes,37,9,September,Sep,Sep 2025,Q3,2025 Q3,FY2025,2025-09,2025-09-30,No,Yes
2025-09-14,20250914,Sunday,Sun,14,7,Yes,37,9,September,Sep,Sep 2025,Q3,2025 Q3,FY2025,2025-09,2025-09-30,No,Yes
2025-09-15,20250915,Monday,Mon,15,1,No,38,9,September,Sep,Sep 2025,Q3,2025 Q3,FY2025,2025-09,2025-09-30,No,Yes
2025-09-16,20250916,Tuesday,Tue,16,2,No,38,9,September,Sep,Sep 2025,Q3,2025 Q3,FY2025,2025-09,2025-09-30,No,Yes
2025-09-17,20250917,Wednesday,Wed,17,3,No,38,9,September,Sep,Sep 2025,Q3,2025 Q3,FY2025,2025-09,2025-09-30,No,Yes
2025-09-18,20250918,Thursday,Thu,18,4,No,38,9,September,Sep,Sep 2025,Q3,2025 Q3,FY2025,2025-09,2025-09-30,No,Yes
2025-09-19,20250919,Friday,Fri,19,5,No,38,9,September,Sep,Sep 2025,Q3,2025 Q3,FY2025,2025-09,2025-09-30,No,Yes
2025-09-20,20250920,Saturday,Sat,20,6,Yes,38,9,September,Sep,Sep 2025,Q3,2025 Q3,FY2025,2025-09,2025-09-30,No,Yes
2025-09-21,20250921,Sunday,Sun,21,7,Yes,38,9,September,Sep,Sep 2025,Q3,2025 Q3,FY2025,2025-09,2025-09-30,No,Yes
2025-09-22,20250922,Monday,Mon,22,1,No,39,9,September,Sep,Sep 2025,Q3,2025 Q3,FY2025,2025-09,2025-09-30,No,Yes
2025-09-23,20250923,Tuesday,Tue,23,2,No,39,9,September,Sep,Sep 2025,Q3,2025 Q3,FY2025,2025-09,2025-09-30,No,Yes
2025-09-24,20250924,Wednesday,Wed,24,3,No,39,9,September,Sep,Sep 2025,Q3,2025 Q3,FY2025,2025-09,2025-09-30,No,Yes
2025-09-25,20250925,Thursday,Thu,25,4,No,39,9,September,Sep,Sep 2025,Q3,2025 Q3,FY2025,2025-09,2025-09-30,No,Yes
2025-09-26,20250926,Friday,Fri,26,5,No,39,9,September,Sep,Sep 2025,Q3,2025 Q3,FY2025,2025-09,2025-09-30,No,Yes
2025-09-27,20250927,Saturday,Sat,27,6,Yes,39,9,September,Sep,Sep 2025,Q3,2025 Q3,FY2025,2025-09,2025-09-30,No,Yes
2025-09-28,20250928,Sunday,Sun,28,7,Yes,39,9,September,Sep,Sep 2025,Q3,2025 Q3,FY2025,2025-09,2025-09-30,No,Yes
2025-09-29,20250929,Monday,Mon,29,1,No,40,9,September,Sep,Sep 2025,Q3,2025 Q3,FY2025,2025-09,2025-09-30,No,Yes
2025-09-30,20250930,Tuesday,Tue,30,2,No,40,9,September,Sep,Sep 2025,Q3,2025 Q3,FY2025,2025-09,2025-09-30,Yes,Yes
2025-10-01,20251001,Wednesday,Wed,1,3,No,40,10,October,Oct,Oct 2025,Q4,2025 Q4,FY2025,2025-10,2025-10-01,No,Yes
2025-10-02,20251002,Thursday,Thu,2,4,No,40,10,October,Oct,Oct 2025,Q4,2025 Q4,FY2025,2025-10,2025-10-02,No,Yes
2025-10-03,20251003,Friday,Fri,3,5,No,40,10,October,Oct,Oct 2025,Q4,2025 Q4,FY2025,2025-10,2025-10-03,No,Yes
2025-10-04,20251004,Saturday,Sat,4,6,Yes,40,10,October,Oct,Oct 2025,Q4,2025 Q4,FY2025,2025-10,2025-10-04,No,Yes
2025-10-05,20251005,Sunday,Sun,5,7,Yes,40,10,October,Oct,Oct 2025,Q4,2025 Q4,FY2025,2025-10,2025-10-05,No,Yes
2025-10-06,20251006,Monday,Mon,6,1,No,41,10,October,Oct,Oct 2025,Q4,2025 Q4,FY2025,2025-10,2025-10-06,No,Yes
2025-10-07,20251007,Tuesday,Tue,7,2,No,41,10,October,Oct,Oct 2025,Q4,2025 Q4,FY2025,2025-10,2025-10-07,No,Yes
2025-10-08,20251008,Wednesday,Wed,8,3,No,41,10,October,Oct,Oct 2025,Q4,2025 Q4,FY2025,2025-10,2025-10-08,No,Yes
2025-10-09,20251009,Thursday,Thu,9,4,No,41,10,October,Oct,Oct 2025,Q4,2025 Q4,FY2025,2025-10,2025-10-09,No,Yes
2025-10-10,20251010,Friday,Fri,10,5,No,41,10,October,Oct,Oct 2025,Q4,2025 Q4,FY2025,2025-10,2025-10-10,No,Yes
2025-10-11,20251011,Saturday,Sat,11,6,Yes,41,10,October,Oct,Oct 2025,Q4,2025 Q4,FY2025,2025-10,2025-10-11,No,Yes
2025-10-12,20251012,Sunday,Sun,12,7,Yes,41,10,October,Oct,Oct 2025,Q4,2025 Q4,FY2025,2025-10,2025-10-12,No,Yes
2025-10-13,20251013,Monday,Mon,13,1,No,42,10,October,Oct,Oct 2025,Q4,2025 Q4,FY2025,2025-10,2025-10-13,No,Yes
2025-10-14,20251014,Tuesday,Tue,14,2,No,42,10,October,Oct,Oct 2025,Q4,2025 Q4,FY2025,2025-10,2025-10-14,No,Yes
2025-10-15,20251015,Wednesday,Wed,15,3,No,42,10,October,Oct,Oct 2025,Q4,2025 Q4,FY2025,2025-10,2025-10-15,No,Yes
2025-10-16,20251016,Thursday,Thu,16,4,No,42,10,October,Oct,Oct 2025,Q4,2025 Q4,FY2025,2025-10,2025-10-16,No,Yes
2025-10-17,20251017,Friday,Fri,17,5,No,42,10,October,Oct,Oct 2025,Q4,2025 Q4,FY2025,2025-10,2025-10-17,No,Yes
2025-10-18,20251018,Saturday,Sat,18,6,Yes,42,10,October,Oct,Oct 2025,Q4,2025 Q4,FY2025,2025-10,2025-10-18,No,Yes
2025-10-19,20251019,Sunday,Sun,19,7,Yes,42,10,October,Oct,Oct 2025,Q4,2025 Q4,FY2025,2025-10,2025-10-19,No,Yes
2025-10-20,20251020,Monday,Mon,20,1,No,43,10,October,Oct,Oct 2025,Q4,2025 Q4,FY2025,2025-10,2025-10-20,No,Yes
2025-10-21,20251021,Tuesday,Tue,21,2,No,43,10,October,Oct,Oct 2025,Q4,2025 Q4,FY2025,2025-10,2025-10-21,No,Yes
2025-10-22,20251022,Wednesday,Wed,22,3,No,43,10,October,Oct,Oct 2025,Q4,2025 Q4,FY2025,2025-10,2025-10-22,No,Yes
2025-10-23,20251023,Thursday,Thu,23,4,No,43,10,October,Oct,Oct 2025,Q4,2025 Q4,FY2025,2025-10,2025-10-23,No,Yes
2025-10-24,20251024,Friday,Fri,24,5,No,43,10,October,Oct,Oct 2025,Q4,2025 Q4,FY2025,2025-10,2025-10-24,No,Yes
2025-10-25,20251025,Saturday,Sat,25,6,Yes,43,10,October,Oct,Oct 2025,Q4,2025 Q4,FY2025,2025-10,2025-10-25,No,Yes
2025-10-26,20251026,Sunday,Sun,26,7,Yes,43,10,October,Oct,Oct 2025,Q4,2025 Q4,FY2025,2025-10,2025-10-26,No,Yes
2025-10-27,20251027,Monday,Mon,27,1,No,44,10,October,Oct,Oct 2025,Q4,2025 Q4,FY2025,2025-10,2025-10-27,No,Yes
2025-10-28,20251028,Tuesday,Tue,28,2,No,44,10,October,Oct,Oct 2025,Q4,2025 Q4,FY2025,2025-10,2025-10-28,No,Yes
2025-10-29,20251029,Wednesday,Wed,29,3,No,44,10,October,Oct,Oct 2025,Q4,2025 Q4,FY2025,2025-10,2025-10-29,No,Yes
2025-10-30,20251030,Thursday,Thu,30,4,No,44,10,October,Oct,Oct 2025,Q4,2025 Q4,FY2025,2025-10,2025-10-30,No,Yes
2025-10-31,20251031,Friday,Fri,31,5,No,44,10,October,Oct,Oct 2025,Q4,2025 Q4,FY2025,2025-10,2025-10-31,Yes,Yes
2025-11-01,20251101,Saturday,Sat,1,6,Yes,44,11,November,Nov,Nov 2025,Q4,2025 Q4,FY2025,2025-11,2025-11-01,No,Yes
2025-11-02,20251102,Sunday,Sun,2,7,Yes,44,11,November,Nov,Nov 2025,Q4,2025 Q4,FY2025,2025-11,2025-11-02,No,Yes
2025-11-03,20251103,Monday,Mon,3,1,No,45,11,November,Nov,Nov 2025,Q4,2025 Q4,FY2025,2025-11,2025-11-03,No,Yes
2025-11-04,20251104,Tuesday,Tue,4,2,No,45,11,November,Nov,Nov 2025,Q4,2025 Q4,FY2025,2025-11,2025-11-04,No,Yes
2025-11-05,20251105,Wednesday,Wed,5,3,No,45,11,November,Nov,Nov 2025,Q4,2025 Q4,FY2025,2025-11,2025-11-05,No,Yes
2025-11-06,20251106,Thursday,Thu,6,4,No,45,11,November,Nov,Nov 2025,Q4,2025 Q4,FY2025,2025-11,2025-11-06,No,Yes
2025-11-07,20251107,Friday,Fri,7,5,No,45,11,November,Nov,Nov 2025,Q4,2025 Q4,FY2025,2025-11,2025-11-07,No,Yes
2025-11-08,20251108,Saturday,Sat,8,6,Yes,45,11,November,Nov,Nov 2025,Q4,2025 Q4,FY2025,2025-11,2025-11-08,No,Yes
2025-11-09,20251109,Sunday,Sun,9,7,Yes,45,11,November,Nov,Nov 2025,Q4,2025 Q4,FY2025,2025-11,2025-11-09,No,Yes
2025-11-10,20251110,Monday,Mon,10,1,No,46,11,November,Nov,Nov 2025,Q4,2025 Q4,FY2025,2025-11,2025-11-10,No,Yes
2025-11-11,20251111,Tuesday,Tue,11,2,No,46,11,November,Nov,Nov 2025,Q4,2025 Q4,FY2025,2025-11,2025-11-11,No,Yes
2025-11-12,20251112,Wednesday,Wed,12,3,No,46,11,November,Nov,Nov 2025,Q4,2025 Q4,FY2025,2025-11,2025-11-12,No,Yes
2025-11-13,20251113,Thursday,Thu,13,4,No,46,11,November,Nov,Nov 2025,Q4,2025 Q4,FY2025,2025-11,2025-11-13,No,Yes
2025-11-14,20251114,Friday,Fri,14,5,No,46,11,November,Nov,Nov 2025,Q4,2025 Q4,FY2025,2025-11,2025-11-14,No,Yes
2025-11-15,20251115,Saturday,Sat,15,6,Yes,46,11,November,Nov,Nov 2025,Q4,2025 Q4,FY2025,2025-11,2025-11-15,No,Yes
2025-11-16,20251116,Sunday,Sun,16,7,Yes,46,11,November,Nov,Nov 2025,Q4,2025 Q4,FY2025,2025-11,2025-11-16,No,Yes
2025-11-17,20251117,Monday,Mon,17,1,No,47,11,November,Nov,Nov 2025,Q4,2025 Q4,FY2025,2025-11,2025-11-17,No,Yes
2025-11-18,20251118,Tuesday,Tue,18,2,No,47,11,November,Nov,Nov 2025,Q4,2025 Q4,FY2025,2025-11,2025-11-18,No,Yes
2025-11-19,20251119,Wednesday,Wed,19,3,No,47,11,November,Nov,Nov 2025,Q4,2025 Q4,FY2025,2025-11,2025-11-19,No,Yes
2025-11-20,20251120,Thursday,Thu,20,4,No,47,11,November,Nov,Nov 2025,Q4,2025 Q4,FY2025,2025-11,2025-11-20,No,Yes
2025-11-21,20251121,Friday,Fri,21,5,No,47,11,November,Nov,Nov 2025,Q4,2025 Q4,FY2025,2025-11,2025-11-21,No,Yes
2025-11-22,20251122,Saturday,Sat,22,6,Yes,47,11,November,Nov,Nov 2025,Q4,2025 Q4,FY2025,2025-11,2025-11-22,No,Yes
2025-11-23,20251123,Sunday,Sun,23,7,Yes,47,11,November,Nov,Nov 2025,Q4,2025 Q4,FY2025,2025-11,2025-11-23,No,Yes
2025-11-24,20251124,Monday,Mon,24,1,No,48,11,November,Nov,Nov 2025,Q4,2025 Q4,FY2025,2025-11,2025-11-24,No,Yes
2025-11-25,20251125,Tuesday,Tue,25,2,No,48,11,November,Nov,Nov 2025,Q4,2025 Q4,FY2025,2025-11,2025-11-25,No,Yes
2025-11-26,20251126,Wednesday,Wed,26,3,No,48,11,November,Nov,Nov 2025,Q4,2025 Q4,FY2025,2025-11,2025-11-26,No,Yes
2025-11-27,20251127,Thursday,Thu,27,4,No,48,11,November,Nov,Nov 2025,Q4,2025 Q4,FY2025,2025-11,2025-11-27,No,Yes
2025-11-28,20251128,Friday,Fri,28,5,No,48,11,November,Nov,Nov 2025,Q4,2025 Q4,FY2025,2025-11,2025-11-28,No,Yes
2025-11-29,20251129,Saturday,Sat,29,6,Yes,48,11,November,Nov,Nov 2025,Q4,2025 Q4,FY2025,2025-11,2025-11-29,No,Yes
2025-11-30,20251130,Sunday,Sun,30,7,Yes,48,11,November,Nov,Nov 2025,Q4,2025 Q4,FY2025,2025-11,2025-11-30,Yes,Yes
2025-12-01,20251201,Monday,Mon,1,1,No,49,12,December,Dec,Dec 2025,Q4,2025 Q4,FY2025,2025-12,2025-12-01,No,Yes
2025-12-02,20251202,Tuesday,Tue,2,2,No,49,12,December,Dec,Dec 2025,Q4,2025 Q4,FY2025,2025-12,2025-12-02,No,Yes
2025-12-03,20251203,Wednesday,Wed,3,3,No,49,12,December,Dec,Dec 2025,Q4,2025 Q4,FY2025,2025-12,2025-12-03,No,Yes
2025-12-04,20251204,Thursday,Thu,4,4,No,49,12,December,Dec,Dec 2025,Q4,2025 Q4,FY2025,2025-12,2025-12-04,No,Yes
2025-12-05,20251205,Friday,Fri,5,5,No,49,12,December,Dec,Dec 2025,Q4,2025 Q4,FY2025,2025-12,2025-12-05,No,Yes
2025-12-06,20251206,Saturday,Sat,6,6,Yes,49,12,December,Dec,Dec 2025,Q4,2025 Q4,FY2025,2025-12,2025-12-06,No,Yes
2025-12-07,20251207,Sunday,Sun,7,7,Yes,49,12,December,Dec,Dec 2025,Q4,2025 Q4,FY2025,2025-12,2025-12-07,No,Yes
2025-12-08,20251208,Monday,Mon,8,1,No,50,12,December,Dec,Dec 2025,Q4,2025 Q4,FY2025,2025-12,2025-12-08,No,Yes
2025-12-09,20251209,Tuesday,Tue,9,2,No,50,12,December,Dec,Dec 2025,Q4,2025 Q4,FY2025,2025-12,2025-12-09,No,Yes
2025-12-10,20251210,Wednesday,Wed,10,3,No,50,12,December,Dec,Dec 2025,Q4,2025 Q4,FY2025,2025-12,2025-12-10,No,Yes
2025-12-11,20251211,Thursday,Thu,11,4,No,50,12,December,Dec,Dec 2025,Q4,2025 Q4,FY2025,2025-12,2025-12-11,No,Yes
2025-12-12,20251212,Friday,Fri,12,5,No,50,12,December,Dec,Dec 2025,Q4,2025 Q4,FY2025,2025-12,2025-12-12,No,Yes
2025-12-13,20251213,Saturday,Sat,13,6,Yes,50,12,December,Dec,Dec 2025,Q4,2025 Q4,FY2025,2025-12,2025-12-13,No,Yes
2025-12-14,20251214,Sunday,Sun,14,7,Yes,50,12,December,Dec,Dec 2025,Q4,2025 Q4,FY2025,2025-12,2025-12-14,No,Yes
2025-12-15,20251215,Monday,Mon,15,1,No,51,12,December,Dec,Dec 2025,Q4,2025 Q4,FY2025,2025-12,2025-12-15,No,Yes
2025-12-16,20251216,Tuesday,Tue,16,2,No,51,12,December,Dec,Dec 2025,Q4,2025 Q4,FY2025,2025-12,2025-12-16,No,Yes
2025-12-17,20251217,Wednesday,Wed,17,3,No,51,12,December,Dec,Dec 2025,Q4,2025 Q4,FY2025,2025-12,2025-12-17,No,Yes
2025-12-18,20251218,Thursday,Thu,18,4,No,51,12,December,Dec,Dec 2025,Q4,2025 Q4,FY2025,2025-12,2025-12-18,No,Yes
2025-12-19,20251219,Friday,Fri,19,5,No,51,12,December,Dec,Dec 2025,Q4,2025 Q4,FY2025,2025-12,2025-12-19,No,Yes
2025-12-20,20251220,Saturday,Sat,20,6,Yes,51,12,December,Dec,Dec 2025,Q4,2025 Q4,FY2025,2025-12,2025-12-20,No,Yes
2025-12-21,20251221,Sunday,Sun,21,7,Yes,51,12,December,Dec,Dec 2025,Q4,2025 Q4,FY2025,2025-12,2025-12-21,No,Yes
2025-12-22,20251222,Monday,Mon,22,1,No,52,12,December,Dec,Dec 2025,Q4,2025 Q4,FY2025,2025-12,2025-12-22,No,Yes
2025-12-23,20251223,Tuesday,Tue,23,2,No,52,12,December,Dec,Dec 2025,Q4,2025 Q4,FY2025,2025-12,2025-12-23,No,Yes
2025-12-24,20251224,Wednesday,Wed,24,3,No,52,12,December,Dec,Dec 2025,Q4,2025 Q4,FY2025,2025-12,2025-12-24,No,Yes
2025-12-25,20251225,Thursday,Thu,25,4,No,52,12,December,Dec,Dec 2025,Q4,2025 Q4,FY2025,2025-12,2025-12-25,No,Yes
2025-12-26,20251226,Friday,Fri,26,5,No,52,12,December,Dec,Dec 2025,Q4,2025 Q4,FY2025,2025-12,2025-12-26,No,Yes
2025-12-27,20251227,Saturday,Sat,27,6,Yes,52,12,December,Dec,Dec 2025,Q4,2025 Q4,FY2025,2025-12,2025-12-27,No,Yes
2025-12-28,20251228,Sunday,Sun,28,7,Yes,52,12,December,Dec,Dec 2025,Q4,2025 Q4,FY2025,2025-12,2025-12-28,No,Yes
2025-12-29,20251229,Monday,Mon,29,1,No,1,12,December,Dec,Dec 2025,Q4,2025 Q4,FY2025,2025-12,2025-12-29,No,Yes
2025-12-30,20251230,Tuesday,Tue,30,2,No,1,12,December,Dec,Dec 2025,Q4,2025 Q4,FY2025,2025-12,2025-12-30,No,Yes
2025-12-31,20251231,Wednesday,Wed,31,3,No,1,12,December,Dec,Dec 2025,Q4,2025 Q4,FY2025,2025-12,2025-12-31,Yes,Yes
2026-01-01,20260101,Thursday,Thu,1,4,No,1,1,January,Jan,Jan 2026,Q1,2026 Q1,FY2026,2026-01,2026-01-01,No,No
2026-01-02,20260102,Friday,Fri,2,5,No,1,1,January,Jan,Jan 2026,Q1,2026 Q1,FY2026,2026-01,2026-01-02,No,No
2026-01-03,20260103,Saturday,Sat,3,6,Yes,1,1,January,Jan,Jan 2026,Q1,2026 Q1,FY2026,2026-01,2026-01-03,No,No
2026-01-04,20260104,Sunday,Sun,4,7,Yes,1,1,January,Jan,Jan 2026,Q1,2026 Q1,FY2026,2026-01,2026-01-04,No,No
2026-01-05,20260105,Monday,Mon,5,1,No,2,1,January,Jan,Jan 2026,Q1,2026 Q1,FY2026,2026-01,2026-01-05,No,No
2026-01-06,20260106,Tuesday,Tue,6,2,No,2,1,January,Jan,Jan 2026,Q1,2026 Q1,FY2026,2026-01,2026-01-06,No,No
2026-01-07,20260107,Wednesday,Wed,7,3,No,2,1,January,Jan,Jan 2026,Q1,2026 Q1,FY2026,2026-01,2026-01-07,No,No
2026-01-08,20260108,Thursday,Thu,8,4,No,2,1,January,Jan,Jan 2026,Q1,2026 Q1,FY2026,2026-01,2026-01-08,No,No
2026-01-09,20260109,Friday,Fri,9,5,No,2,1,January,Jan,Jan 2026,Q1,2026 Q1,FY2026,2026-01,2026-01-09,No,No
2026-01-10,20260110,Saturday,Sat,10,6,Yes,2,1,January,Jan,Jan 2026,Q1,2026 Q1,FY2026,2026-01,2026-01-10,No,No
2026-01-11,20260111,Sunday,Sun,11,7,Yes,2,1,January,Jan,Jan 2026,Q1,2026 Q1,FY2026,2026-01,2026-01-11,No,No
2026-01-12,20260112,Monday,Mon,12,1,No,3,1,January,Jan,Jan 2026,Q1,2026 Q1,FY2026,2026-01,2026-01-12,No,No
2026-01-13,20260113,Tuesday,Tue,13,2,No,3,1,January,Jan,Jan 2026,Q1,2026 Q1,FY2026,2026-01,2026-01-13,No,No
2026-01-14,20260114,Wednesday,Wed,14,3,No,3,1,January,Jan,Jan 2026,Q1,2026 Q1,FY2026,2026-01,2026-01-14,No,No
2026-01-15,20260115,Thursday,Thu,15,4,No,3,1,January,Jan,Jan 2026,Q1,2026 Q1,FY2026,2026-01,2026-01-15,No,No
2026-01-16,20260116,Friday,Fri,16,5,No,3,1,January,Jan,Jan 2026,Q1,2026 Q1,FY2026,2026-01,2026-01-16,No,No
2026-01-17,20260117,Saturday,Sat,17,6,Yes,3,1,January,Jan,Jan 2026,Q1,2026 Q1,FY2026,2026-01,2026-01-17,No,No
2026-01-18,20260118,Sunday,Sun,18,7,Yes,3,1,January,Jan,Jan 2026,Q1,2026 Q1,FY2026,2026-01,2026-01-18,No,No
2026-01-19,20260119,Monday,Mon,19,1,No,4,1,January,Jan,Jan 2026,Q1,2026 Q1,FY2026,2026-01,2026-01-19,No,No
2026-01-20,20260120,Tuesday,Tue,20,2,No,4,1,January,Jan,Jan 2026,Q1,2026 Q1,FY2026,2026-01,2026-01-20,No,No
2026-01-21,20260121,Wednesday,Wed,21,3,No,4,1,January,Jan,Jan 2026,Q1,2026 Q1,FY2026,2026-01,2026-01-21,No,No
2026-01-22,20260122,Thursday,Thu,22,4,No,4,1,January,Jan,Jan 2026,Q1,2026 Q1,FY2026,2026-01,2026-01-22,No,No
2026-01-23,20260123,Friday,Fri,23,5,No,4,1,January,Jan,Jan 2026,Q1,2026 Q1,FY2026,2026-01,2026-01-23,No,No
2026-01-24,20260124,Saturday,Sat,24,6,Yes,4,1,January,Jan,Jan 2026,Q1,2026 Q1,FY2026,2026-01,2026-01-24,No,No
2026-01-25,20260125,Sunday,Sun,25,7,Yes,4,1,January,Jan,Jan 2026,Q1,2026 Q1,FY2026,2026-01,2026-01-25,No,No
2026-01-26,20260126,Monday,Mon,26,1,No,5,1,January,Jan,Jan 2026,Q1,2026 Q1,FY2026,2026-01,2026-01-26,No,No
2026-01-27,20260127,Tuesday,Tue,27,2,No,5,1,January,Jan,Jan 2026,Q1,2026 Q1,FY2026,2026-01,2026-01-27,No,No
2026-01-28,20260128,Wednesday,Wed,28,3,No,5,1,January,Jan,Jan 2026,Q1,2026 Q1,FY2026,2026-01,2026-01-28,No,No
2026-01-29,20260129,Thursday,Thu,29,4,No,5,1,January,Jan,Jan 2026,Q1,2026 Q1,FY2026,2026-01,2026-01-29,No,No
2026-01-30,20260130,Friday,Fri,30,5,No,5,1,January,Jan,Jan 2026,Q1,2026 Q1,FY2026,2026-01,2026-01-30,No,No
2026-01-31,20260131,Saturday,Sat,31,6,Yes,5,1,January,Jan,Jan 2026,Q1,2026 Q1,FY2026,2026-01,2026-01-31,Yes,No
2026-02-01,20260201,Sunday,Sun,1,7,Yes,5,2,February,Feb,Feb 2026,Q1,2026 Q1,FY2026,2026-02,2026-02-01,No,No
2026-02-02,20260202,Monday,Mon,2,1,No,6,2,February,Feb,Feb 2026,Q1,2026 Q1,FY2026,2026-02,2026-02-02,No,No
2026-02-03,20260203,Tuesday,Tue,3,2,No,6,2,February,Feb,Feb 2026,Q1,2026 Q1,FY2026,2026-02,2026-02-03,No,No
2026-02-04,20260204,Wednesday,Wed,4,3,No,6,2,February,Feb,Feb 2026,Q1,2026 Q1,FY2026,2026-02,2026-02-04,No,No
2026-02-05,20260205,Thursday,Thu,5,4,No,6,2,February,Feb,Feb 2026,Q1,2026 Q1,FY2026,2026-02,2026-02-05,No,No
2026-02-06,20260206,Friday,Fri,6,5,No,6,2,February,Feb,Feb 2026,Q1,2026 Q1,FY2026,2026-02,2026-02-06,No,No
2026-02-07,20260207,Saturday,Sat,7,6,Yes,6,2,February,Feb,Feb 2026,Q1,2026 Q1,FY2026,2026-02,2026-02-07,No,No
2026-02-08,20260208,Sunday,Sun,8,7,Yes,6,2,February,Feb,Feb 2026,Q1,2026 Q1,FY2026,2026-02,2026-02-08,No,No
2026-02-09,20260209,Monday,Mon,9,1,No,7,2,February,Feb,Feb 2026,Q1,2026 Q1,FY2026,2026-02,2026-02-09,No,No
2026-02-10,20260210,Tuesday,Tue,10,2,No,7,2,February,Feb,Feb 2026,Q1,2026 Q1,FY2026,2026-02,2026-02-10,No,No
2026-02-11,20260211,Wednesday,Wed,11,3,No,7,2,February,Feb,Feb 2026,Q1,2026 Q1,FY2026,2026-02,2026-02-11,No,No
2026-02-12,20260212,Thursday,Thu,12,4,No,7,2,February,Feb,Feb 2026,Q1,2026 Q1,FY2026,2026-02,2026-02-12,No,No
2026-02-13,20260213,Friday,Fri,13,5,No,7,2,February,Feb,Feb 2026,Q1,2026 Q1,FY2026,2026-02,2026-02-13,No,No
2026-02-14,20260214,Saturday,Sat,14,6,Yes,7,2,February,Feb,Feb 2026,Q1,2026 Q1,FY2026,2026-02,2026-02-14,No,No
2026-02-15,20260215,Sunday,Sun,15,7,Yes,7,2,February,Feb,Feb 2026,Q1,2026 Q1,FY2026,2026-02,2026-02-15,No,No
2026-02-16,20260216,Monday,Mon,16,1,No,8,2,February,Feb,Feb 2026,Q1,2026 Q1,FY2026,2026-02,2026-02-16,No,No
2026-02-17,20260217,Tuesday,Tue,17,2,No,8,2,February,Feb,Feb 2026,Q1,2026 Q1,FY2026,2026-02,2026-02-17,No,No
2026-02-18,20260218,Wednesday,Wed,18,3,No,8,2,February,Feb,Feb 2026,Q1,2026 Q1,FY2026,2026-02,2026-02-18,No,No
2026-02-19,20260219,Thursday,Thu,19,4,No,8,2,February,Feb,Feb 2026,Q1,2026 Q1,FY2026,2026-02,2026-02-19,No,No
2026-02-20,20260220,Friday,Fri,20,5,No,8,2,February,Feb,Feb 2026,Q1,2026 Q1,FY2026,2026-02,2026-02-20,No,No
2026-02-21,20260221,Saturday,Sat,21,6,Yes,8,2,February,Feb,Feb 2026,Q1,2026 Q1,FY2026,2026-02,2026-02-21,No,No
2026-02-22,20260222,Sunday,Sun,22,7,Yes,8,2,February,Feb,Feb 2026,Q1,2026 Q1,FY2026,2026-02,2026-02-22,No,No
2026-02-23,20260223,Monday,Mon,23,1,No,9,2,February,Feb,Feb 2026,Q1,2026 Q1,FY2026,2026-02,2026-02-23,No,No
2026-02-24,20260224,Tuesday,Tue,24,2,No,9,2,February,Feb,Feb 2026,Q1,2026 Q1,FY2026,2026-02,2026-02-24,No,No
2026-02-25,20260225,Wednesday,Wed,25,3,No,9,2,February,Feb,Feb 2026,Q1,2026 Q1,FY2026,2026-02,2026-02-25,No,No
2026-02-26,20260226,Thursday,Thu,26,4,No,9,2,February,Feb,Feb 2026,Q1,2026 Q1,FY2026,2026-02,2026-02-26,No,No
2026-02-27,20260227,Friday,Fri,27,5,No,9,2,February,Feb,Feb 2026,Q1,2026 Q1,FY2026,2026-02,2026-02-27,No,No
2026-02-28,20260228,Saturday,Sat,28,6,Yes,9,2,February,Feb,Feb 2026,Q1,2026 Q1,FY2026,2026-02,2026-02-28,Yes,No
2026-03-01,20260301,Sunday,Sun,1,7,Yes,9,3,March,Mar,Mar 2026,Q1,2026 Q1,FY2026,2026-03,2026-03-01,No,No
2026-03-02,20260302,Monday,Mon,2,1,No,10,3,March,Mar,Mar 2026,Q1,2026 Q1,FY2026,2026-03,2026-03-02,No,No
2026-03-03,20260303,Tuesday,Tue,3,2,No,10,3,March,Mar,Mar 2026,Q1,2026 Q1,FY2026,2026-03,2026-03-03,No,No
2026-03-04,20260304,Wednesday,Wed,4,3,No,10,3,March,Mar,Mar 2026,Q1,2026 Q1,FY2026,2026-03,2026-03-04,No,No
2026-03-05,20260305,Thursday,Thu,5,4,No,10,3,March,Mar,Mar 2026,Q1,2026 Q1,FY2026,2026-03,2026-03-05,No,No
2026-03-06,20260306,Friday,Fri,6,5,No,10,3,March,Mar,Mar 2026,Q1,2026 Q1,FY2026,2026-03,2026-03-06,No,No
2026-03-07,20260307,Saturday,Sat,7,6,Yes,10,3,March,Mar,Mar 2026,Q1,2026 Q1,FY2026,2026-03,2026-03-07,No,No
2026-03-08,20260308,Sunday,Sun,8,7,Yes,10,3,March,Mar,Mar 2026,Q1,2026 Q1,FY2026,2026-03,2026-03-08,No,No
2026-03-09,20260309,Monday,Mon,9,1,No,11,3,March,Mar,Mar 2026,Q1,2026 Q1,FY2026,2026-03,2026-03-09,No,No
2026-03-10,20260310,Tuesday,Tue,10,2,No,11,3,March,Mar,Mar 2026,Q1,2026 Q1,FY2026,2026-03,2026-03-10,No,No
2026-03-11,20260311,Wednesday,Wed,11,3,No,11,3,March,Mar,Mar 2026,Q1,2026 Q1,FY2026,2026-03,2026-03-11,No,No
2026-03-12,20260312,Thursday,Thu,12,4,No,11,3,March,Mar,Mar 2026,Q1,2026 Q1,FY2026,2026-03,2026-03-12,No,No
2026-03-13,20260313,Friday,Fri,13,5,No,11,3,March,Mar,Mar 2026,Q1,2026 Q1,FY2026,2026-03,2026-03-13,No,No
2026-03-14,20260314,Saturday,Sat,14,6,Yes,11,3,March,Mar,Mar 2026,Q1,2026 Q1,FY2026,2026-03,2026-03-14,No,No
2026-03-15,20260315,Sunday,Sun,15,7,Yes,11,3,March,Mar,Mar 2026,Q1,2026 Q1,FY2026,2026-03,2026-03-15,No,No
2026-03-16,20260316,Monday,Mon,16,1,No,12,3,March,Mar,Mar 2026,Q1,2026 Q1,FY2026,2026-03,2026-03-16,No,No
2026-03-17,20260317,Tuesday,Tue,17,2,No,12,3,March,Mar,Mar 2026,Q1,2026 Q1,FY2026,2026-03,2026-03-17,No,No
2026-03-18,20260318,Wednesday,Wed,18,3,No,12,3,March,Mar,Mar 2026,Q1,2026 Q1,FY2026,2026-03,2026-03-18,No,No
2026-03-19,20260319,Thursday,Thu,19,4,No,12,3,March,Mar,Mar 2026,Q1,2026 Q1,FY2026,2026-03,2026-03-19,No,No
2026-03-20,20260320,Friday,Fri,20,5,No,12,3,March,Mar,Mar 2026,Q1,2026 Q1,FY2026,2026-03,2026-03-20,No,No
2026-03-21,20260321,Saturday,Sat,21,6,Yes,12,3,March,Mar,Mar 2026,Q1,2026 Q1,FY2026,2026-03,2026-03-21,No,No
2026-03-22,20260322,Sunday,Sun,22,7,Yes,12,3,March,Mar,Mar 2026,Q1,2026 Q1,FY2026,2026-03,2026-03-22,No,No
2026-03-23,20260323,Monday,Mon,23,1,No,13,3,March,Mar,Mar 2026,Q1,2026 Q1,FY2026,2026-03,2026-03-23,No,No
2026-03-24,20260324,Tuesday,Tue,24,2,No,13,3,March,Mar,Mar 2026,Q1,2026 Q1,FY2026,2026-03,2026-03-24,No,No
2026-03-25,20260325,Wednesday,Wed,25,3,No,13,3,March,Mar,Mar 2026,Q1,2026 Q1,FY2026,2026-03,2026-03-25,No,No
2026-03-26,20260326,Thursday,Thu,26,4,No,13,3,March,Mar,Mar 2026,Q1,2026 Q1,FY2026,2026-03,2026-03-26,No,No
2026-03-27,20260327,Friday,Fri,27,5,No,13,3,March,Mar,Mar 2026,Q1,2026 Q1,FY2026,2026-03,2026-03-27,No,No
2026-03-28,20260328,Saturday,Sat,28,6,Yes,13,3,March,Mar,Mar 2026,Q1,2026 Q1,FY2026,2026-03,2026-03-28,No,No
2026-03-29,20260329,Sunday,Sun,29,7,Yes,13,3,March,Mar,Mar 2026,Q1,2026 Q1,FY2026,2026-03,2026-03-29,No,No
2026-03-30,20260330,Monday,Mon,30,1,No,14,3,March,Mar,Mar 2026,Q1,2026 Q1,FY2026,2026-03,2026-03-30,No,No
2026-03-31,20260331,Tuesday,Tue,31,2,No,14,3,March,Mar,Mar 2026,Q1,2026 Q1,FY2026,2026-03,2026-03-31,Yes,No
2026-04-01,20260401,Wednesday,Wed,1,3,No,14,4,April,Apr,Apr 2026,Q2,2026 Q2,FY2026,2026-04,2026-04-01,No,No
2026-04-02,20260402,Thursday,Thu,2,4,No,14,4,April,Apr,Apr 2026,Q2,2026 Q2,FY2026,2026-04,2026-04-02,No,No
2026-04-03,20260403,Friday,Fri,3,5,No,14,4,April,Apr,Apr 2026,Q2,2026 Q2,FY2026,2026-04,2026-04-03,No,No
2026-04-04,20260404,Saturday,Sat,4,6,Yes,14,4,April,Apr,Apr 2026,Q2,2026 Q2,FY2026,2026-04,2026-04-04,No,No
2026-04-05,20260405,Sunday,Sun,5,7,Yes,14,4,April,Apr,Apr 2026,Q2,2026 Q2,FY2026,2026-04,2026-04-05,No,No
2026-04-06,20260406,Monday,Mon,6,1,No,15,4,April,Apr,Apr 2026,Q2,2026 Q2,FY2026,2026-04,2026-04-06,No,No
2026-04-07,20260407,Tuesday,Tue,7,2,No,15,4,April,Apr,Apr 2026,Q2,2026 Q2,FY2026,2026-04,2026-04-07,No,No
2026-04-08,20260408,Wednesday,Wed,8,3,No,15,4,April,Apr,Apr 2026,Q2,2026 Q2,FY2026,2026-04,2026-04-08,No,No
2026-04-09,20260409,Thursday,Thu,9,4,No,15,4,April,Apr,Apr 2026,Q2,2026 Q2,FY2026,2026-04,2026-04-09,No,No
2026-04-10,20260410,Friday,Fri,10,5,No,15,4,April,Apr,Apr 2026,Q2,2026 Q2,FY2026,2026-04,2026-04-10,No,No
2026-04-11,20260411,Saturday,Sat,11,6,Yes,15,4,April,Apr,Apr 2026,Q2,2026 Q2,FY2026,2026-04,2026-04-11,No,No
2026-04-12,20260412,Sunday,Sun,12,7,Yes,15,4,April,Apr,Apr 2026,Q2,2026 Q2,FY2026,2026-04,2026-04-12,No,No
2026-04-13,20260413,Monday,Mon,13,1,No,16,4,April,Apr,Apr 2026,Q2,2026 Q2,FY2026,2026-04,2026-04-13,No,No
2026-04-14,20260414,Tuesday,Tue,14,2,No,16,4,April,Apr,Apr 2026,Q2,2026 Q2,FY2026,2026-04,2026-04-14,No,No
2026-04-15,20260415,Wednesday,Wed,15,3,No,16,4,April,Apr,Apr 2026,Q2,2026 Q2,FY2026,2026-04,2026-04-15,No,No
2026-04-16,20260416,Thursday,Thu,16,4,No,16,4,April,Apr,Apr 2026,Q2,2026 Q2,FY2026,2026-04,2026-04-16,No,No
2026-04-17,20260417,Friday,Fri,17,5,No,16,4,April,Apr,Apr 2026,Q2,2026 Q2,FY2026,2026-04,2026-04-17,No,No
2026-04-18,20260418,Saturday,Sat,18,6,Yes,16,4,April,Apr,Apr 2026,Q2,2026 Q2,FY2026,2026-04,2026-04-18,No,No
2026-04-19,20260419,Sunday,Sun,19,7,Yes,16,4,April,Apr,Apr 2026,Q2,2026 Q2,FY2026,2026-04,2026-04-19,No,No
2026-04-20,20260420,Monday,Mon,20,1,No,17,4,April,Apr,Apr 2026,Q2,2026 Q2,FY2026,2026-04,2026-04-20,No,No
2026-04-21,20260421,Tuesday,Tue,21,2,No,17,4,April,Apr,Apr 2026,Q2,2026 Q2,FY2026,2026-04,2026-04-21,No,No
2026-04-22,20260422,Wednesday,Wed,22,3,No,17,4,April,Apr,Apr 2026,Q2,2026 Q2,FY2026,2026-04,2026-04-22,No,No
2026-04-23,20260423,Thursday,Thu,23,4,No,17,4,April,Apr,Apr 2026,Q2,2026 Q2,FY2026,2026-04,2026-04-23,No,No
2026-04-24,20260424,Friday,Fri,24,5,No,17,4,April,Apr,Apr 2026,Q2,2026 Q2,FY2026,2026-04,2026-04-24,No,No
2026-04-25,20260425,Saturday,Sat,25,6,Yes,17,4,April,Apr,Apr 2026,Q2,2026 Q2,FY2026,2026-04,2026-04-25,No,No
2026-04-26,20260426,Sunday,Sun,26,7,Yes,17,4,April,Apr,Apr 2026,Q2,2026 Q2,FY2026,2026-04,2026-04-26,No,No
2026-04-27,20260427,Monday,Mon,27,1,No,18,4,April,Apr,Apr 2026,Q2,2026 Q2,FY2026,2026-04,2026-04-27,No,No
2026-04-28,20260428,Tuesday,Tue,28,2,No,18,4,April,Apr,Apr 2026,Q2,2026 Q2,FY2026,2026-04,2026-04-28,No,No
2026-04-29,20260429,Wednesday,Wed,29,3,No,18,4,April,Apr,Apr 2026,Q2,2026 Q2,FY2026,2026-04,2026-04-29,No,No
2026-04-30,20260430,Thursday,Thu,30,4,No,18,4,April,Apr,Apr 2026,Q2,2026 Q2,FY2026,2026-04,2026-04-30,Yes,No
2026-05-01,20260501,Friday,Fri,1,5,No,18,5,May,May,May 2026,Q2,2026 Q2,FY2026,2026-05,2026-05-01,No,No
2026-05-02,20260502,Saturday,Sat,2,6,Yes,18,5,May,May,May 2026,Q2,2026 Q2,FY2026,2026-05,2026-05-02,No,No
2026-05-03,20260503,Sunday,Sun,3,7,Yes,18,5,May,May,May 2026,Q2,2026 Q2,FY2026,2026-05,2026-05-03,No,No
2026-05-04,20260504,Monday,Mon,4,1,No,19,5,May,May,May 2026,Q2,2026 Q2,FY2026,2026-05,2026-05-04,No,No
2026-05-05,20260505,Tuesday,Tue,5,2,No,19,5,May,May,May 2026,Q2,2026 Q2,FY2026,2026-05,2026-05-05,No,No
2026-05-06,20260506,Wednesday,Wed,6,3,No,19,5,May,May,May 2026,Q2,2026 Q2,FY2026,2026-05,2026-05-06,No,No
2026-05-07,20260507,Thursday,Thu,7,4,No,19,5,May,May,May 2026,Q2,2026 Q2,FY2026,2026-05,2026-05-07,No,No
2026-05-08,20260508,Friday,Fri,8,5,No,19,5,May,May,May 2026,Q2,2026 Q2,FY2026,2026-05,2026-05-08,No,No
2026-05-09,20260509,Saturday,Sat,9,6,Yes,19,5,May,May,May 2026,Q2,2026 Q2,FY2026,2026-05,2026-05-09,No,No
2026-05-10,20260510,Sunday,Sun,10,7,Yes,19,5,May,May,May 2026,Q2,2026 Q2,FY2026,2026-05,2026-05-10,No,No
2026-05-11,20260511,Monday,Mon,11,1,No,20,5,May,May,May 2026,Q2,2026 Q2,FY2026,2026-05,2026-05-11,No,No
2026-05-12,20260512,Tuesday,Tue,12,2,No,20,5,May,May,May 2026,Q2,2026 Q2,FY2026,2026-05,2026-05-12,No,No
2026-05-13,20260513,Wednesday,Wed,13,3,No,20,5,May,May,May 2026,Q2,2026 Q2,FY2026,2026-05,2026-05-13,No,No
2026-05-14,20260514,Thursday,Thu,14,4,No,20,5,May,May,May 2026,Q2,2026 Q2,FY2026,2026-05,2026-05-14,No,No
2026-05-15,20260515,Friday,Fri,15,5,No,20,5,May,May,May 2026,Q2,2026 Q2,FY2026,2026-05,2026-05-15,No,No
2026-05-16,20260516,Saturday,Sat,16,6,Yes,20,5,May,May,May 2026,Q2,2026 Q2,FY2026,2026-05,2026-05-16,No,No
2026-05-17,20260517,Sunday,Sun,17,7,Yes,20,5,May,May,May 2026,Q2,2026 Q2,FY2026,2026-05,2026-05-17,No,No
2026-05-18,20260518,Monday,Mon,18,1,No,21,5,May,May,May 2026,Q2,2026 Q2,FY2026,2026-05,2026-05-18,No,No
2026-05-19,20260519,Tuesday,Tue,19,2,No,21,5,May,May,May 2026,Q2,2026 Q2,FY2026,2026-05,2026-05-19,No,No
2026-05-20,20260520,Wednesday,Wed,20,3,No,21,5,May,May,May 2026,Q2,2026 Q2,FY2026,2026-05,2026-05-20,No,No
2026-05-21,20260521,Thursday,Thu,21,4,No,21,5,May,May,May 2026,Q2,2026 Q2,FY2026,2026-05,2026-05-21,No,No
2026-05-22,20260522,Friday,Fri,22,5,No,21,5,May,May,May 2026,Q2,2026 Q2,FY2026,2026-05,2026-05-22,No,No
2026-05-23,20260523,Saturday,Sat,23,6,Yes,21,5,May,May,May 2026,Q2,2026 Q2,FY2026,2026-05,2026-05-23,No,No
2026-05-24,20260524,Sunday,Sun,24,7,Yes,21,5,May,May,May 2026,Q2,2026 Q2,FY2026,2026-05,2026-05-24,No,No
2026-05-25,20260525,Monday,Mon,25,1,No,22,5,May,May,May 2026,Q2,2026 Q2,FY2026,2026-05,2026-05-25,No,No
2026-05-26,20260526,Tuesday,Tue,26,2,No,22,5,May,May,May 2026,Q2,2026 Q2,FY2026,2026-05,2026-05-26,No,No
2026-05-27,20260527,Wednesday,Wed,27,3,No,22,5,May,May,May 2026,Q2,2026 Q2,FY2026,2026-05,2026-05-27,No,No
2026-05-28,20260528,Thursday,Thu,28,4,No,22,5,May,May,May 2026,Q2,2026 Q2,FY2026,2026-05,2026-05-28,No,No
2026-05-29,20260529,Friday,Fri,29,5,No,22,5,May,May,May 2026,Q2,2026 Q2,FY2026,2026-05,2026-05-29,No,No
2026-05-30,20260530,Saturday,Sat,30,6,Yes,22,5,May,May,May 2026,Q2,2026 Q2,FY2026,2026-05,2026-05-30,No,No
2026-05-31,20260531,Sunday,Sun,31,7,Yes,22,5,May,May,May 2026,Q2,2026 Q2,FY2026,2026-05,2026-05-31,Yes,No
2026-06-01,20260601,Monday,Mon,1,1,No,23,6,June,Jun,Jun 2026,Q2,2026 Q2,FY2026,2026-06,2026-06-01,No,No
2026-06-02,20260602,Tuesday,Tue,2,2,No,23,6,June,Jun,Jun 2026,Q2,2026 Q2,FY2026,2026-06,2026-06-02,No,No
2026-06-03,20260603,Wednesday,Wed,3,3,No,23,6,June,Jun,Jun 2026,Q2,2026 Q2,FY2026,2026-06,2026-06-03,No,No
2026-06-04,20260604,Thursday,Thu,4,4,No,23,6,June,Jun,Jun 2026,Q2,2026 Q2,FY2026,2026-06,2026-06-04,No,No
2026-06-05,20260605,Friday,Fri,5,5,No,23,6,June,Jun,Jun 2026,Q2,2026 Q2,FY2026,2026-06,2026-06-05,No,No
2026-06-06,20260606,Saturday,Sat,6,6,Yes,23,6,June,Jun,Jun 2026,Q2,2026 Q2,FY2026,2026-06,2026-06-06,No,No
2026-06-07,20260607,Sunday,Sun,7,7,Yes,23,6,June,Jun,Jun 2026,Q2,2026 Q2,FY2026,2026-06,2026-06-07,No,No
2026-06-08,20260608,Monday,Mon,8,1,No,24,6,June,Jun,Jun 2026,Q2,2026 Q2,FY2026,2026-06,2026-06-08,No,No
2026-06-09,20260609,Tuesday,Tue,9,2,No,24,6,June,Jun,Jun 2026,Q2,2026 Q2,FY2026,2026-06,2026-06-09,No,No
2026-06-10,20260610,Wednesday,Wed,10,3,No,24,6,June,Jun,Jun 2026,Q2,2026 Q2,FY2026,2026-06,2026-06-10,No,No
2026-06-11,20260611,Thursday,Thu,11,4,No,24,6,June,Jun,Jun 2026,Q2,2026 Q2,FY2026,2026-06,2026-06-11,No,No
2026-06-12,20260612,Friday,Fri,12,5,No,24,6,June,Jun,Jun 2026,Q2,2026 Q2,FY2026,2026-06,2026-06-12,No,No
2026-06-13,20260613,Saturday,Sat,13,6,Yes,24,6,June,Jun,Jun 2026,Q2,2026 Q2,FY2026,2026-06,2026-06-13,No,No
2026-06-14,20260614,Sunday,Sun,14,7,Yes,24,6,June,Jun,Jun 2026,Q2,2026 Q2,FY2026,2026-06,2026-06-14,No,No
2026-06-15,20260615,Monday,Mon,15,1,No,25,6,June,Jun,Jun 2026,Q2,2026 Q2,FY2026,2026-06,2026-06-15,No,No
2026-06-16,20260616,Tuesday,Tue,16,2,No,25,6,June,Jun,Jun 2026,Q2,2026 Q2,FY2026,2026-06,2026-06-16,No,No
2026-06-17,20260617,Wednesday,Wed,17,3,No,25,6,June,Jun,Jun 2026,Q2,2026 Q2,FY2026,2026-06,2026-06-17,No,No
2026-06-18,20260618,Thursday,Thu,18,4,No,25,6,June,Jun,Jun 2026,Q2,2026 Q2,FY2026,2026-06,2026-06-18,No,No
2026-06-19,20260619,Friday,Fri,19,5,No,25,6,June,Jun,Jun 2026,Q2,2026 Q2,FY2026,2026-06,2026-06-19,No,No
2026-06-20,20260620,Saturday,Sat,20,6,Yes,25,6,June,Jun,Jun 2026,Q2,2026 Q2,FY2026,2026-06,2026-06-20,No,No
2026-06-21,20260621,Sunday,Sun,21,7,Yes,25,6,June,Jun,Jun 2026,Q2,2026 Q2,FY2026,2026-06,2026-06-21,No,No
2026-06-22,20260622,Monday,Mon,22,1,No,26,6,June,Jun,Jun 2026,Q2,2026 Q2,FY2026,2026-06,2026-06-22,No,No
2026-06-23,20260623,Tuesday,Tue,23,2,No,26,6,June,Jun,Jun 2026,Q2,2026 Q2,FY2026,2026-06,2026-06-23,No,No
2026-06-24,20260624,Wednesday,Wed,24,3,No,26,6,June,Jun,Jun 2026,Q2,2026 Q2,FY2026,2026-06,2026-06-24,No,No
2026-06-25,20260625,Thursday,Thu,25,4,No,26,6,June,Jun,Jun 2026,Q2,2026 Q2,FY2026,2026-06,2026-06-25,No,No
2026-06-26,20260626,Friday,Fri,26,5,No,26,6,June,Jun,Jun 2026,Q2,2026 Q2,FY2026,2026-06,2026-06-26,No,No
2026-06-27,20260627,Saturday,Sat,27,6,Yes,26,6,June,Jun,Jun 2026,Q2,2026 Q2,FY2026,2026-06,2026-06-27,No,No
2026-06-28,20260628,Sunday,Sun,28,7,Yes,26,6,June,Jun,Jun 2026,Q2,2026 Q2,FY2026,2026-06,2026-06-28,No,No
2026-06-29,20260629,Monday,Mon,29,1,No,27,6,June,Jun,Jun 2026,Q2,2026 Q2,FY2026,2026-06,2026-06-29,No,No
2026-06-30,20260630,Tuesday,Tue,30,2,No,27,6,June,Jun,Jun 2026,Q2,2026 Q2,FY2026,2026-06,2026-06-30,Yes,No
2026-07-01,20260701,Wednesday,Wed,1,3,No,27,7,July,Jul,Jul 2026,Q3,2026 Q3,FY2026,2026-07,2026-07-01,No,No
2026-07-02,20260702,Thursday,Thu,2,4,No,27,7,July,Jul,Jul 2026,Q3,2026 Q3,FY2026,2026-07,2026-07-02,No,No
2026-07-03,20260703,Friday,Fri,3,5,No,27,7,July,Jul,Jul 2026,Q3,2026 Q3,FY2026,2026-07,2026-07-03,No,No
2026-07-04,20260704,Saturday,Sat,4,6,Yes,27,7,July,Jul,Jul 2026,Q3,2026 Q3,FY2026,2026-07,2026-07-04,No,No
2026-07-05,20260705,Sunday,Sun,5,7,Yes,27,7,July,Jul,Jul 2026,Q3,2026 Q3,FY2026,2026-07,2026-07-05,No,No
2026-07-06,20260706,Monday,Mon,6,1,No,28,7,July,Jul,Jul 2026,Q3,2026 Q3,FY2026,2026-07,2026-07-06,No,No
2026-07-07,20260707,Tuesday,Tue,7,2,No,28,7,July,Jul,Jul 2026,Q3,2026 Q3,FY2026,2026-07,2026-07-07,No,No
2026-07-08,20260708,Wednesday,Wed,8,3,No,28,7,July,Jul,Jul 2026,Q3,2026 Q3,FY2026,2026-07,2026-07-08,No,No
2026-07-09,20260709,Thursday,Thu,9,4,No,28,7,July,Jul,Jul 2026,Q3,2026 Q3,FY2026,2026-07,2026-07-09,No,No
2026-07-10,20260710,Friday,Fri,10,5,No,28,7,July,Jul,Jul 2026,Q3,2026 Q3,FY2026,2026-07,2026-07-10,No,No
2026-07-11,20260711,Saturday,Sat,11,6,Yes,28,7,July,Jul,Jul 2026,Q3,2026 Q3,FY2026,2026-07,2026-07-11,No,No
2026-07-12,20260712,Sunday,Sun,12,7,Yes,28,7,July,Jul,Jul 2026,Q3,2026 Q3,FY2026,2026-07,2026-07-12,No,No
2026-07-13,20260713,Monday,Mon,13,1,No,29,7,July,Jul,Jul 2026,Q3,2026 Q3,FY2026,2026-07,2026-07-13,No,No
2026-07-14,20260714,Tuesday,Tue,14,2,No,29,7,July,Jul,Jul 2026,Q3,2026 Q3,FY2026,2026-07,2026-07-14,No,No
2026-07-15,20260715,Wednesday,Wed,15,3,No,29,7,July,Jul,Jul 2026,Q3,2026 Q3,FY2026,2026-07,2026-07-15,No,No
2026-07-16,20260716,Thursday,Thu,16,4,No,29,7,July,Jul,Jul 2026,Q3,2026 Q3,FY2026,2026-07,2026-07-16,No,No
2026-07-17,20260717,Friday,Fri,17,5,No,29,7,July,Jul,Jul 2026,Q3,2026 Q3,FY2026,2026-07,2026-07-17,No,No
2026-07-18,20260718,Saturday,Sat,18,6,Yes,29,7,July,Jul,Jul 2026,Q3,2026 Q3,FY2026,2026-07,2026-07-18,No,No
2026-07-19,20260719,Sunday,Sun,19,7,Yes,29,7,July,Jul,Jul 2026,Q3,2026 Q3,FY2026,2026-07,2026-07-19,No,No
2026-07-20,20260720,Monday,Mon,20,1,No,30,7,July,Jul,Jul 2026,Q3,2026 Q3,FY2026,2026-07,2026-07-20,No,No
2026-07-21,20260721,Tuesday,Tue,21,2,No,30,7,July,Jul,Jul 2026,Q3,2026 Q3,FY2026,2026-07,2026-07-21,No,No
2026-07-22,20260722,Wednesday,Wed,22,3,No,30,7,July,Jul,Jul 2026,Q3,2026 Q3,FY2026,2026-07,2026-07-22,No,No
2026-07-23,20260723,Thursday,Thu,23,4,No,30,7,July,Jul,Jul 2026,Q3,2026 Q3,FY2026,2026-07,2026-07-23,No,No
2026-07-24,20260724,Friday,Fri,24,5,No,30,7,July,Jul,Jul 2026,Q3,2026 Q3,FY2026,2026-07,2026-07-24,No,No
2026-07-25,20260725,Saturday,Sat,25,6,Yes,30,7,July,Jul,Jul 2026,Q3,2026 Q3,FY2026,2026-07,2026-07-25,No,No
2026-07-26,20260726,Sunday,Sun,26,7,Yes,30,7,July,Jul,Jul 2026,Q3,2026 Q3,FY2026,2026-07,2026-07-26,No,No
2026-07-27,20260727,Monday,Mon,27,1,No,31,7,July,Jul,Jul 2026,Q3,2026 Q3,FY2026,2026-07,2026-07-27,No,No
2026-07-28,20260728,Tuesday,Tue,28,2,No,31,7,July,Jul,Jul 2026,Q3,2026 Q3,FY2026,2026-07,2026-07-28,No,No
2026-07-29,20260729,Wednesday,Wed,29,3,No,31,7,July,Jul,Jul 2026,Q3,2026 Q3,FY2026,2026-07,2026-07-29,No,No
2026-07-30,20260730,Thursday,Thu,30,4,No,31,7,July,Jul,Jul 2026,Q3,2026 Q3,FY2026,2026-07,2026-07-30,No,No
2026-07-31,20260731,Friday,Fri,31,5,No,31,7,July,Jul,Jul 2026,Q3,2026 Q3,FY2026,2026-07,2026-07-31,Yes,No
2026-08-01,20260801,Saturday,Sat,1,6,Yes,31,8,August,Aug,Aug 2026,Q3,2026 Q3,FY2026,2026-08,2026-08-01,No,No
2026-08-02,20260802,Sunday,Sun,2,7,Yes,31,8,August,Aug,Aug 2026,Q3,2026 Q3,FY2026,2026-08,2026-08-02,No,No
2026-08-03,20260803,Monday,Mon,3,1,No,32,8,August,Aug,Aug 2026,Q3,2026 Q3,FY2026,2026-08,2026-08-03,No,No
2026-08-04,20260804,Tuesday,Tue,4,2,No,32,8,August,Aug,Aug 2026,Q3,2026 Q3,FY2026,2026-08,2026-08-04,No,No
2026-08-05,20260805,Wednesday,Wed,5,3,No,32,8,August,Aug,Aug 2026,Q3,2026 Q3,FY2026,2026-08,2026-08-05,No,No
2026-08-06,20260806,Thursday,Thu,6,4,No,32,8,August,Aug,Aug 2026,Q3,2026 Q3,FY2026,2026-08,2026-08-06,No,No
2026-08-07,20260807,Friday,Fri,7,5,No,32,8,August,Aug,Aug 2026,Q3,2026 Q3,FY2026,2026-08,2026-08-07,No,No
2026-08-08,20260808,Saturday,Sat,8,6,Yes,32,8,August,Aug,Aug 2026,Q3,2026 Q3,FY2026,2026-08,2026-08-08,No,No
2026-08-09,20260809,Sunday,Sun,9,7,Yes,32,8,August,Aug,Aug 2026,Q3,2026 Q3,FY2026,2026-08,2026-08-09,No,No
2026-08-10,20260810,Monday,Mon,10,1,No,33,8,August,Aug,Aug 2026,Q3,2026 Q3,FY2026,2026-08,2026-08-10,No,No
2026-08-11,20260811,Tuesday,Tue,11,2,No,33,8,August,Aug,Aug 2026,Q3,2026 Q3,FY2026,2026-08,2026-08-11,No,No
2026-08-12,20260812,Wednesday,Wed,12,3,No,33,8,August,Aug,Aug 2026,Q3,2026 Q3,FY2026,2026-08,2026-08-12,No,No
2026-08-13,20260813,Thursday,Thu,13,4,No,33,8,August,Aug,Aug 2026,Q3,2026 Q3,FY2026,2026-08,2026-08-13,No,No
2026-08-14,20260814,Friday,Fri,14,5,No,33,8,August,Aug,Aug 2026,Q3,2026 Q3,FY2026,2026-08,2026-08-14,No,No
2026-08-15,20260815,Saturday,Sat,15,6,Yes,33,8,August,Aug,Aug 2026,Q3,2026 Q3,FY2026,2026-08,2026-08-15,No,No
2026-08-16,20260816,Sunday,Sun,16,7,Yes,33,8,August,Aug,Aug 2026,Q3,2026 Q3,FY2026,2026-08,2026-08-16,No,No
2026-08-17,20260817,Monday,Mon,17,1,No,34,8,August,Aug,Aug 2026,Q3,2026 Q3,FY2026,2026-08,2026-08-17,No,No
2026-08-18,20260818,Tuesday,Tue,18,2,No,34,8,August,Aug,Aug 2026,Q3,2026 Q3,FY2026,2026-08,2026-08-18,No,No
2026-08-19,20260819,Wednesday,Wed,19,3,No,34,8,August,Aug,Aug 2026,Q3,2026 Q3,FY2026,2026-08,2026-08-19,No,No
2026-08-20,20260820,Thursday,Thu,20,4,No,34,8,August,Aug,Aug 2026,Q3,2026 Q3,FY2026,2026-08,2026-08-20,No,No
2026-08-21,20260821,Friday,Fri,21,5,No,34,8,August,Aug,Aug 2026,Q3,2026 Q3,FY2026,2026-08,2026-08-21,No,No
2026-08-22,20260822,Saturday,Sat,22,6,Yes,34,8,August,Aug,Aug 2026,Q3,2026 Q3,FY2026,2026-08,2026-08-22,No,No
2026-08-23,20260823,Sunday,Sun,23,7,Yes,34,8,August,Aug,Aug 2026,Q3,2026 Q3,FY2026,2026-08,2026-08-23,No,No
2026-08-24,20260824,Monday,Mon,24,1,No,35,8,August,Aug,Aug 2026,Q3,2026 Q3,FY2026,2026-08,2026-08-24,No,No
2026-08-25,20260825,Tuesday,Tue,25,2,No,35,8,August,Aug,Aug 2026,Q3,2026 Q3,FY2026,2026-08,2026-08-25,No,No
2026-08-26,20260826,Wednesday,Wed,26,3,No,35,8,August,Aug,Aug 2026,Q3,2026 Q3,FY2026,2026-08,2026-08-26,No,No
2026-08-27,20260827,Thursday,Thu,27,4,No,35,8,August,Aug,Aug 2026,Q3,2026 Q3,FY2026,2026-08,2026-08-27,No,No
2026-08-28,20260828,Friday,Fri,28,5,No,35,8,August,Aug,Aug 2026,Q3,2026 Q3,FY2026,2026-08,2026-08-28,No,No
2026-08-29,20260829,Saturday,Sat,29,6,Yes,35,8,August,Aug,Aug 2026,Q3,2026 Q3,FY2026,2026-08,2026-08-29,No,No
2026-08-30,20260830,Sunday,Sun,30,7,Yes,35,8,August,Aug,Aug 2026,Q3,2026 Q3,FY2026,2026-08,2026-08-30,No,No
2026-08-31,20260831,Monday,Mon,31,1,No,36,8,August,Aug,Aug 2026,Q3,2026 Q3,FY2026,2026-08,2026-08-31,Yes,No
2026-09-01,20260901,Tuesday,Tue,1,2,No,36,9,September,Sep,Sep 2026,Q3,2026 Q3,FY2026,2026-09,2026-09-01,No,No
2026-09-02,20260902,Wednesday,Wed,2,3,No,36,9,September,Sep,Sep 2026,Q3,2026 Q3,FY2026,2026-09,2026-09-02,No,No
2026-09-03,20260903,Thursday,Thu,3,4,No,36,9,September,Sep,Sep 2026,Q3,2026 Q3,FY2026,2026-09,2026-09-03,No,No
2026-09-04,20260904,Friday,Fri,4,5,No,36,9,September,Sep,Sep 2026,Q3,2026 Q3,FY2026,2026-09,2026-09-04,No,No
2026-09-05,20260905,Saturday,Sat,5,6,Yes,36,9,September,Sep,Sep 2026,Q3,2026 Q3,FY2026,2026-09,2026-09-05,No,No
2026-09-06,20260906,Sunday,Sun,6,7,Yes,36,9,September,Sep,Sep 2026,Q3,2026 Q3,FY2026,2026-09,2026-09-06,No,No
2026-09-07,20260907,Monday,Mon,7,1,No,37,9,September,Sep,Sep 2026,Q3,2026 Q3,FY2026,2026-09,2026-09-07,No,No
2026-09-08,20260908,Tuesday,Tue,8,2,No,37,9,September,Sep,Sep 2026,Q3,2026 Q3,FY2026,2026-09,2026-09-08,No,No
2026-09-09,20260909,Wednesday,Wed,9,3,No,37,9,September,Sep,Sep 2026,Q3,2026 Q3,FY2026,2026-09,2026-09-09,No,No
2026-09-10,20260910,Thursday,Thu,10,4,No,37,9,September,Sep,Sep 2026,Q3,2026 Q3,FY2026,2026-09,2026-09-10,No,No
2026-09-11,20260911,Friday,Fri,11,5,No,37,9,September,Sep,Sep 2026,Q3,2026 Q3,FY2026,2026-09,2026-09-11,No,No
2026-09-12,20260912,Saturday,Sat,12,6,Yes,37,9,September,Sep,Sep 2026,Q3,2026 Q3,FY2026,2026-09,2026-09-12,No,No
2026-09-13,20260913,Sunday,Sun,13,7,Yes,37,9,September,Sep,Sep 2026,Q3,2026 Q3,FY2026,2026-09,2026-09-13,No,No
2026-09-14,20260914,Monday,Mon,14,1,No,38,9,September,Sep,Sep 2026,Q3,2026 Q3,FY2026,2026-09,2026-09-14,No,No
2026-09-15,20260915,Tuesday,Tue,15,2,No,38,9,September,Sep,Sep 2026,Q3,2026 Q3,FY2026,2026-09,2026-09-15,No,No
2026-09-16,20260916,Wednesday,Wed,16,3,No,38,9,September,Sep,Sep 2026,Q3,2026 Q3,FY2026,2026-09,2026-09-16,No,No
2026-09-17,20260917,Thursday,Thu,17,4,No,38,9,September,Sep,Sep 2026,Q3,2026 Q3,FY2026,2026-09,2026-09-17,No,No
2026-09-18,20260918,Friday,Fri,18,5,No,38,9,September,Sep,Sep 2026,Q3,2026 Q3,FY2026,2026-09,2026-09-18,No,No
2026-09-19,20260919,Saturday,Sat,19,6,Yes,38,9,September,Sep,Sep 2026,Q3,2026 Q3,FY2026,2026-09,2026-09-19,No,No
2026-09-20,20260920,Sunday,Sun,20,7,Yes,38,9,September,Sep,Sep 2026,Q3,2026 Q3,FY2026,2026-09,2026-09-20,No,No
2026-09-21,20260921,Monday,Mon,21,1,No,39,9,September,Sep,Sep 2026,Q3,2026 Q3,FY2026,2026-09,2026-09-21,No,No
2026-09-22,20260922,Tuesday,Tue,22,2,No,39,9,September,Sep,Sep 2026,Q3,2026 Q3,FY2026,2026-09,2026-09-22,No,No
2026-09-23,20260923,Wednesday,Wed,23,3,No,39,9,September,Sep,Sep 2026,Q3,2026 Q3,FY2026,2026-09,2026-09-23,No,No
2026-09-24,20260924,Thursday,Thu,24,4,No,39,9,September,Sep,Sep 2026,Q3,2026 Q3,FY2026,2026-09,2026-09-24,No,No
2026-09-25,20260925,Friday,Fri,25,5,No,39,9,September,Sep,Sep 2026,Q3,2026 Q3,FY2026,2026-09,2026-09-25,No,No
2026-09-26,20260926,Saturday,Sat,26,6,Yes,39,9,September,Sep,Sep 2026,Q3,2026 Q3,FY2026,2026-09,2026-09-26,No,No
2026-09-27,20260927,Sunday,Sun,27,7,Yes,39,9,September,Sep,Sep 2026,Q3,2026 Q3,FY2026,2026-09,2026-09-27,No,No
2026-09-28,20260928,Monday,Mon,28,1,No,40,9,September,Sep,Sep 2026,Q3,2026 Q3,FY2026,2026-09,2026-09-28,No,No
2026-09-29,20260929,Tuesday,Tue,29,2,No,40,9,September,Sep,Sep 2026,Q3,2026 Q3,FY2026,2026-09,2026-09-29,No,No
2026-09-30,20260930,Wednesday,Wed,30,3,No,40,9,September,Sep,Sep 2026,Q3,2026 Q3,FY2026,2026-09,2026-09-30,Yes,No
2026-10-01,20261001,Thursday,Thu,1,4,No,40,10,October,Oct,Oct 2026,Q4,2026 Q4,FY2026,2026-10,2026-10-01,No,No
2026-10-02,20261002,Friday,Fri,2,5,No,40,10,October,Oct,Oct 2026,Q4,2026 Q4,FY2026,2026-10,2026-10-02,No,No
2026-10-03,20261003,Saturday,Sat,3,6,Yes,40,10,October,Oct,Oct 2026,Q4,2026 Q4,FY2026,2026-10,2026-10-03,No,No
2026-10-04,20261004,Sunday,Sun,4,7,Yes,40,10,October,Oct,Oct 2026,Q4,2026 Q4,FY2026,2026-10,2026-10-04,No,No
2026-10-05,20261005,Monday,Mon,5,1,No,41,10,October,Oct,Oct 2026,Q4,2026 Q4,FY2026,2026-10,2026-10-05,No,No
2026-10-06,20261006,Tuesday,Tue,6,2,No,41,10,October,Oct,Oct 2026,Q4,2026 Q4,FY2026,2026-10,2026-10-06,No,No
2026-10-07,20261007,Wednesday,Wed,7,3,No,41,10,October,Oct,Oct 2026,Q4,2026 Q4,FY2026,2026-10,2026-10-07,No,No
2026-10-08,20261008,Thursday,Thu,8,4,No,41,10,October,Oct,Oct 2026,Q4,2026 Q4,FY2026,2026-10,2026-10-08,No,No
2026-10-09,20261009,Friday,Fri,9,5,No,41,10,October,Oct,Oct 2026,Q4,2026 Q4,FY2026,2026-10,2026-10-09,No,No
2026-10-10,20261010,Saturday,Sat,10,6,Yes,41,10,October,Oct,Oct 2026,Q4,2026 Q4,FY2026,2026-10,2026-10-10,No,No
2026-10-11,20261011,Sunday,Sun,11,7,Yes,41,10,October,Oct,Oct 2026,Q4,2026 Q4,FY2026,2026-10,2026-10-11,No,No
2026-10-12,20261012,Monday,Mon,12,1,No,42,10,October,Oct,Oct 2026,Q4,2026 Q4,FY2026,2026-10,2026-10-12,No,No
2026-10-13,20261013,Tuesday,Tue,13,2,No,42,10,October,Oct,Oct 2026,Q4,2026 Q4,FY2026,2026-10,2026-10-13,No,No
2026-10-14,20261014,Wednesday,Wed,14,3,No,42,10,October,Oct,Oct 2026,Q4,2026 Q4,FY2026,2026-10,2026-10-14,No,No
2026-10-15,20261015,Thursday,Thu,15,4,No,42,10,October,Oct,Oct 2026,Q4,2026 Q4,FY2026,2026-10,2026-10-15,No,No
2026-10-16,20261016,Friday,Fri,16,5,No,42,10,October,Oct,Oct 2026,Q4,2026 Q4,FY2026,2026-10,2026-10-16,No,No
2026-10-17,20261017,Saturday,Sat,17,6,Yes,42,10,October,Oct,Oct 2026,Q4,2026 Q4,FY2026,2026-10,2026-10-17,No,No
2026-10-18,20261018,Sunday,Sun,18,7,Yes,42,10,October,Oct,Oct 2026,Q4,2026 Q4,FY2026,2026-10,2026-10-18,No,No
2026-10-19,20261019,Monday,Mon,19,1,No,43,10,October,Oct,Oct 2026,Q4,2026 Q4,FY2026,2026-10,2026-10-19,No,No
2026-10-20,20261020,Tuesday,Tue,20,2,No,43,10,October,Oct,Oct 2026,Q4,2026 Q4,FY2026,2026-10,2026-10-20,No,No
2026-10-21,20261021,Wednesday,Wed,21,3,No,43,10,October,Oct,Oct 2026,Q4,2026 Q4,FY2026,2026-10,2026-10-21,No,No
2026-10-22,20261022,Thursday,Thu,22,4,No,43,10,October,Oct,Oct 2026,Q4,2026 Q4,FY2026,2026-10,2026-10-22,No,No
2026-10-23,20261023,Friday,Fri,23,5,No,43,10,October,Oct,Oct 2026,Q4,2026 Q4,FY2026,2026-10,2026-10-23,No,No
2026-10-24,20261024,Saturday,Sat,24,6,Yes,43,10,October,Oct,Oct 2026,Q4,2026 Q4,FY2026,2026-10,2026-10-24,No,No
2026-10-25,20261025,Sunday,Sun,25,7,Yes,43,10,October,Oct,Oct 2026,Q4,2026 Q4,FY2026,2026-10,2026-10-25,No,No
2026-10-26,20261026,Monday,Mon,26,1,No,44,10,October,Oct,Oct 2026,Q4,2026 Q4,FY2026,2026-10,2026-10-26,No,No
2026-10-27,20261027,Tuesday,Tue,27,2,No,44,10,October,Oct,Oct 2026,Q4,2026 Q4,FY2026,2026-10,2026-10-27,No,No
2026-10-28,20261028,Wednesday,Wed,28,3,No,44,10,October,Oct,Oct 2026,Q4,2026 Q4,FY2026,2026-10,2026-10-28,No,No
2026-10-29,20261029,Thursday,Thu,29,4,No,44,10,October,Oct,Oct 2026,Q4,2026 Q4,FY2026,2026-10,2026-10-29,No,No
2026-10-30,20261030,Friday,Fri,30,5,No,44,10,October,Oct,Oct 2026,Q4,2026 Q4,FY2026,2026-10,2026-10-30,No,No
2026-10-31,20261031,Saturday,Sat,31,6,Yes,44,10,October,Oct,Oct 2026,Q4,2026 Q4,FY2026,2026-10,2026-10-31,Yes,No
2026-11-01,20261101,Sunday,Sun,1,7,Yes,44,11,November,Nov,Nov 2026,Q4,2026 Q4,FY2026,2026-11,2026-11-01,No,No
2026-11-02,20261102,Monday,Mon,2,1,No,45,11,November,Nov,Nov 2026,Q4,2026 Q4,FY2026,2026-11,2026-11-02,No,No
2026-11-03,20261103,Tuesday,Tue,3,2,No,45,11,November,Nov,Nov 2026,Q4,2026 Q4,FY2026,2026-11,2026-11-03,No,No
2026-11-04,20261104,Wednesday,Wed,4,3,No,45,11,November,Nov,Nov 2026,Q4,2026 Q4,FY2026,2026-11,2026-11-04,No,No
2026-11-05,20261105,Thursday,Thu,5,4,No,45,11,November,Nov,Nov 2026,Q4,2026 Q4,FY2026,2026-11,2026-11-05,No,No
2026-11-06,20261106,Friday,Fri,6,5,No,45,11,November,Nov,Nov 2026,Q4,2026 Q4,FY2026,2026-11,2026-11-06,No,No
2026-11-07,20261107,Saturday,Sat,7,6,Yes,45,11,November,Nov,Nov 2026,Q4,2026 Q4,FY2026,2026-11,2026-11-07,No,No
2026-11-08,20261108,Sunday,Sun,8,7,Yes,45,11,November,Nov,Nov 2026,Q4,2026 Q4,FY2026,2026-11,2026-11-08,No,No
2026-11-09,20261109,Monday,Mon,9,1,No,46,11,November,Nov,Nov 2026,Q4,2026 Q4,FY2026,2026-11,2026-11-09,No,No
2026-11-10,20261110,Tuesday,Tue,10,2,No,46,11,November,Nov,Nov 2026,Q4,2026 Q4,FY2026,2026-11,2026-11-10,No,No
2026-11-11,20261111,Wednesday,Wed,11,3,No,46,11,November,Nov,Nov 2026,Q4,2026 Q4,FY2026,2026-11,2026-11-11,No,No
2026-11-12,20261112,Thursday,Thu,12,4,No,46,11,November,Nov,Nov 2026,Q4,2026 Q4,FY2026,2026-11,2026-11-12,No,No
2026-11-13,20261113,Friday,Fri,13,5,No,46,11,November,Nov,Nov 2026,Q4,2026 Q4,FY2026,2026-11,2026-11-13,No,No
2026-11-14,20261114,Saturday,Sat,14,6,Yes,46,11,November,Nov,Nov 2026,Q4,2026 Q4,FY2026,2026-11,2026-11-14,No,No
2026-11-15,20261115,Sunday,Sun,15,7,Yes,46,11,November,Nov,Nov 2026,Q4,2026 Q4,FY2026,2026-11,2026-11-15,No,No
2026-11-16,20261116,Monday,Mon,16,1,No,47,11,November,Nov,Nov 2026,Q4,2026 Q4,FY2026,2026-11,2026-11-16,No,No
2026-11-17,20261117,Tuesday,Tue,17,2,No,47,11,November,Nov,Nov 2026,Q4,2026 Q4,FY2026,2026-11,2026-11-17,No,No
2026-11-18,20261118,Wednesday,Wed,18,3,No,47,11,November,Nov,Nov 2026,Q4,2026 Q4,FY2026,2026-11,2026-11-18,No,No
2026-11-19,20261119,Thursday,Thu,19,4,No,47,11,November,Nov,Nov 2026,Q4,2026 Q4,FY2026,2026-11,2026-11-19,No,No
2026-11-20,20261120,Friday,Fri,20,5,No,47,11,November,Nov,Nov 2026,Q4,2026 Q4,FY2026,2026-11,2026-11-20,No,No
2026-11-21,20261121,Saturday,Sat,21,6,Yes,47,11,November,Nov,Nov 2026,Q4,2026 Q4,FY2026,2026-11,2026-11-21,No,No
2026-11-22,20261122,Sunday,Sun,22,7,Yes,47,11,November,Nov,Nov 2026,Q4,2026 Q4,FY2026,2026-11,2026-11-22,No,No
2026-11-23,20261123,Monday,Mon,23,1,No,48,11,November,Nov,Nov 2026,Q4,2026 Q4,FY2026,2026-11,2026-11-23,No,No
2026-11-24,20261124,Tuesday,Tue,24,2,No,48,11,November,Nov,Nov 2026,Q4,2026 Q4,FY2026,2026-11,2026-11-24,No,No
2026-11-25,20261125,Wednesday,Wed,25,3,No,48,11,November,Nov,Nov 2026,Q4,2026 Q4,FY2026,2026-11,2026-11-25,No,No
2026-11-26,20261126,Thursday,Thu,26,4,No,48,11,November,Nov,Nov 2026,Q4,2026 Q4,FY2026,2026-11,2026-11-26,No,No
2026-11-27,20261127,Friday,Fri,27,5,No,48,11,November,Nov,Nov 2026,Q4,2026 Q4,FY2026,2026-11,2026-11-27,No,No
2026-11-28,20261128,Saturday,Sat,28,6,Yes,48,11,November,Nov,Nov 2026,Q4,2026 Q4,FY2026,2026-11,2026-11-28,No,No
2026-11-29,20261129,Sunday,Sun,29,7,Yes,48,11,November,Nov,Nov 2026,Q4,2026 Q4,FY2026,2026-11,2026-11-29,No,No
2026-11-30,20261130,Monday,Mon,30,1,No,49,11,November,Nov,Nov 2026,Q4,2026 Q4,FY2026,2026-11,2026-11-30,Yes,No
2026-12-01,20261201,Tuesday,Tue,1,2,No,49,12,December,Dec,Dec 2026,Q4,2026 Q4,FY2026,2026-12,2026-12-01,No,No
2026-12-02,20261202,Wednesday,Wed,2,3,No,49,12,December,Dec,Dec 2026,Q4,2026 Q4,FY2026,2026-12,2026-12-02,No,No
2026-12-03,20261203,Thursday,Thu,3,4,No,49,12,December,Dec,Dec 2026,Q4,2026 Q4,FY2026,2026-12,2026-12-03,No,No
2026-12-04,20261204,Friday,Fri,4,5,No,49,12,December,Dec,Dec 2026,Q4,2026 Q4,FY2026,2026-12,2026-12-04,No,No
2026-12-05,20261205,Saturday,Sat,5,6,Yes,49,12,December,Dec,Dec 2026,Q4,2026 Q4,FY2026,2026-12,2026-12-05,No,No
2026-12-06,20261206,Sunday,Sun,6,7,Yes,49,12,December,Dec,Dec 2026,Q4,2026 Q4,FY2026,2026-12,2026-12-06,No,No
2026-12-07,20261207,Monday,Mon,7,1,No,50,12,December,Dec,Dec 2026,Q4,2026 Q4,FY2026,2026-12,2026-12-07,No,No
2026-12-08,20261208,Tuesday,Tue,8,2,No,50,12,December,Dec,Dec 2026,Q4,2026 Q4,FY2026,2026-12,2026-12-08,No,No
2026-12-09,20261209,Wednesday,Wed,9,3,No,50,12,December,Dec,Dec 2026,Q4,2026 Q4,FY2026,2026-12,2026-12-09,No,No
2026-12-10,20261210,Thursday,Thu,10,4,No,50,12,December,Dec,Dec 2026,Q4,2026 Q4,FY2026,2026-12,2026-12-10,No,No
2026-12-11,20261211,Friday,Fri,11,5,No,50,12,December,Dec,Dec 2026,Q4,2026 Q4,FY2026,2026-12,2026-12-11,No,No
2026-12-12,20261212,Saturday,Sat,12,6,Yes,50,12,December,Dec,Dec 2026,Q4,2026 Q4,FY2026,2026-12,2026-12-12,No,No
2026-12-13,20261213,Sunday,Sun,13,7,Yes,50,12,December,Dec,Dec 2026,Q4,2026 Q4,FY2026,2026-12,2026-12-13,No,No
2026-12-14,20261214,Monday,Mon,14,1,No,51,12,December,Dec,Dec 2026,Q4,2026 Q4,FY2026,2026-12,2026-12-14,No,No
2026-12-15,20261215,Tuesday,Tue,15,2,No,51,12,December,Dec,Dec 2026,Q4,2026 Q4,FY2026,2026-12,2026-12-15,No,No
2026-12-16,20261216,Wednesday,Wed,16,3,No,51,12,December,Dec,Dec 2026,Q4,2026 Q4,FY2026,2026-12,2026-12-16,No,No
2026-12-17,20261217,Thursday,Thu,17,4,No,51,12,December,Dec,Dec 2026,Q4,2026 Q4,FY2026,2026-12,2026-12-17,No,No
2026-12-18,20261218,Friday,Fri,18,5,No,51,12,December,Dec,Dec 2026,Q4,2026 Q4,FY2026,2026-12,2026-12-18,No,No
2026-12-19,20261219,Saturday,Sat,19,6,Yes,51,12,December,Dec,Dec 2026,Q4,2026 Q4,FY2026,2026-12,2026-12-19,No,No
2026-12-20,20261220,Sunday,Sun,20,7,Yes,51,12,December,Dec,Dec 2026,Q4,2026 Q4,FY2026,2026-12,2026-12-20,No,No
2026-12-21,20261221,Monday,Mon,21,1,No,52,12,December,Dec,Dec 2026,Q4,2026 Q4,FY2026,2026-12,2026-12-21,No,No
2026-12-22,20261222,Tuesday,Tue,22,2,No,52,12,December,Dec,Dec 2026,Q4,2026 Q4,FY2026,2026-12,2026-12-22,No,No
2026-12-23,20261223,Wednesday,Wed,23,3,No,52,12,December,Dec,Dec 2026,Q4,2026 Q4,FY2026,2026-12,2026-12-23,No,No
2026-12-24,20261224,Thursday,Thu,24,4,No,52,12,December,Dec,Dec 2026,Q4,2026 Q4,FY2026,2026-12,2026-12-24,No,No
2026-12-25,20261225,Friday,Fri,25,5,No,52,12,December,Dec,Dec 2026,Q4,2026 Q4,FY2026,2026-12,2026-12-25,No,No
2026-12-26,20261226,Saturday,Sat,26,6,Yes,52,12,December,Dec,Dec 2026,Q4,2026 Q4,FY2026,2026-12,2026-12-26,No,No
2026-12-27,20261227,Sunday,Sun,27,7,Yes,52,12,December,Dec,Dec 2026,Q4,2026 Q4,FY2026,2026-12,2026-12-27,No,No
2026-12-28,20261228,Monday,Mon,28,1,No,53,12,December,Dec,Dec 2026,Q4,2026 Q4,FY2026,2026-12,2026-12-28,No,No
2026-12-29,20261229,Tuesday,Tue,29,2,No,53,12,December,Dec,Dec 2026,Q4,2026 Q4,FY2026,2026-12,2026-12-29,No,No
2026-12-30,20261230,Wednesday,Wed,30,3,No,53,12,December,Dec,Dec 2026,Q4,2026 Q4,FY2026,2026-12,2026-12-30,No,No
2026-12-31,20261231,Thursday,Thu,31,4,No,53,12,December,Dec,Dec 2026,Q4,2026 Q4,FY2026,2026-12,2026-12-31,Yes,No
