BankTxnID,BankAccount,TxnDate,ValueDate,Narration,DebitUSD,CreditUSD,BalanceUSD,ReconciledFlag,UnmatchedItemsAgeDays,AmountUSD,Direction,ReconciledYN,ExceptionFlag,AgeBucket,Over90Flag
BTX000000,Bank - CBZ USD Current,2024-11-10,2024-11-12,INTEREST CREDIT,0.0,11255.94,431255.94,Yes,0,11255.94,Credit,Yes,No,Reconciled,No
BTX000001,Bank - CBZ USD Current,2024-09-19,2024-09-21,SALARY PAYMENT,17942.09,0.0,413313.85,No,210,17942.09,Debit,No,Yes,Over 90 days,Yes
BTX000002,Bank - CBZ USD Current,2024-05-22,2024-05-22,DIRECT DEBIT,35293.94,0.0,378019.91,Yes,210,35293.94,Debit,Yes,No,Reconciled,No
BTX000003,Bank - CBZ USD Current,2025-07-11,2025-07-11,DIRECT DEBIT,0.0,7457.62,385477.53,No,46,7457.62,Credit,No,Yes,31-90 days,No
BTX000004,Bank - CBZ USD Current,2025-06-10,2025-06-12,FX CONVERSION,2055.26,0.0,383422.27,Yes,0,2055.26,Debit,Yes,No,Reconciled,No
BTX000005,Bank - CBZ USD Current,2024-08-14,2024-08-16,BANK CHARGES,0.0,30765.83,414188.1,Yes,12,30765.83,Credit,Yes,No,Reconciled,No
BTX000006,Bank - CBZ USD Current,2024-01-18,2024-01-19,FX CONVERSION,6399.75,0.0,407788.35,Yes,210,6399.75,Debit,Yes,No,Reconciled,No
BTX000007,Bank - CBZ USD Current,2025-07-30,2025-07-30,TRF FROM CUSTOMER,0.0,46890.84,454679.19,Yes,0,46890.84,Credit,Yes,No,Reconciled,No
BTX000008,Bank - CBZ USD Current,2024-01-17,2024-01-18,SALARY PAYMENT,10829.52,0.0,443849.67,Yes,0,10829.52,Debit,Yes,No,Reconciled,No
BTX000009,Bank - CBZ USD Current,2024-01-11,2024-01-13,CASH DEPOSIT,0.0,24810.08,468659.75,Yes,12,24810.08,Credit,Yes,No,Reconciled,No
BTX000010,Bank - CBZ USD Current,2025-05-23,2025-05-23,TRF FROM CUSTOMER,20442.35,0.0,448217.4,Yes,0,20442.35,Debit,Yes,No,Reconciled,No
BTX000011,Bank - CBZ USD Current,2024-09-29,2024-10-01,SALARY PAYMENT,0.0,20342.39,468559.79,Yes,3,20342.39,Credit,Yes,No,Reconciled,No
BTX000012,Bank - CBZ USD Current,2024-01-11,2024-01-12,CASH DEPOSIT,0.0,30668.58,499228.37,Yes,0,30668.58,Credit,Yes,No,Reconciled,No
BTX000013,Bank - CBZ USD Current,2025-09-10,2025-09-10,FX CONVERSION,2550.64,0.0,496677.73,Yes,12,2550.64,Debit,Yes,No,Reconciled,No
BTX000014,Bank - CBZ USD Current,2025-03-02,2025-03-04,SALARY PAYMENT,0.0,6072.45,502750.18,Yes,210,6072.45,Credit,Yes,No,Reconciled,No
BTX000015,Bank - CBZ USD Current,2025-06-27,2025-06-29,TRF FROM CUSTOMER,0.0,30671.06,533421.24,Yes,0,30671.06,Credit,Yes,No,Reconciled,No
BTX000016,Bank - CBZ USD Current,2025-01-11,2025-01-13,INTEREST CREDIT,0.0,29699.02,563120.26,Yes,0,29699.02,Credit,Yes,No,Reconciled,No
BTX000017,Bank - CBZ USD Current,2025-06-02,2025-06-02,PAYMENT VENDOR,0.0,15045.34,578165.6,Yes,0,15045.34,Credit,Yes,No,Reconciled,No
BTX000018,Bank - CBZ USD Current,2025-09-20,2025-09-20,INTEREST CREDIT,6588.48,0.0,571577.12,No,210,6588.48,Debit,No,Yes,Over 90 days,Yes
BTX000019,Bank - CBZ USD Current,2024-08-16,2024-08-17,SALARY PAYMENT,0.0,639.53,572216.65,No,93,639.53,Credit,No,Yes,Over 90 days,Yes
BTX000020,Bank - CBZ USD Current,2024-03-19,2024-03-19,SALARY PAYMENT,52880.69,0.0,519335.96,Yes,12,52880.69,Debit,Yes,No,Reconciled,No
BTX000021,Bank - CBZ USD Current,2025-08-05,2025-08-07,VAT PAYMENT,13246.11,0.0,506089.85,Yes,93,13246.11,Debit,Yes,No,Reconciled,No
BTX000022,Bank - CBZ USD Current,2025-07-18,2025-07-19,SALARY PAYMENT,0.0,46868.85,552958.7,Yes,12,46868.85,Credit,Yes,No,Reconciled,No
BTX000023,Bank - CBZ USD Current,2025-04-20,2025-04-20,TRF FROM CUSTOMER,808.7,0.0,552150.0,Yes,3,808.7,Debit,Yes,No,Reconciled,No
BTX000024,Bank - CBZ USD Current,2024-12-23,2024-12-23,FX CONVERSION,39547.73,0.0,512602.27,Yes,0,39547.73,Debit,Yes,No,Reconciled,No
BTX000025,Bank - CBZ USD Current,2025-06-05,2025-06-07,PAYMENT VENDOR,11567.18,0.0,501035.09,Yes,210,11567.18,Debit,Yes,No,Reconciled,No
BTX000026,Bank - CBZ USD Current,2024-02-29,2024-03-02,SALARY PAYMENT,0.0,45453.07,546488.16,Yes,3,45453.07,Credit,Yes,No,Reconciled,No
BTX000027,Bank - CBZ USD Current,2024-08-12,2024-08-12,BANK CHARGES,0.0,1007.51,547495.67,Yes,0,1007.51,Credit,Yes,No,Reconciled,No
BTX000028,Bank - CBZ USD Current,2024-07-11,2024-07-11,MOBILE PAYMENT,20203.65,0.0,527292.02,Yes,12,20203.65,Debit,Yes,No,Reconciled,No
BTX000029,Bank - CBZ USD Current,2025-04-10,2025-04-10,VAT PAYMENT,0.0,2620.55,529912.57,Yes,0,2620.55,Credit,Yes,No,Reconciled,No
BTX000030,Bank - CBZ USD Current,2025-04-21,2025-04-23,CASH DEPOSIT,0.0,703.4,530615.97,Yes,0,703.4,Credit,Yes,No,Reconciled,No
BTX000031,Bank - CBZ USD Current,2025-07-08,2025-07-10,DIRECT DEBIT,0.0,14997.72,545613.69,Yes,12,14997.72,Credit,Yes,No,Reconciled,No
BTX000032,Bank - CBZ USD Current,2025-06-04,2025-06-05,PAYMENT VENDOR,868.06,0.0,544745.63,Yes,0,868.06,Debit,Yes,No,Reconciled,No
BTX000033,Bank - CBZ USD Current,2025-04-30,2025-04-30,FX CONVERSION,0.0,5727.68,550473.31,Yes,0,5727.68,Credit,Yes,No,Reconciled,No
BTX000034,Bank - CBZ USD Current,2025-01-08,2025-01-08,SALARY PAYMENT,0.0,18656.86,569130.17,Yes,93,18656.86,Credit,Yes,No,Reconciled,No
BTX000035,Bank - CBZ USD Current,2024-03-06,2024-03-08,INTEREST CREDIT,0.0,49728.81,618858.98,Yes,12,49728.81,Credit,Yes,No,Reconciled,No
BTX000036,Bank - CBZ USD Current,2025-09-16,2025-09-17,FX CONVERSION,18901.13,0.0,599957.85,Yes,12,18901.13,Debit,Yes,No,Reconciled,No
BTX000037,Bank - CBZ USD Current,2025-06-23,2025-06-25,MOBILE PAYMENT,0.0,20934.0,620891.85,Yes,0,20934,Credit,Yes,No,Reconciled,No
BTX000038,Bank - CBZ USD Current,2024-07-03,2024-07-03,PAYMENT VENDOR,32540.19,0.0,588351.66,Yes,12,32540.19,Debit,Yes,No,Reconciled,No
BTX000039,Bank - CBZ USD Current,2024-09-05,2024-09-06,VAT PAYMENT,0.0,30144.25,618495.91,Yes,210,30144.25,Credit,Yes,No,Reconciled,No
BTX000040,Bank - CBZ USD Current,2025-08-28,2025-08-28,DIRECT DEBIT,0.0,963.71,619459.62,Yes,93,963.71,Credit,Yes,No,Reconciled,No
BTX000041,Bank - CBZ USD Current,2024-06-22,2024-06-22,FX CONVERSION,0.0,802.47,620262.09,Yes,0,802.47,Credit,Yes,No,Reconciled,No
BTX000042,Bank - CBZ USD Current,2024-09-09,2024-09-10,MOBILE PAYMENT,32648.2,0.0,587613.89,Yes,46,32648.2,Debit,Yes,No,Reconciled,No
BTX000043,Bank - CBZ USD Current,2025-07-03,2025-07-03,CASH DEPOSIT,21062.35,0.0,566551.54,Yes,46,21062.35,Debit,Yes,No,Reconciled,No
BTX000044,Bank - CBZ USD Current,2025-06-21,2025-06-22,PAYMENT VENDOR,23705.02,0.0,542846.52,Yes,0,23705.02,Debit,Yes,No,Reconciled,No
BTX000045,Bank - CBZ USD Current,2024-11-08,2024-11-09,CASH DEPOSIT,0.0,34891.59,577738.11,Yes,0,34891.59,Credit,Yes,No,Reconciled,No
BTX000046,Bank - CBZ USD Current,2024-11-18,2024-11-19,TRF FROM CUSTOMER,0.0,34173.96,611912.07,Yes,46,34173.96,Credit,Yes,No,Reconciled,No
BTX000047,Bank - CBZ USD Current,2024-07-08,2024-07-08,FX CONVERSION,0.0,6858.51,618770.58,Yes,3,6858.51,Credit,Yes,No,Reconciled,No
BTX000048,Bank - CBZ USD Current,2024-04-27,2024-04-29,SALARY PAYMENT,12446.24,0.0,606324.34,Yes,3,12446.24,Debit,Yes,No,Reconciled,No
BTX000049,Bank - CBZ USD Current,2024-08-10,2024-08-12,TRF FROM CUSTOMER,1014.01,0.0,605310.33,Yes,0,1014.01,Debit,Yes,No,Reconciled,No
BTX000050,Bank - CBZ USD Current,2024-07-19,2024-07-19,MOBILE PAYMENT,7780.05,0.0,597530.28,Yes,12,7780.05,Debit,Yes,No,Reconciled,No
BTX000051,Bank - CBZ USD Current,2025-09-19,2025-09-21,VAT PAYMENT,20098.85,0.0,577431.43,Yes,0,20098.85,Debit,Yes,No,Reconciled,No
BTX000052,Bank - CBZ USD Current,2025-02-28,2025-03-01,MOBILE PAYMENT,11097.93,0.0,566333.5,Yes,12,11097.93,Debit,Yes,No,Reconciled,No
BTX000053,Bank - CBZ USD Current,2024-03-16,2024-03-17,PAYMENT VENDOR,2832.04,0.0,563501.46,Yes,3,2832.04,Debit,Yes,No,Reconciled,No
BTX000054,Bank - CBZ USD Current,2024-10-04,2024-10-05,MOBILE PAYMENT,0.0,4324.87,567826.33,Yes,46,4324.87,Credit,Yes,No,Reconciled,No
BTX000055,Bank - CBZ USD Current,2025-08-29,2025-08-29,CASH DEPOSIT,31187.4,0.0,536638.93,Yes,210,31187.4,Debit,Yes,No,Reconciled,No
BTX000056,Bank - CBZ USD Current,2024-02-19,2024-02-19,DIRECT DEBIT,1013.06,0.0,535625.87,Yes,3,1013.06,Debit,Yes,No,Reconciled,No
BTX000057,Bank - CBZ USD Current,2024-08-09,2024-08-11,TRF FROM CUSTOMER,0.0,35440.28,571066.15,Yes,0,35440.28,Credit,Yes,No,Reconciled,No
BTX000058,Bank - CBZ USD Current,2024-09-16,2024-09-16,CASH DEPOSIT,0.0,10717.1,581783.25,Yes,0,10717.1,Credit,Yes,No,Reconciled,No
BTX000059,Bank - CBZ USD Current,2025-09-07,2025-09-09,DIRECT DEBIT,0.0,14983.51,596766.76,Yes,46,14983.51,Credit,Yes,No,Reconciled,No
BTX000060,Bank - CBZ USD Current,2024-08-29,2024-08-30,SALARY PAYMENT,6991.95,0.0,589774.81,Yes,0,6991.95,Debit,Yes,No,Reconciled,No
BTX000061,Bank - CBZ USD Current,2024-03-11,2024-03-12,VAT PAYMENT,34532.66,0.0,555242.15,Yes,3,34532.66,Debit,Yes,No,Reconciled,No
BTX000062,Bank - CBZ USD Current,2025-09-10,2025-09-11,BANK CHARGES,621.43,0.0,554620.72,Yes,0,621.43,Debit,Yes,No,Reconciled,No
BTX000063,Bank - CBZ USD Current,2025-05-18,2025-05-20,PAYMENT VENDOR,0.0,12181.75,566802.47,Yes,3,12181.75,Credit,Yes,No,Reconciled,No
BTX000064,Bank - CBZ USD Current,2024-11-02,2024-11-03,TRF FROM CUSTOMER,35724.04,0.0,531078.43,Yes,3,35724.04,Debit,Yes,No,Reconciled,No
BTX000065,Bank - CBZ USD Current,2024-03-05,2024-03-06,VAT PAYMENT,0.0,27171.34,558249.77,No,93,27171.34,Credit,No,Yes,Over 90 days,Yes
BTX000066,Bank - CBZ USD Current,2025-02-21,2025-02-21,VAT PAYMENT,15764.48,0.0,542485.29,Yes,0,15764.48,Debit,Yes,No,Reconciled,No
BTX000067,Bank - CBZ USD Current,2025-07-23,2025-07-23,VAT PAYMENT,899.13,0.0,541586.16,Yes,0,899.13,Debit,Yes,No,Reconciled,No
BTX000068,Bank - CBZ USD Current,2025-07-11,2025-07-13,CASH DEPOSIT,0.0,6633.82,548219.98,Yes,93,6633.82,Credit,Yes,No,Reconciled,No
BTX000069,Bank - CBZ USD Current,2024-12-07,2024-12-07,SALARY PAYMENT,0.0,872.62,549092.6,Yes,0,872.62,Credit,Yes,No,Reconciled,No
BTX000070,Bank - CBZ USD Current,2025-04-17,2025-04-17,SALARY PAYMENT,0.0,36968.8,586061.4,Yes,0,36968.8,Credit,Yes,No,Reconciled,No
BTX000071,Bank - CBZ USD Current,2024-06-11,2024-06-13,MOBILE PAYMENT,7480.13,0.0,578581.27,Yes,46,7480.13,Debit,Yes,No,Reconciled,No
BTX000072,Bank - CBZ USD Current,2025-07-22,2025-07-23,SALARY PAYMENT,48204.24,0.0,530377.03,Yes,0,48204.24,Debit,Yes,No,Reconciled,No
BTX000073,Bank - CBZ USD Current,2024-01-02,2024-01-02,SALARY PAYMENT,19559.36,0.0,510817.67,Yes,3,19559.36,Debit,Yes,No,Reconciled,No
BTX000074,Bank - CBZ USD Current,2025-07-09,2025-07-09,VAT PAYMENT,48095.06,0.0,462722.61,Yes,0,48095.06,Debit,Yes,No,Reconciled,No
BTX000075,Bank - CBZ USD Current,2025-07-15,2025-07-17,VAT PAYMENT,2798.01,0.0,459924.6,Yes,0,2798.01,Debit,Yes,No,Reconciled,No
BTX000076,Bank - CBZ USD Current,2024-07-20,2024-07-20,CASH DEPOSIT,0.0,5394.24,465318.84,Yes,0,5394.24,Credit,Yes,No,Reconciled,No
BTX000077,Bank - CBZ USD Current,2025-05-09,2025-05-11,VAT PAYMENT,0.0,2511.86,467830.7,Yes,93,2511.86,Credit,Yes,No,Reconciled,No
BTX000078,Bank - CBZ USD Current,2024-10-19,2024-10-20,TRF FROM CUSTOMER,5967.63,0.0,461863.07,Yes,3,5967.63,Debit,Yes,No,Reconciled,No
BTX000079,Bank - CBZ USD Current,2024-08-22,2024-08-22,SALARY PAYMENT,0.0,28964.68,490827.75,Yes,210,28964.68,Credit,Yes,No,Reconciled,No
BTX000080,Bank - CBZ USD Current,2024-10-11,2024-10-11,INTEREST CREDIT,2290.04,0.0,488537.71,Yes,12,2290.04,Debit,Yes,No,Reconciled,No
BTX000081,Bank - CBZ USD Current,2024-07-02,2024-07-04,CASH DEPOSIT,0.0,5245.31,493783.02,No,12,5245.31,Credit,No,Yes,0-30 days,No
BTX000082,Bank - CBZ USD Current,2024-04-12,2024-04-12,BANK CHARGES,11488.6,0.0,482294.42,Yes,0,11488.6,Debit,Yes,No,Reconciled,No
BTX000083,Bank - CBZ USD Current,2024-06-17,2024-06-19,INTEREST CREDIT,46486.85,0.0,435807.57,Yes,46,46486.85,Debit,Yes,No,Reconciled,No
BTX000084,Bank - CBZ USD Current,2024-08-26,2024-08-26,SALARY PAYMENT,20884.18,0.0,414923.39,Yes,3,20884.18,Debit,Yes,No,Reconciled,No
BTX000085,Bank - CBZ USD Current,2024-10-17,2024-10-18,SALARY PAYMENT,25042.9,0.0,389880.49,Yes,210,25042.9,Debit,Yes,No,Reconciled,No
BTX000086,Bank - CBZ USD Current,2024-10-05,2024-10-07,PAYMENT VENDOR,15763.99,0.0,374116.5,Yes,12,15763.99,Debit,Yes,No,Reconciled,No
BTX000087,Bank - CBZ USD Current,2025-01-27,2025-01-29,VAT PAYMENT,0.0,15028.64,389145.14,Yes,210,15028.64,Credit,Yes,No,Reconciled,No
BTX000088,Bank - CBZ USD Current,2024-05-03,2024-05-04,FX CONVERSION,940.37,0.0,388204.77,Yes,210,940.37,Debit,Yes,No,Reconciled,No
BTX000089,Bank - CBZ USD Current,2025-09-05,2025-09-07,DIRECT DEBIT,0.0,19505.51,407710.28,Yes,93,19505.51,Credit,Yes,No,Reconciled,No
BTX000090,Bank - CBZ USD Current,2025-08-03,2025-08-05,INTEREST CREDIT,30026.75,0.0,377683.53,Yes,0,30026.75,Debit,Yes,No,Reconciled,No
BTX000091,Bank - CBZ USD Current,2025-05-09,2025-05-09,FX CONVERSION,0.0,689.66,378373.19,Yes,93,689.66,Credit,Yes,No,Reconciled,No
BTX000092,Bank - CBZ USD Current,2025-09-29,2025-10-01,SALARY PAYMENT,982.23,0.0,377390.96,No,0,982.23,Debit,No,Yes,0-30 days,No
BTX000093,Bank - CBZ USD Current,2024-04-02,2024-04-03,CASH DEPOSIT,6495.59,0.0,370895.37,Yes,12,6495.59,Debit,Yes,No,Reconciled,No
BTX000094,Bank - CBZ USD Current,2025-03-02,2025-03-02,VAT PAYMENT,0.0,801.17,371696.54,Yes,210,801.17,Credit,Yes,No,Reconciled,No
BTX000095,Bank - CBZ USD Current,2025-07-24,2025-07-24,INTEREST CREDIT,0.0,841.81,372538.35,Yes,46,841.81,Credit,Yes,No,Reconciled,No
BTX000096,Bank - CBZ USD Current,2024-12-04,2024-12-04,MOBILE PAYMENT,9962.28,0.0,362576.07,Yes,0,9962.28,Debit,Yes,No,Reconciled,No
BTX000097,Bank - CBZ USD Current,2024-04-02,2024-04-04,CASH DEPOSIT,0.0,4327.36,366903.43,No,210,4327.36,Credit,No,Yes,Over 90 days,Yes
BTX000098,Bank - CBZ USD Current,2024-06-11,2024-06-13,DIRECT DEBIT,0.0,831.3,367734.73,Yes,93,831.3,Credit,Yes,No,Reconciled,No
BTX000099,Bank - CBZ USD Current,2025-02-01,2025-02-01,FX CONVERSION,0.0,2668.35,370403.08,Yes,0,2668.35,Credit,Yes,No,Reconciled,No
BTX000100,Bank - CBZ USD Current,2024-07-11,2024-07-12,TRF FROM CUSTOMER,0.0,11544.16,381947.24,Yes,3,11544.16,Credit,Yes,No,Reconciled,No
BTX000101,Bank - CBZ USD Current,2024-01-28,2024-01-28,MOBILE PAYMENT,0.0,5624.48,387571.72,No,46,5624.48,Credit,No,Yes,31-90 days,No
BTX000102,Bank - CBZ USD Current,2025-06-16,2025-06-17,VAT PAYMENT,754.1,0.0,386817.62,Yes,0,754.1,Debit,Yes,No,Reconciled,No
BTX000103,Bank - CBZ USD Current,2025-08-12,2025-08-14,DIRECT DEBIT,59204.69,0.0,327612.93,Yes,3,59204.69,Debit,Yes,No,Reconciled,No
BTX000104,Bank - CBZ USD Current,2024-12-07,2024-12-08,DIRECT DEBIT,28280.94,0.0,299331.99,Yes,210,28280.94,Debit,Yes,No,Reconciled,No
BTX000105,Bank - CBZ USD Current,2024-04-28,2024-04-29,VAT PAYMENT,0.0,18949.93,318281.92,Yes,46,18949.93,Credit,Yes,No,Reconciled,No
BTX000106,Bank - CBZ USD Current,2024-04-02,2024-04-03,INTEREST CREDIT,41566.28,0.0,276715.64,Yes,46,41566.28,Debit,Yes,No,Reconciled,No
BTX000107,Bank - CBZ USD Current,2024-04-17,2024-04-18,DIRECT DEBIT,1666.04,0.0,275049.6,No,0,1666.04,Debit,No,Yes,0-30 days,No
BTX000108,Bank - CBZ USD Current,2024-06-23,2024-06-25,MOBILE PAYMENT,42215.25,0.0,232834.35,Yes,12,42215.25,Debit,Yes,No,Reconciled,No
BTX000109,Bank - CBZ USD Current,2024-05-01,2024-05-01,PAYMENT VENDOR,7295.76,0.0,225538.59,Yes,0,7295.76,Debit,Yes,No,Reconciled,No
BTX000110,Bank - CBZ USD Current,2025-06-11,2025-06-13,PAYMENT VENDOR,1008.5,0.0,224530.09,Yes,46,1008.5,Debit,Yes,No,Reconciled,No
BTX000111,Bank - CBZ USD Current,2025-07-15,2025-07-17,INTEREST CREDIT,20354.17,0.0,204175.92,Yes,3,20354.17,Debit,Yes,No,Reconciled,No
BTX000112,Bank - CBZ USD Current,2025-09-24,2025-09-24,PAYMENT VENDOR,0.0,20291.95,224467.87,Yes,0,20291.95,Credit,Yes,No,Reconciled,No
BTX000113,Bank - CBZ USD Current,2024-03-07,2024-03-09,SALARY PAYMENT,0.0,39755.05,264222.92,Yes,3,39755.05,Credit,Yes,No,Reconciled,No
BTX000114,Bank - CBZ USD Current,2024-07-12,2024-07-14,FX CONVERSION,55032.96,0.0,209189.96,Yes,0,55032.96,Debit,Yes,No,Reconciled,No
BTX000115,Bank - CBZ USD Current,2025-03-11,2025-03-11,FX CONVERSION,13433.33,0.0,195756.63,Yes,3,13433.33,Debit,Yes,No,Reconciled,No
BTX000116,Bank - CBZ USD Current,2024-12-30,2024-12-31,SALARY PAYMENT,0.0,24312.12,220068.75,Yes,0,24312.12,Credit,Yes,No,Reconciled,No
BTX000117,Bank - CBZ USD Current,2024-05-28,2024-05-30,SALARY PAYMENT,33418.59,0.0,186650.16,Yes,3,33418.59,Debit,Yes,No,Reconciled,No
BTX000118,Bank - CBZ USD Current,2024-11-20,2024-11-22,DIRECT DEBIT,0.0,891.78,187541.94,Yes,0,891.78,Credit,Yes,No,Reconciled,No
BTX000119,Bank - CBZ USD Current,2024-02-08,2024-02-10,CASH DEPOSIT,0.0,12556.76,200098.7,Yes,3,12556.76,Credit,Yes,No,Reconciled,No
BTX000120,Bank - CBZ USD Current,2024-12-18,2024-12-19,BANK CHARGES,0.0,39480.48,239579.18,Yes,12,39480.48,Credit,Yes,No,Reconciled,No
BTX000121,Bank - CBZ USD Current,2025-03-19,2025-03-21,INTEREST CREDIT,0.0,46803.63,286382.81,Yes,210,46803.63,Credit,Yes,No,Reconciled,No
BTX000122,Bank - CBZ USD Current,2025-07-09,2025-07-10,FX CONVERSION,0.0,45444.72,331827.53,Yes,210,45444.72,Credit,Yes,No,Reconciled,No
BTX000123,Bank - CBZ USD Current,2025-09-27,2025-09-28,SALARY PAYMENT,49359.43,0.0,282468.1,Yes,210,49359.43,Debit,Yes,No,Reconciled,No
BTX000124,Bank - CBZ USD Current,2024-05-31,2024-06-01,TRF FROM CUSTOMER,0.0,31318.31,313786.41,Yes,210,31318.31,Credit,Yes,No,Reconciled,No
BTX000125,Bank - CBZ USD Current,2024-07-02,2024-07-02,CASH DEPOSIT,32878.81,0.0,280907.6,Yes,0,32878.81,Debit,Yes,No,Reconciled,No
BTX000126,Bank - CBZ USD Current,2025-03-22,2025-03-24,MOBILE PAYMENT,0.0,8159.7,289067.3,Yes,12,8159.7,Credit,Yes,No,Reconciled,No
BTX000127,Bank - CBZ USD Current,2025-05-05,2025-05-05,DIRECT DEBIT,0.0,52938.87,342006.17,Yes,93,52938.87,Credit,Yes,No,Reconciled,No
BTX000128,Bank - CBZ USD Current,2024-09-02,2024-09-02,BANK CHARGES,1701.27,0.0,340304.9,Yes,46,1701.27,Debit,Yes,No,Reconciled,No
BTX000129,Bank - CBZ USD Current,2024-11-27,2024-11-29,FX CONVERSION,0.0,778.39,341083.29,Yes,0,778.39,Credit,Yes,No,Reconciled,No
BTX000130,Bank - CBZ USD Current,2024-01-25,2024-01-25,DIRECT DEBIT,0.0,14365.3,355448.59,No,0,14365.3,Credit,No,Yes,0-30 days,No
BTX000131,Bank - CBZ USD Current,2024-09-24,2024-09-26,DIRECT DEBIT,0.0,33777.18,389225.77,Yes,12,33777.18,Credit,Yes,No,Reconciled,No
BTX000132,Bank - CBZ USD Current,2024-06-15,2024-06-16,MOBILE PAYMENT,15286.9,0.0,373938.87,Yes,0,15286.9,Debit,Yes,No,Reconciled,No
BTX000133,Bank - CBZ USD Current,2024-05-22,2024-05-24,MOBILE PAYMENT,25619.16,0.0,348319.71,Yes,12,25619.16,Debit,Yes,No,Reconciled,No
BTX000134,Bank - CBZ USD Current,2024-11-03,2024-11-05,SALARY PAYMENT,25106.88,0.0,323212.83,Yes,0,25106.88,Debit,Yes,No,Reconciled,No
BTX000135,Bank - CBZ USD Current,2024-05-24,2024-05-26,MOBILE PAYMENT,3963.29,0.0,319249.54,Yes,3,3963.29,Debit,Yes,No,Reconciled,No
BTX000136,Bank - CBZ USD Current,2025-02-01,2025-02-01,PAYMENT VENDOR,0.0,13447.19,332696.73,Yes,0,13447.19,Credit,Yes,No,Reconciled,No
BTX000137,Bank - CBZ USD Current,2024-09-15,2024-09-17,PAYMENT VENDOR,4729.81,0.0,327966.92,Yes,12,4729.81,Debit,Yes,No,Reconciled,No
BTX000138,Bank - CBZ USD Current,2025-01-18,2025-01-19,CASH DEPOSIT,624.35,0.0,327342.57,Yes,12,624.35,Debit,Yes,No,Reconciled,No
BTX000139,Bank - CBZ USD Current,2025-03-27,2025-03-28,SALARY PAYMENT,4829.22,0.0,322513.35,Yes,210,4829.22,Debit,Yes,No,Reconciled,No
BTX000140,Bank - CBZ USD Current,2025-09-22,2025-09-24,MOBILE PAYMENT,16631.16,0.0,305882.19,No,46,16631.16,Debit,No,Yes,31-90 days,No
BTX000141,Bank - CBZ USD Current,2025-05-01,2025-05-01,SALARY PAYMENT,909.0,0.0,304973.19,No,12,909,Debit,No,Yes,0-30 days,No
BTX000142,Bank - CBZ USD Current,2024-07-04,2024-07-05,BANK CHARGES,0.0,17928.33,322901.52,Yes,12,17928.33,Credit,Yes,No,Reconciled,No
BTX000143,Bank - CBZ USD Current,2025-06-09,2025-06-11,INTEREST CREDIT,0.0,46900.58,369802.1,Yes,0,46900.58,Credit,Yes,No,Reconciled,No
BTX000144,Bank - CBZ USD Current,2024-06-11,2024-06-12,VAT PAYMENT,12600.42,0.0,357201.68,No,0,12600.42,Debit,No,Yes,0-30 days,No
BTX000145,Bank - CBZ USD Current,2024-02-24,2024-02-24,SALARY PAYMENT,0.0,2675.93,359877.61,Yes,0,2675.93,Credit,Yes,No,Reconciled,No
BTX000146,Bank - CBZ USD Current,2025-05-01,2025-05-03,INTEREST CREDIT,0.0,17164.45,377042.06,Yes,3,17164.45,Credit,Yes,No,Reconciled,No
BTX000147,Bank - CBZ USD Current,2024-01-25,2024-01-26,DIRECT DEBIT,6323.01,0.0,370719.05,Yes,210,6323.01,Debit,Yes,No,Reconciled,No
BTX000148,Bank - CBZ USD Current,2025-01-31,2025-02-01,INTEREST CREDIT,0.0,6902.02,377621.07,No,210,6902.02,Credit,No,Yes,Over 90 days,Yes
BTX000149,Bank - CBZ USD Current,2024-03-16,2024-03-18,FX CONVERSION,45608.7,0.0,332012.37,Yes,0,45608.7,Debit,Yes,No,Reconciled,No
BTX000150,Bank - CBZ USD Current,2024-03-10,2024-03-10,INTEREST CREDIT,0.0,1609.39,333621.76,Yes,210,1609.39,Credit,Yes,No,Reconciled,No
BTX000151,Bank - CBZ USD Current,2025-08-03,2025-08-05,FX CONVERSION,44301.18,0.0,289320.58,Yes,93,44301.18,Debit,Yes,No,Reconciled,No
BTX000152,Bank - CBZ USD Current,2024-11-06,2024-11-06,INTEREST CREDIT,20261.33,0.0,269059.25,Yes,3,20261.33,Debit,Yes,No,Reconciled,No
BTX000153,Bank - CBZ USD Current,2024-12-15,2024-12-17,MOBILE PAYMENT,0.0,2710.25,271769.5,Yes,0,2710.25,Credit,Yes,No,Reconciled,No
BTX000154,Bank - CBZ USD Current,2024-05-16,2024-05-16,MOBILE PAYMENT,0.0,1039.98,272809.48,Yes,0,1039.98,Credit,Yes,No,Reconciled,No
BTX000155,Bank - CBZ USD Current,2024-03-19,2024-03-20,DIRECT DEBIT,34013.51,0.0,238795.97,Yes,0,34013.51,Debit,Yes,No,Reconciled,No
BTX000156,Bank - CBZ USD Current,2024-04-16,2024-04-18,MOBILE PAYMENT,0.0,40150.4,278946.37,Yes,0,40150.4,Credit,Yes,No,Reconciled,No
BTX000157,Bank - CBZ USD Current,2025-01-17,2025-01-19,VAT PAYMENT,0.0,20028.35,298974.72,Yes,0,20028.35,Credit,Yes,No,Reconciled,No
BTX000158,Bank - CBZ USD Current,2025-01-19,2025-01-21,MOBILE PAYMENT,0.0,2343.54,301318.26,Yes,0,2343.54,Credit,Yes,No,Reconciled,No
BTX000159,Bank - CBZ USD Current,2025-06-28,2025-06-28,FX CONVERSION,43963.76,0.0,257354.5,Yes,46,43963.76,Debit,Yes,No,Reconciled,No
BTX000160,Bank - CBZ USD Current,2024-02-19,2024-02-20,CASH DEPOSIT,0.0,11882.07,269236.57,Yes,46,11882.07,Credit,Yes,No,Reconciled,No
BTX000161,Bank - CBZ USD Current,2024-08-25,2024-08-26,DIRECT DEBIT,2001.21,0.0,267235.36,Yes,0,2001.21,Debit,Yes,No,Reconciled,No
BTX000162,Bank - CBZ USD Current,2025-02-06,2025-02-06,BANK CHARGES,27594.19,0.0,239641.17,Yes,46,27594.19,Debit,Yes,No,Reconciled,No
BTX000163,Bank - CBZ USD Current,2025-02-02,2025-02-02,PAYMENT VENDOR,2713.51,0.0,236927.66,Yes,0,2713.51,Debit,Yes,No,Reconciled,No
BTX000164,Bank - CBZ USD Current,2025-03-24,2025-03-25,BANK CHARGES,0.0,2531.62,239459.28,No,3,2531.62,Credit,No,Yes,0-30 days,No
BTX000165,Bank - CBZ USD Current,2024-09-11,2024-09-12,SALARY PAYMENT,0.0,15563.86,255023.14,Yes,0,15563.86,Credit,Yes,No,Reconciled,No
BTX000166,Bank - CBZ USD Current,2024-02-25,2024-02-27,PAYMENT VENDOR,2606.36,0.0,252416.78,Yes,93,2606.36,Debit,Yes,No,Reconciled,No
BTX000167,Bank - CBZ USD Current,2024-07-25,2024-07-26,SALARY PAYMENT,0.0,10969.27,263386.05,Yes,0,10969.27,Credit,Yes,No,Reconciled,No
BTX000168,Bank - CBZ USD Current,2025-08-31,2025-09-01,DIRECT DEBIT,7322.39,0.0,256063.66,Yes,12,7322.39,Debit,Yes,No,Reconciled,No
BTX000169,Bank - CBZ USD Current,2024-01-01,2024-01-03,BANK CHARGES,0.0,731.7,256795.36,Yes,3,731.7,Credit,Yes,No,Reconciled,No
BTX000170,Bank - CBZ USD Current,2025-06-04,2025-06-04,PAYMENT VENDOR,47692.61,0.0,209102.75,Yes,3,47692.61,Debit,Yes,No,Reconciled,No
BTX000171,Bank - CBZ USD Current,2025-02-02,2025-02-02,MOBILE PAYMENT,0.0,2422.06,211524.81,Yes,93,2422.06,Credit,Yes,No,Reconciled,No
BTX000172,Bank - CBZ USD Current,2024-01-28,2024-01-28,DIRECT DEBIT,0.0,695.16,212219.97,Yes,3,695.16,Credit,Yes,No,Reconciled,No
BTX000173,Bank - CBZ USD Current,2024-06-09,2024-06-09,PAYMENT VENDOR,1675.7,0.0,210544.27,Yes,93,1675.7,Debit,Yes,No,Reconciled,No
BTX000174,Bank - CBZ USD Current,2024-04-06,2024-04-07,TRF FROM CUSTOMER,952.64,0.0,209591.63,Yes,210,952.64,Debit,Yes,No,Reconciled,No
BTX000175,Bank - CBZ USD Current,2024-10-02,2024-10-03,FX CONVERSION,5198.44,0.0,204393.19,No,3,5198.44,Debit,No,Yes,0-30 days,No
BTX000176,Bank - CBZ USD Current,2024-06-16,2024-06-17,DIRECT DEBIT,0.0,18358.41,222751.6,Yes,0,18358.41,Credit,Yes,No,Reconciled,No
BTX000177,Bank - CBZ USD Current,2025-01-18,2025-01-19,BANK CHARGES,0.0,34355.93,257107.53,Yes,0,34355.93,Credit,Yes,No,Reconciled,No
BTX000178,Bank - CBZ USD Current,2024-05-06,2024-05-06,MOBILE PAYMENT,0.0,40823.69,297931.22,Yes,12,40823.69,Credit,Yes,No,Reconciled,No
BTX000179,Bank - CBZ USD Current,2024-08-18,2024-08-20,TRF FROM CUSTOMER,22059.48,0.0,275871.74,Yes,3,22059.48,Debit,Yes,No,Reconciled,No
BTX000180,Bank - CBZ USD Current,2025-05-08,2025-05-09,DIRECT DEBIT,0.0,12504.28,288376.02,Yes,46,12504.28,Credit,Yes,No,Reconciled,No
BTX000181,Bank - CBZ USD Current,2024-10-22,2024-10-24,INTEREST CREDIT,0.0,26155.97,314531.99,No,0,26155.97,Credit,No,Yes,0-30 days,No
BTX000182,Bank - CBZ USD Current,2024-01-02,2024-01-03,CASH DEPOSIT,2034.56,0.0,312497.43,Yes,0,2034.56,Debit,Yes,No,Reconciled,No
BTX000183,Bank - CBZ USD Current,2024-11-12,2024-11-12,BANK CHARGES,0.0,2208.32,314705.75,Yes,3,2208.32,Credit,Yes,No,Reconciled,No
BTX000184,Bank - CBZ USD Current,2024-03-16,2024-03-17,DIRECT DEBIT,18332.32,0.0,296373.43,Yes,0,18332.32,Debit,Yes,No,Reconciled,No
BTX000185,Bank - CBZ USD Current,2024-01-16,2024-01-18,CASH DEPOSIT,0.0,11901.86,308275.29,Yes,46,11901.86,Credit,Yes,No,Reconciled,No
BTX000186,Bank - CBZ USD Current,2025-06-20,2025-06-21,DIRECT DEBIT,1850.55,0.0,306424.74,Yes,210,1850.55,Debit,Yes,No,Reconciled,No
BTX000187,Bank - CBZ USD Current,2025-03-29,2025-03-31,TRF FROM CUSTOMER,9685.5,0.0,296739.24,Yes,0,9685.5,Debit,Yes,No,Reconciled,No
BTX000188,Bank - CBZ USD Current,2025-05-28,2025-05-29,VAT PAYMENT,0.0,4450.15,301189.39,Yes,93,4450.15,Credit,Yes,No,Reconciled,No
BTX000189,Bank - CBZ USD Current,2024-05-25,2024-05-25,PAYMENT VENDOR,4734.78,0.0,296454.61,Yes,0,4734.78,Debit,Yes,No,Reconciled,No
BTX000190,Bank - CBZ USD Current,2024-03-03,2024-03-05,SALARY PAYMENT,54015.51,0.0,242439.1,Yes,0,54015.51,Debit,Yes,No,Reconciled,No
BTX000191,Bank - CBZ USD Current,2024-02-21,2024-02-23,MOBILE PAYMENT,21022.05,0.0,221417.05,Yes,0,21022.05,Debit,Yes,No,Reconciled,No
BTX000192,Bank - CBZ USD Current,2024-02-11,2024-02-11,PAYMENT VENDOR,0.0,29984.04,251401.09,Yes,46,29984.04,Credit,Yes,No,Reconciled,No
BTX000193,Bank - CBZ USD Current,2024-12-29,2024-12-30,CASH DEPOSIT,0.0,6570.52,257971.61,Yes,0,6570.52,Credit,Yes,No,Reconciled,No
BTX000194,Bank - CBZ USD Current,2025-07-25,2025-07-27,PAYMENT VENDOR,50888.71,0.0,207082.9,Yes,12,50888.71,Debit,Yes,No,Reconciled,No
BTX000195,Bank - CBZ USD Current,2025-06-25,2025-06-27,MOBILE PAYMENT,0.0,1550.74,208633.64,No,0,1550.74,Credit,No,Yes,0-30 days,No
BTX000196,Bank - CBZ USD Current,2025-03-01,2025-03-03,SALARY PAYMENT,0.0,1914.27,210547.91,Yes,0,1914.27,Credit,Yes,No,Reconciled,No
BTX000197,Bank - CBZ USD Current,2025-01-09,2025-01-10,PAYMENT VENDOR,1072.55,0.0,209475.36,Yes,93,1072.55,Debit,Yes,No,Reconciled,No
BTX000198,Bank - CBZ USD Current,2024-07-09,2024-07-11,FX CONVERSION,17986.72,0.0,191488.64,Yes,3,17986.72,Debit,Yes,No,Reconciled,No
BTX000199,Bank - CBZ USD Current,2025-09-19,2025-09-20,PAYMENT VENDOR,7840.88,0.0,183647.76,Yes,0,7840.88,Debit,Yes,No,Reconciled,No
BTX000200,Bank - CBZ USD Current,2024-05-29,2024-05-31,INTEREST CREDIT,19582.63,0.0,164065.13,Yes,46,19582.63,Debit,Yes,No,Reconciled,No
BTX000201,Bank - CBZ USD Current,2024-12-07,2024-12-09,VAT PAYMENT,0.0,7980.96,172046.09,No,0,7980.96,Credit,No,Yes,0-30 days,No
BTX000202,Bank - CBZ USD Current,2024-01-10,2024-01-11,TRF FROM CUSTOMER,0.0,8995.7,181041.79,Yes,0,8995.7,Credit,Yes,No,Reconciled,No
BTX000203,Bank - CBZ USD Current,2024-10-25,2024-10-25,CASH DEPOSIT,0.0,17004.03,198045.82,Yes,93,17004.03,Credit,Yes,No,Reconciled,No
BTX000204,Bank - CBZ USD Current,2024-10-06,2024-10-07,BANK CHARGES,0.0,47867.88,245913.7,No,12,47867.88,Credit,No,Yes,0-30 days,No
BTX000205,Bank - CBZ USD Current,2024-02-19,2024-02-19,DIRECT DEBIT,19155.81,0.0,226757.89,Yes,0,19155.81,Debit,Yes,No,Reconciled,No
BTX000206,Bank - CBZ USD Current,2025-01-12,2025-01-13,TRF FROM CUSTOMER,0.0,20532.17,247290.06,Yes,3,20532.17,Credit,Yes,No,Reconciled,No
BTX000207,Bank - CBZ USD Current,2024-12-09,2024-12-09,DIRECT DEBIT,10326.76,0.0,236963.3,Yes,93,10326.76,Debit,Yes,No,Reconciled,No
BTX000208,Bank - CBZ USD Current,2025-08-08,2025-08-10,DIRECT DEBIT,0.0,39398.27,276361.57,Yes,0,39398.27,Credit,Yes,No,Reconciled,No
BTX000209,Bank - CBZ USD Current,2025-03-18,2025-03-19,TRF FROM CUSTOMER,4188.3,0.0,272173.27,Yes,12,4188.3,Debit,Yes,No,Reconciled,No
BTX000210,Bank - CBZ USD Current,2024-08-18,2024-08-19,SALARY PAYMENT,21194.86,0.0,250978.41,Yes,12,21194.86,Debit,Yes,No,Reconciled,No
BTX000211,Bank - CBZ USD Current,2025-08-21,2025-08-21,TRF FROM CUSTOMER,0.0,32108.37,283086.78,Yes,0,32108.37,Credit,Yes,No,Reconciled,No
BTX000212,Bank - CBZ USD Current,2024-10-02,2024-10-03,DIRECT DEBIT,6752.44,0.0,276334.34,Yes,0,6752.44,Debit,Yes,No,Reconciled,No
BTX000213,Bank - CBZ USD Current,2024-03-31,2024-03-31,DIRECT DEBIT,21093.81,0.0,255240.53,Yes,0,21093.81,Debit,Yes,No,Reconciled,No
BTX000214,Bank - CBZ USD Current,2024-12-19,2024-12-21,VAT PAYMENT,60555.47,0.0,194685.06,Yes,93,60555.47,Debit,Yes,No,Reconciled,No
BTX000215,Bank - CBZ USD Current,2024-01-14,2024-01-15,CASH DEPOSIT,16153.58,0.0,178531.48,Yes,12,16153.58,Debit,Yes,No,Reconciled,No
BTX000216,Bank - CBZ USD Current,2024-07-07,2024-07-08,TRF FROM CUSTOMER,0.0,3951.16,182482.64,Yes,0,3951.16,Credit,Yes,No,Reconciled,No
BTX000217,Bank - CBZ USD Current,2025-06-11,2025-06-13,PAYMENT VENDOR,0.0,22577.61,205060.25,Yes,3,22577.61,Credit,Yes,No,Reconciled,No
BTX000218,Bank - CBZ USD Current,2024-02-16,2024-02-18,SALARY PAYMENT,0.0,11541.62,216601.87,Yes,0,11541.62,Credit,Yes,No,Reconciled,No
BTX000219,Bank - CBZ USD Current,2025-05-02,2025-05-02,BANK CHARGES,0.0,1593.18,218195.05,Yes,3,1593.18,Credit,Yes,No,Reconciled,No
BTX000220,Bank - CBZ USD Current,2025-09-06,2025-09-08,CASH DEPOSIT,0.0,2214.92,220409.97,No,210,2214.92,Credit,No,Yes,Over 90 days,Yes
BTX000221,Bank - CBZ USD Current,2025-04-15,2025-04-16,TRF FROM CUSTOMER,54366.66,0.0,166043.31,Yes,0,54366.66,Debit,Yes,No,Reconciled,No
BTX000222,Bank - CBZ USD Current,2024-03-19,2024-03-20,CASH DEPOSIT,0.0,11976.31,178019.62,Yes,46,11976.31,Credit,Yes,No,Reconciled,No
BTX000223,Bank - CBZ USD Current,2024-05-30,2024-05-30,VAT PAYMENT,0.0,1911.1,179930.72,Yes,0,1911.1,Credit,Yes,No,Reconciled,No
BTX000224,Bank - CBZ USD Current,2024-01-31,2024-01-31,INTEREST CREDIT,0.0,19248.96,199179.68,Yes,0,19248.96,Credit,Yes,No,Reconciled,No
BTX000225,Bank - CBZ USD Current,2025-07-08,2025-07-10,FX CONVERSION,2026.86,0.0,197152.82,Yes,12,2026.86,Debit,Yes,No,Reconciled,No
BTX000226,Bank - CBZ USD Current,2025-08-19,2025-08-21,FX CONVERSION,20848.07,0.0,176304.75,Yes,3,20848.07,Debit,Yes,No,Reconciled,No
BTX000227,Bank - CBZ USD Current,2024-01-03,2024-01-04,VAT PAYMENT,0.0,15057.68,191362.43,Yes,210,15057.68,Credit,Yes,No,Reconciled,No
BTX000228,Bank - CBZ USD Current,2025-05-07,2025-05-09,MOBILE PAYMENT,49610.02,0.0,141752.41,Yes,210,49610.02,Debit,Yes,No,Reconciled,No
BTX000229,Bank - CBZ USD Current,2024-01-22,2024-01-23,INTEREST CREDIT,0.0,5339.2,147091.61,No,12,5339.2,Credit,No,Yes,0-30 days,No
BTX000230,Bank - CBZ USD Current,2024-06-28,2024-06-28,BANK CHARGES,19697.91,0.0,127393.7,Yes,93,19697.91,Debit,Yes,No,Reconciled,No
BTX000231,Bank - CBZ USD Current,2025-08-31,2025-09-02,VAT PAYMENT,0.0,847.32,128241.02,Yes,210,847.32,Credit,Yes,No,Reconciled,No
BTX000232,Bank - CBZ USD Current,2024-11-01,2024-11-01,DIRECT DEBIT,7382.39,0.0,120858.63,Yes,0,7382.39,Debit,Yes,No,Reconciled,No
BTX000233,Bank - CBZ USD Current,2025-05-23,2025-05-24,PAYMENT VENDOR,0.0,34896.42,155755.05,Yes,12,34896.42,Credit,Yes,No,Reconciled,No
BTX000234,Bank - CBZ USD Current,2024-10-18,2024-10-18,PAYMENT VENDOR,0.0,61358.39,217113.44,Yes,0,61358.39,Credit,Yes,No,Reconciled,No
BTX000235,Bank - CBZ USD Current,2024-12-28,2024-12-28,DIRECT DEBIT,0.0,2249.76,219363.2,Yes,46,2249.76,Credit,Yes,No,Reconciled,No
BTX000236,Bank - CBZ USD Current,2024-10-16,2024-10-16,CASH DEPOSIT,0.0,5062.4,224425.6,Yes,0,5062.4,Credit,Yes,No,Reconciled,No
BTX000237,Bank - CBZ USD Current,2025-04-06,2025-04-08,MOBILE PAYMENT,3802.9,0.0,220622.7,Yes,0,3802.9,Debit,Yes,No,Reconciled,No
BTX000238,Bank - CBZ USD Current,2024-07-26,2024-07-28,MOBILE PAYMENT,3893.93,0.0,216728.77,Yes,210,3893.93,Debit,Yes,No,Reconciled,No
BTX000239,Bank - CBZ USD Current,2025-06-18,2025-06-19,TRF FROM CUSTOMER,18668.75,0.0,198060.02,Yes,0,18668.75,Debit,Yes,No,Reconciled,No
BTX000240,Bank - CBZ USD Current,2024-03-02,2024-03-02,BANK CHARGES,0.0,11327.1,209387.12,Yes,210,11327.1,Credit,Yes,No,Reconciled,No
BTX000241,Bank - CBZ USD Current,2024-12-05,2024-12-06,SALARY PAYMENT,18539.34,0.0,190847.78,Yes,210,18539.34,Debit,Yes,No,Reconciled,No
BTX000242,Bank - CBZ USD Current,2024-09-23,2024-09-24,INTEREST CREDIT,0.0,10169.09,201016.87,Yes,0,10169.09,Credit,Yes,No,Reconciled,No
BTX000243,Bank - CBZ USD Current,2024-01-16,2024-01-16,MOBILE PAYMENT,0.0,1994.36,203011.23,Yes,0,1994.36,Credit,Yes,No,Reconciled,No
BTX000244,Bank - CBZ USD Current,2025-04-08,2025-04-10,PAYMENT VENDOR,673.46,0.0,202337.77,Yes,0,673.46,Debit,Yes,No,Reconciled,No
BTX000245,Bank - CBZ USD Current,2024-06-15,2024-06-17,PAYMENT VENDOR,12237.07,0.0,190100.7,Yes,0,12237.07,Debit,Yes,No,Reconciled,No
BTX000246,Bank - CBZ USD Current,2025-04-08,2025-04-09,BANK CHARGES,0.0,6755.44,196856.14,Yes,0,6755.44,Credit,Yes,No,Reconciled,No
BTX000247,Bank - CBZ USD Current,2024-11-01,2024-11-03,DIRECT DEBIT,0.0,32034.34,228890.48,Yes,93,32034.34,Credit,Yes,No,Reconciled,No
BTX000248,Bank - CBZ USD Current,2025-09-01,2025-09-02,INTEREST CREDIT,0.0,35646.98,264537.46,Yes,0,35646.98,Credit,Yes,No,Reconciled,No
BTX000249,Bank - CBZ USD Current,2025-08-02,2025-08-03,VAT PAYMENT,16196.43,0.0,248341.03,Yes,12,16196.43,Debit,Yes,No,Reconciled,No
BTX000250,Bank - CBZ USD Current,2024-10-20,2024-10-20,CASH DEPOSIT,0.0,4756.33,253097.36,Yes,12,4756.33,Credit,Yes,No,Reconciled,No
BTX000251,Bank - CBZ USD Current,2024-06-03,2024-06-05,TRF FROM CUSTOMER,0.0,860.5,253957.86,Yes,46,860.5,Credit,Yes,No,Reconciled,No
BTX000252,Bank - CBZ USD Current,2024-06-24,2024-06-26,CASH DEPOSIT,6560.66,0.0,247397.2,No,0,6560.66,Debit,No,Yes,0-30 days,No
BTX000253,Bank - CBZ USD Current,2024-09-21,2024-09-23,FX CONVERSION,0.0,17305.31,264702.51,Yes,0,17305.31,Credit,Yes,No,Reconciled,No
BTX000254,Bank - CBZ USD Current,2024-04-29,2024-04-29,DIRECT DEBIT,2006.51,0.0,262696.0,Yes,12,2006.51,Debit,Yes,No,Reconciled,No
BTX000255,Bank - CBZ USD Current,2024-01-05,2024-01-06,BANK CHARGES,0.0,18761.0,281457.0,Yes,0,18761,Credit,Yes,No,Reconciled,No
BTX000256,Bank - CBZ USD Current,2025-03-19,2025-03-19,CASH DEPOSIT,0.0,34550.66,316007.66,Yes,46,34550.66,Credit,Yes,No,Reconciled,No
BTX000257,Bank - CBZ USD Current,2025-06-23,2025-06-23,FX CONVERSION,0.0,41296.94,357304.6,Yes,93,41296.94,Credit,Yes,No,Reconciled,No
BTX000258,Bank - CBZ USD Current,2025-09-04,2025-09-05,MOBILE PAYMENT,615.99,0.0,356688.61,Yes,210,615.99,Debit,Yes,No,Reconciled,No
BTX000259,Bank - CBZ USD Current,2025-05-13,2025-05-14,SALARY PAYMENT,0.0,15335.71,372024.32,Yes,0,15335.71,Credit,Yes,No,Reconciled,No
BTX000260,Bank - CBZ USD Current,2025-06-09,2025-06-11,SALARY PAYMENT,0.0,45163.32,417187.64,Yes,210,45163.32,Credit,Yes,No,Reconciled,No
BTX000261,Bank - CBZ USD Current,2025-07-26,2025-07-26,BANK CHARGES,0.0,5554.48,422742.12,Yes,3,5554.48,Credit,Yes,No,Reconciled,No
BTX000262,Bank - CBZ USD Current,2024-11-16,2024-11-18,TRF FROM CUSTOMER,4904.69,0.0,417837.43,Yes,210,4904.69,Debit,Yes,No,Reconciled,No
BTX000263,Bank - CBZ USD Current,2024-11-16,2024-11-16,INTEREST CREDIT,0.0,831.33,418668.76,No,3,831.33,Credit,No,Yes,0-30 days,No
BTX000264,Bank - CBZ USD Current,2025-03-31,2025-04-01,FX CONVERSION,0.0,4076.3,422745.06,Yes,0,4076.3,Credit,Yes,No,Reconciled,No
BTX000265,Bank - CBZ USD Current,2025-09-14,2025-09-15,INTEREST CREDIT,0.0,4808.07,427553.13,Yes,0,4808.07,Credit,Yes,No,Reconciled,No
BTX000266,Bank - CBZ USD Current,2024-06-15,2024-06-17,CASH DEPOSIT,0.0,4121.63,431674.76,Yes,210,4121.63,Credit,Yes,No,Reconciled,No
BTX000267,Bank - CBZ USD Current,2024-12-23,2024-12-23,PAYMENT VENDOR,0.0,8745.7,440420.46,Yes,93,8745.7,Credit,Yes,No,Reconciled,No
BTX000268,Bank - CBZ USD Current,2024-12-20,2024-12-22,TRF FROM CUSTOMER,1939.92,0.0,438480.54,Yes,3,1939.92,Debit,Yes,No,Reconciled,No
BTX000269,Bank - CBZ USD Current,2024-10-22,2024-10-23,BANK CHARGES,0.0,12156.09,450636.63,Yes,0,12156.09,Credit,Yes,No,Reconciled,No
BTX000270,Bank - CBZ USD Current,2024-12-19,2024-12-20,CASH DEPOSIT,0.0,3885.6,454522.23,Yes,3,3885.6,Credit,Yes,No,Reconciled,No
BTX000271,Bank - CBZ USD Current,2024-09-13,2024-09-14,SALARY PAYMENT,4228.25,0.0,450293.98,Yes,46,4228.25,Debit,Yes,No,Reconciled,No
BTX000272,Bank - CBZ USD Current,2025-05-11,2025-05-11,INTEREST CREDIT,0.0,17402.41,467696.39,Yes,12,17402.41,Credit,Yes,No,Reconciled,No
BTX000273,Bank - CBZ USD Current,2024-07-10,2024-07-11,SALARY PAYMENT,0.0,2745.28,470441.67,Yes,0,2745.28,Credit,Yes,No,Reconciled,No
BTX000274,Bank - CBZ USD Current,2025-03-27,2025-03-28,MOBILE PAYMENT,0.0,15369.93,485811.6,Yes,0,15369.93,Credit,Yes,No,Reconciled,No
BTX000275,Bank - CBZ USD Current,2025-09-23,2025-09-23,PAYMENT VENDOR,0.0,8538.47,494350.07,Yes,0,8538.47,Credit,Yes,No,Reconciled,No
BTX000276,Bank - CBZ USD Current,2024-10-31,2024-11-01,PAYMENT VENDOR,0.0,26443.24,520793.31,Yes,93,26443.24,Credit,Yes,No,Reconciled,No
BTX000277,Bank - CBZ USD Current,2024-02-06,2024-02-08,CASH DEPOSIT,0.0,700.41,521493.72,Yes,210,700.41,Credit,Yes,No,Reconciled,No
BTX000278,Bank - CBZ USD Current,2024-06-14,2024-06-16,MOBILE PAYMENT,0.0,1076.13,522569.85,Yes,0,1076.13,Credit,Yes,No,Reconciled,No
BTX000279,Bank - CBZ USD Current,2024-01-14,2024-01-16,SALARY PAYMENT,8091.99,0.0,514477.86,Yes,3,8091.99,Debit,Yes,No,Reconciled,No
BTX000280,Bank - CBZ USD Current,2024-06-07,2024-06-07,VAT PAYMENT,0.0,30052.92,544530.78,Yes,3,30052.92,Credit,Yes,No,Reconciled,No
BTX000281,Bank - CBZ USD Current,2025-04-18,2025-04-19,TRF FROM CUSTOMER,40724.39,0.0,503806.39,Yes,0,40724.39,Debit,Yes,No,Reconciled,No
BTX000282,Bank - CBZ USD Current,2025-04-30,2025-04-30,BANK CHARGES,2838.66,0.0,500967.73,Yes,210,2838.66,Debit,Yes,No,Reconciled,No
BTX000283,Bank - CBZ USD Current,2025-09-30,2025-10-01,INTEREST CREDIT,17838.4,0.0,483129.33,Yes,3,17838.4,Debit,Yes,No,Reconciled,No
BTX000284,Bank - CBZ USD Current,2024-02-23,2024-02-24,CASH DEPOSIT,43763.91,0.0,439365.42,Yes,46,43763.91,Debit,Yes,No,Reconciled,No
BTX000285,Bank - CBZ USD Current,2024-01-18,2024-01-18,TRF FROM CUSTOMER,0.0,2688.27,442053.69,Yes,0,2688.27,Credit,Yes,No,Reconciled,No
BTX000286,Bank - CBZ USD Current,2024-10-21,2024-10-22,SALARY PAYMENT,0.0,1546.56,443600.25,Yes,0,1546.56,Credit,Yes,No,Reconciled,No
BTX000287,Bank - CBZ USD Current,2024-08-09,2024-08-09,BANK CHARGES,2027.04,0.0,441573.21,Yes,0,2027.04,Debit,Yes,No,Reconciled,No
BTX000288,Bank - CBZ USD Current,2025-09-20,2025-09-21,TRF FROM CUSTOMER,40776.11,0.0,400797.1,Yes,93,40776.11,Debit,Yes,No,Reconciled,No
BTX000289,Bank - CBZ USD Current,2025-06-07,2025-06-08,CASH DEPOSIT,32496.08,0.0,368301.02,Yes,210,32496.08,Debit,Yes,No,Reconciled,No
BTX000290,Bank - CBZ USD Current,2025-02-01,2025-02-02,TRF FROM CUSTOMER,0.0,3890.12,372191.14,Yes,93,3890.12,Credit,Yes,No,Reconciled,No
BTX000291,Bank - CBZ USD Current,2025-03-16,2025-03-16,PAYMENT VENDOR,58615.61,0.0,313575.53,Yes,12,58615.61,Debit,Yes,No,Reconciled,No
BTX000292,Bank - CBZ USD Current,2025-05-31,2025-06-02,SALARY PAYMENT,0.0,881.91,314457.44,Yes,0,881.91,Credit,Yes,No,Reconciled,No
BTX000293,Bank - CBZ USD Current,2025-08-06,2025-08-07,INTEREST CREDIT,47792.33,0.0,266665.11,Yes,3,47792.33,Debit,Yes,No,Reconciled,No
BTX000294,Bank - CBZ USD Current,2024-02-17,2024-02-18,PAYMENT VENDOR,0.0,24060.27,290725.38,Yes,0,24060.27,Credit,Yes,No,Reconciled,No
BTX000295,Bank - CBZ USD Current,2024-09-06,2024-09-08,BANK CHARGES,18241.69,0.0,272483.69,Yes,93,18241.69,Debit,Yes,No,Reconciled,No
BTX000296,Bank - CBZ USD Current,2024-08-04,2024-08-04,BANK CHARGES,10355.36,0.0,262128.33,Yes,93,10355.36,Debit,Yes,No,Reconciled,No
BTX000297,Bank - CBZ USD Current,2024-03-04,2024-03-06,VAT PAYMENT,2557.07,0.0,259571.26,Yes,46,2557.07,Debit,Yes,No,Reconciled,No
BTX000298,Bank - CBZ USD Current,2025-05-12,2025-05-12,PAYMENT VENDOR,890.93,0.0,258680.33,Yes,12,890.93,Debit,Yes,No,Reconciled,No
BTX000299,Bank - CBZ USD Current,2024-04-01,2024-04-03,MOBILE PAYMENT,47440.08,0.0,211240.25,Yes,3,47440.08,Debit,Yes,No,Reconciled,No
BTX000300,Bank - CBZ USD Current,2024-07-25,2024-07-27,PAYMENT VENDOR,0.0,2571.27,213811.52,No,0,2571.27,Credit,No,Yes,0-30 days,No
BTX000301,Bank - CBZ USD Current,2024-09-20,2024-09-21,BANK CHARGES,0.0,2572.18,216383.7,Yes,12,2572.18,Credit,Yes,No,Reconciled,No
BTX000302,Bank - CBZ USD Current,2024-01-22,2024-01-22,CASH DEPOSIT,0.0,19953.02,236336.72,Yes,46,19953.02,Credit,Yes,No,Reconciled,No
BTX000303,Bank - CBZ USD Current,2025-03-12,2025-03-12,FX CONVERSION,12478.61,0.0,223858.11,Yes,46,12478.61,Debit,Yes,No,Reconciled,No
BTX000304,Bank - CBZ USD Current,2024-09-08,2024-09-10,FX CONVERSION,35311.45,0.0,188546.66,Yes,3,35311.45,Debit,Yes,No,Reconciled,No
BTX000305,Bank - CBZ USD Current,2024-11-05,2024-11-07,PAYMENT VENDOR,0.0,58039.62,246586.28,Yes,12,58039.62,Credit,Yes,No,Reconciled,No
BTX000306,Bank - CBZ USD Current,2024-05-18,2024-05-20,BANK CHARGES,7012.22,0.0,239574.06,Yes,210,7012.22,Debit,Yes,No,Reconciled,No
BTX000307,Bank - CBZ USD Current,2025-02-28,2025-03-01,SALARY PAYMENT,8944.3,0.0,230629.76,Yes,12,8944.3,Debit,Yes,No,Reconciled,No
BTX000308,Bank - CBZ USD Current,2024-10-09,2024-10-10,VAT PAYMENT,4097.89,0.0,226531.87,Yes,0,4097.89,Debit,Yes,No,Reconciled,No
BTX000309,Bank - CBZ USD Current,2024-10-14,2024-10-15,FX CONVERSION,30917.07,0.0,195614.8,Yes,93,30917.07,Debit,Yes,No,Reconciled,No
BTX000310,Bank - CBZ USD Current,2025-01-29,2025-01-30,SALARY PAYMENT,0.0,50091.65,245706.45,Yes,46,50091.65,Credit,Yes,No,Reconciled,No
BTX000311,Bank - CBZ USD Current,2024-05-12,2024-05-13,PAYMENT VENDOR,23262.56,0.0,222443.89,Yes,210,23262.56,Debit,Yes,No,Reconciled,No
BTX000312,Bank - CBZ USD Current,2024-08-17,2024-08-19,BANK CHARGES,0.0,20048.36,242492.25,Yes,0,20048.36,Credit,Yes,No,Reconciled,No
BTX000313,Bank - CBZ USD Current,2025-04-19,2025-04-20,INTEREST CREDIT,38868.15,0.0,203624.1,Yes,12,38868.15,Debit,Yes,No,Reconciled,No
BTX000314,Bank - CBZ USD Current,2025-04-18,2025-04-18,INTEREST CREDIT,7809.45,0.0,195814.65,Yes,0,7809.45,Debit,Yes,No,Reconciled,No
BTX000315,Bank - CBZ USD Current,2025-04-23,2025-04-24,INTEREST CREDIT,0.0,7726.11,203540.76,Yes,93,7726.11,Credit,Yes,No,Reconciled,No
BTX000316,Bank - CBZ USD Current,2024-06-14,2024-06-15,FX CONVERSION,0.0,12641.46,216182.22,Yes,210,12641.46,Credit,Yes,No,Reconciled,No
BTX000317,Bank - CBZ USD Current,2025-05-11,2025-05-11,BANK CHARGES,53263.71,0.0,162918.51,Yes,12,53263.71,Debit,Yes,No,Reconciled,No
BTX000318,Bank - CBZ USD Current,2025-05-01,2025-05-02,FX CONVERSION,0.0,6104.54,169023.05,Yes,3,6104.54,Credit,Yes,No,Reconciled,No
BTX000319,Bank - CBZ USD Current,2024-07-28,2024-07-29,PAYMENT VENDOR,46982.05,0.0,122041.0,No,0,46982.05,Debit,No,Yes,0-30 days,No
BTX000320,Bank - CBZ USD Current,2024-06-14,2024-06-15,BANK CHARGES,18474.19,0.0,103566.81,Yes,0,18474.19,Debit,Yes,No,Reconciled,No
BTX000321,Bank - CBZ USD Current,2024-11-24,2024-11-24,VAT PAYMENT,0.0,9580.81,113147.62,No,46,9580.81,Credit,No,Yes,31-90 days,No
BTX000322,Bank - CBZ USD Current,2025-07-28,2025-07-29,CASH DEPOSIT,0.0,10386.11,123533.73,Yes,3,10386.11,Credit,Yes,No,Reconciled,No
BTX000323,Bank - CBZ USD Current,2024-10-20,2024-10-21,FX CONVERSION,0.0,2061.34,125595.07,Yes,0,2061.34,Credit,Yes,No,Reconciled,No
BTX000324,Bank - CBZ USD Current,2025-01-13,2025-01-14,TRF FROM CUSTOMER,0.0,12548.13,138143.2,Yes,0,12548.13,Credit,Yes,No,Reconciled,No
BTX000325,Bank - CBZ USD Current,2024-08-18,2024-08-19,FX CONVERSION,1606.18,0.0,136537.02,Yes,3,1606.18,Debit,Yes,No,Reconciled,No
BTX000326,Bank - CBZ USD Current,2024-10-24,2024-10-24,DIRECT DEBIT,0.0,34973.07,171510.09,Yes,12,34973.07,Credit,Yes,No,Reconciled,No
BTX000327,Bank - CBZ USD Current,2024-04-22,2024-04-24,TRF FROM CUSTOMER,927.18,0.0,170582.91,Yes,12,927.18,Debit,Yes,No,Reconciled,No
BTX000328,Bank - CBZ USD Current,2024-05-09,2024-05-10,DIRECT DEBIT,2555.91,0.0,168027.0,Yes,12,2555.91,Debit,Yes,No,Reconciled,No
BTX000329,Bank - CBZ USD Current,2025-03-01,2025-03-02,MOBILE PAYMENT,0.0,39005.05,207032.05,Yes,93,39005.05,Credit,Yes,No,Reconciled,No
BTX000330,Bank - CBZ USD Current,2024-12-26,2024-12-28,MOBILE PAYMENT,19411.55,0.0,187620.5,Yes,0,19411.55,Debit,Yes,No,Reconciled,No
BTX000331,Bank - CBZ USD Current,2024-02-07,2024-02-09,PAYMENT VENDOR,0.0,4029.68,191650.18,Yes,0,4029.68,Credit,Yes,No,Reconciled,No
BTX000332,Bank - CBZ USD Current,2024-06-23,2024-06-23,FX CONVERSION,0.0,26047.42,217697.6,Yes,93,26047.42,Credit,Yes,No,Reconciled,No
BTX000333,Bank - CBZ USD Current,2025-05-23,2025-05-23,BANK CHARGES,0.0,10514.52,228212.12,Yes,46,10514.52,Credit,Yes,No,Reconciled,No
BTX000334,Bank - CBZ USD Current,2025-03-14,2025-03-15,INTEREST CREDIT,946.6,0.0,227265.52,Yes,210,946.6,Debit,Yes,No,Reconciled,No
BTX000335,Bank - CBZ USD Current,2024-01-23,2024-01-24,MOBILE PAYMENT,0.0,16054.88,243320.4,Yes,0,16054.88,Credit,Yes,No,Reconciled,No
BTX000336,Bank - CBZ USD Current,2025-09-28,2025-09-28,BANK CHARGES,0.0,35537.2,278857.6,Yes,0,35537.2,Credit,Yes,No,Reconciled,No
BTX000337,Bank - CBZ USD Current,2024-09-29,2024-10-01,BANK CHARGES,0.0,2680.62,281538.22,Yes,93,2680.62,Credit,Yes,No,Reconciled,No
BTX000338,Bank - CBZ USD Current,2024-10-22,2024-10-23,PAYMENT VENDOR,10370.96,0.0,271167.26,Yes,46,10370.96,Debit,Yes,No,Reconciled,No
BTX000339,Bank - CBZ USD Current,2024-04-15,2024-04-15,TRF FROM CUSTOMER,0.0,5689.39,276856.65,Yes,3,5689.39,Credit,Yes,No,Reconciled,No
BTX000340,Bank - CBZ USD Current,2024-07-12,2024-07-13,CASH DEPOSIT,12359.59,0.0,264497.06,Yes,12,12359.59,Debit,Yes,No,Reconciled,No
BTX000341,Bank - CBZ USD Current,2025-06-01,2025-06-01,BANK CHARGES,0.0,39984.99,304482.05,Yes,210,39984.99,Credit,Yes,No,Reconciled,No
BTX000342,Bank - CBZ USD Current,2025-09-23,2025-09-23,INTEREST CREDIT,0.0,52596.76,357078.81,Yes,210,52596.76,Credit,Yes,No,Reconciled,No
BTX000343,Bank - CBZ USD Current,2024-07-13,2024-07-15,SALARY PAYMENT,5790.4,0.0,351288.41,Yes,93,5790.4,Debit,Yes,No,Reconciled,No
BTX000344,Bank - CBZ USD Current,2025-03-09,2025-03-09,VAT PAYMENT,0.0,2680.34,353968.75,Yes,210,2680.34,Credit,Yes,No,Reconciled,No
BTX000345,Bank - CBZ USD Current,2025-01-24,2025-01-25,SALARY PAYMENT,0.0,790.53,354759.28,Yes,46,790.53,Credit,Yes,No,Reconciled,No
BTX000346,Bank - CBZ USD Current,2024-09-16,2024-09-18,VAT PAYMENT,0.0,17147.21,371906.49,Yes,0,17147.21,Credit,Yes,No,Reconciled,No
BTX000347,Bank - CBZ USD Current,2024-02-10,2024-02-10,DIRECT DEBIT,11770.77,0.0,360135.72,No,46,11770.77,Debit,No,Yes,31-90 days,No
BTX000348,Bank - CBZ USD Current,2025-02-26,2025-02-26,CASH DEPOSIT,0.0,34127.72,394263.44,Yes,46,34127.72,Credit,Yes,No,Reconciled,No
BTX000349,Bank - CBZ USD Current,2025-03-16,2025-03-17,VAT PAYMENT,0.0,21201.87,415465.31,Yes,0,21201.87,Credit,Yes,No,Reconciled,No
BTX000350,Bank - CBZ USD Current,2025-03-30,2025-04-01,MOBILE PAYMENT,0.0,922.46,416387.77,Yes,210,922.46,Credit,Yes,No,Reconciled,No
BTX000351,Bank - CBZ USD Current,2025-04-09,2025-04-09,INTEREST CREDIT,0.0,53853.3,470241.07,Yes,3,53853.3,Credit,Yes,No,Reconciled,No
BTX000352,Bank - CBZ USD Current,2024-06-15,2024-06-16,SALARY PAYMENT,2587.6,0.0,467653.47,Yes,93,2587.6,Debit,Yes,No,Reconciled,No
BTX000353,Bank - CBZ USD Current,2024-08-08,2024-08-09,VAT PAYMENT,0.0,1063.93,468717.4,Yes,46,1063.93,Credit,Yes,No,Reconciled,No
BTX000354,Bank - CBZ USD Current,2025-01-10,2025-01-11,CASH DEPOSIT,0.0,2221.83,470939.23,Yes,12,2221.83,Credit,Yes,No,Reconciled,No
BTX000355,Bank - CBZ USD Current,2024-09-06,2024-09-07,SALARY PAYMENT,6984.61,0.0,463954.62,Yes,0,6984.61,Debit,Yes,No,Reconciled,No
BTX000356,Bank - CBZ USD Current,2024-02-08,2024-02-09,PAYMENT VENDOR,0.0,12793.57,476748.19,Yes,0,12793.57,Credit,Yes,No,Reconciled,No
BTX000357,Bank - CBZ USD Current,2025-03-23,2025-03-24,INTEREST CREDIT,48552.12,0.0,428196.07,Yes,46,48552.12,Debit,Yes,No,Reconciled,No
BTX000358,Bank - CBZ USD Current,2025-01-26,2025-01-28,FX CONVERSION,0.0,23656.83,451852.9,Yes,0,23656.83,Credit,Yes,No,Reconciled,No
BTX000359,Bank - CBZ USD Current,2024-10-28,2024-10-29,CASH DEPOSIT,0.0,2203.69,454056.59,Yes,46,2203.69,Credit,Yes,No,Reconciled,No
BTX000360,Bank - CBZ USD Current,2025-01-22,2025-01-22,VAT PAYMENT,0.0,32936.94,486993.53,Yes,46,32936.94,Credit,Yes,No,Reconciled,No
BTX000361,Bank - CBZ USD Current,2024-01-14,2024-01-15,PAYMENT VENDOR,0.0,19665.92,506659.45,Yes,93,19665.92,Credit,Yes,No,Reconciled,No
BTX000362,Bank - CBZ USD Current,2025-09-19,2025-09-19,TRF FROM CUSTOMER,0.0,1563.8,508223.25,Yes,0,1563.8,Credit,Yes,No,Reconciled,No
BTX000363,Bank - CBZ USD Current,2024-11-12,2024-11-13,SALARY PAYMENT,6028.35,0.0,502194.9,Yes,46,6028.35,Debit,Yes,No,Reconciled,No
BTX000364,Bank - CBZ USD Current,2024-05-22,2024-05-22,VAT PAYMENT,21553.0,0.0,480641.9,Yes,210,21553,Debit,Yes,No,Reconciled,No
BTX000365,Bank - CBZ USD Current,2024-08-10,2024-08-11,DIRECT DEBIT,2665.64,0.0,477976.26,Yes,0,2665.64,Debit,Yes,No,Reconciled,No
BTX000366,Bank - CBZ USD Current,2025-08-31,2025-09-02,CASH DEPOSIT,14353.75,0.0,463622.51,Yes,46,14353.75,Debit,Yes,No,Reconciled,No
BTX000367,Bank - CBZ USD Current,2024-07-21,2024-07-23,FX CONVERSION,888.61,0.0,462733.9,Yes,12,888.61,Debit,Yes,No,Reconciled,No
BTX000368,Bank - CBZ USD Current,2024-08-13,2024-08-15,DIRECT DEBIT,1000.87,0.0,461733.03,Yes,0,1000.87,Debit,Yes,No,Reconciled,No
BTX000369,Bank - CBZ USD Current,2024-12-31,2025-01-02,FX CONVERSION,0.0,13412.74,475145.77,No,0,13412.74,Credit,No,Yes,0-30 days,No
BTX000370,Bank - CBZ USD Current,2025-09-09,2025-09-09,BANK CHARGES,1064.84,0.0,474080.93,Yes,0,1064.84,Debit,Yes,No,Reconciled,No
BTX000371,Bank - CBZ USD Current,2024-10-30,2024-10-31,MOBILE PAYMENT,0.0,2610.53,476691.46,Yes,12,2610.53,Credit,Yes,No,Reconciled,No
BTX000372,Bank - CBZ USD Current,2025-04-18,2025-04-18,MOBILE PAYMENT,10821.48,0.0,465869.98,Yes,3,10821.48,Debit,Yes,No,Reconciled,No
BTX000373,Bank - CBZ USD Current,2024-08-24,2024-08-25,PAYMENT VENDOR,53357.31,0.0,412512.67,Yes,93,53357.31,Debit,Yes,No,Reconciled,No
BTX000374,Bank - CBZ USD Current,2024-01-28,2024-01-29,VAT PAYMENT,34349.55,0.0,378163.12,No,12,34349.55,Debit,No,Yes,0-30 days,No
BTX000375,Bank - CBZ USD Current,2025-01-27,2025-01-27,CASH DEPOSIT,0.0,12341.21,390504.33,Yes,0,12341.21,Credit,Yes,No,Reconciled,No
BTX000376,Bank - CBZ USD Current,2025-06-25,2025-06-27,PAYMENT VENDOR,0.0,18402.58,408906.91,Yes,12,18402.58,Credit,Yes,No,Reconciled,No
BTX000377,Bank - CBZ USD Current,2025-04-16,2025-04-17,TRF FROM CUSTOMER,0.0,20501.03,429407.94,Yes,0,20501.03,Credit,Yes,No,Reconciled,No
BTX000378,Bank - CBZ USD Current,2024-05-14,2024-05-14,BANK CHARGES,0.0,12939.32,442347.26,Yes,210,12939.32,Credit,Yes,No,Reconciled,No
BTX000379,Bank - CBZ USD Current,2025-01-17,2025-01-19,MOBILE PAYMENT,0.0,673.84,443021.1,Yes,93,673.84,Credit,Yes,No,Reconciled,No
BTX000380,Bank - CBZ USD Current,2024-02-25,2024-02-27,BANK CHARGES,708.84,0.0,442312.26,Yes,3,708.84,Debit,Yes,No,Reconciled,No
BTX000381,Bank - CBZ USD Current,2025-03-25,2025-03-27,SALARY PAYMENT,13036.46,0.0,429275.8,Yes,0,13036.46,Debit,Yes,No,Reconciled,No
BTX000382,Bank - CBZ USD Current,2024-10-31,2024-10-31,CASH DEPOSIT,0.0,41547.8,470823.6,Yes,0,41547.8,Credit,Yes,No,Reconciled,No
BTX000383,Bank - CBZ USD Current,2024-02-25,2024-02-25,PAYMENT VENDOR,0.0,754.62,471578.22,Yes,46,754.62,Credit,Yes,No,Reconciled,No
BTX000384,Bank - CBZ USD Current,2024-08-25,2024-08-27,FX CONVERSION,0.0,621.18,472199.4,Yes,46,621.18,Credit,Yes,No,Reconciled,No
BTX000385,Bank - CBZ USD Current,2024-04-26,2024-04-26,FX CONVERSION,0.0,7366.15,479565.55,Yes,12,7366.15,Credit,Yes,No,Reconciled,No
BTX000386,Bank - CBZ USD Current,2024-01-04,2024-01-06,INTEREST CREDIT,20496.49,0.0,459069.06,Yes,46,20496.49,Debit,Yes,No,Reconciled,No
BTX000387,Bank - CBZ USD Current,2024-05-09,2024-05-11,DIRECT DEBIT,942.46,0.0,458126.6,Yes,46,942.46,Debit,Yes,No,Reconciled,No
BTX000388,Bank - CBZ USD Current,2024-09-15,2024-09-15,PAYMENT VENDOR,14115.07,0.0,444011.53,No,46,14115.07,Debit,No,Yes,31-90 days,No
BTX000389,Bank - CBZ USD Current,2025-09-11,2025-09-13,SALARY PAYMENT,0.0,31992.87,476004.4,Yes,0,31992.87,Credit,Yes,No,Reconciled,No
BTX000390,Bank - CBZ USD Current,2024-10-25,2024-10-25,PAYMENT VENDOR,0.0,1906.74,477911.14,Yes,12,1906.74,Credit,Yes,No,Reconciled,No
BTX000391,Bank - CBZ USD Current,2024-10-01,2024-10-03,INTEREST CREDIT,13883.67,0.0,464027.47,Yes,46,13883.67,Debit,Yes,No,Reconciled,No
BTX000392,Bank - CBZ USD Current,2024-05-30,2024-05-30,PAYMENT VENDOR,0.0,14583.05,478610.52,Yes,0,14583.05,Credit,Yes,No,Reconciled,No
BTX000393,Bank - CBZ USD Current,2024-10-19,2024-10-20,SALARY PAYMENT,3846.41,0.0,474764.11,Yes,93,3846.41,Debit,Yes,No,Reconciled,No
BTX000394,Bank - CBZ USD Current,2024-10-24,2024-10-24,CASH DEPOSIT,0.0,10405.24,485169.35,Yes,46,10405.24,Credit,Yes,No,Reconciled,No
BTX000395,Bank - CBZ USD Current,2025-06-09,2025-06-09,FX CONVERSION,923.5,0.0,484245.85,No,210,923.5,Debit,No,Yes,Over 90 days,Yes
BTX000396,Bank - CBZ USD Current,2024-02-18,2024-02-18,FX CONVERSION,5592.31,0.0,478653.54,Yes,0,5592.31,Debit,Yes,No,Reconciled,No
BTX000397,Bank - CBZ USD Current,2024-10-19,2024-10-21,CASH DEPOSIT,0.0,1079.75,479733.29,Yes,0,1079.75,Credit,Yes,No,Reconciled,No
BTX000398,Bank - CBZ USD Current,2024-07-15,2024-07-16,BANK CHARGES,1027.75,0.0,478705.54,Yes,210,1027.75,Debit,Yes,No,Reconciled,No
BTX000399,Bank - CBZ USD Current,2024-11-18,2024-11-18,VAT PAYMENT,1059.44,0.0,477646.1,Yes,3,1059.44,Debit,Yes,No,Reconciled,No
BTX000400,Bank - CBZ USD Current,2024-01-12,2024-01-14,SALARY PAYMENT,0.0,35460.19,513106.29,Yes,0,35460.19,Credit,Yes,No,Reconciled,No
BTX000401,Bank - CBZ USD Current,2024-09-26,2024-09-28,MOBILE PAYMENT,1096.2,0.0,512010.09,Yes,0,1096.2,Debit,Yes,No,Reconciled,No
BTX000402,Bank - CBZ USD Current,2025-04-22,2025-04-23,DIRECT DEBIT,10850.09,0.0,501160.0,Yes,93,10850.09,Debit,Yes,No,Reconciled,No
BTX000403,Bank - CBZ USD Current,2024-04-20,2024-04-21,VAT PAYMENT,2600.11,0.0,498559.89,Yes,46,2600.11,Debit,Yes,No,Reconciled,No
BTX000404,Bank - CBZ USD Current,2025-09-17,2025-09-17,TRF FROM CUSTOMER,0.0,983.93,499543.82,Yes,12,983.93,Credit,Yes,No,Reconciled,No
BTX000405,Bank - CBZ USD Current,2025-07-27,2025-07-29,MOBILE PAYMENT,47161.36,0.0,452382.46,Yes,0,47161.36,Debit,Yes,No,Reconciled,No
BTX000406,Bank - CBZ USD Current,2024-09-19,2024-09-19,FX CONVERSION,1073.6,0.0,451308.86,Yes,93,1073.6,Debit,Yes,No,Reconciled,No
BTX000407,Bank - CBZ USD Current,2025-03-02,2025-03-03,CASH DEPOSIT,0.0,15052.08,466360.94,Yes,0,15052.08,Credit,Yes,No,Reconciled,No
BTX000408,Bank - CBZ USD Current,2024-01-11,2024-01-13,SALARY PAYMENT,0.0,29479.93,495840.87,Yes,3,29479.93,Credit,Yes,No,Reconciled,No
BTX000409,Bank - CBZ USD Current,2025-01-13,2025-01-14,PAYMENT VENDOR,1927.3,0.0,493913.57,Yes,46,1927.3,Debit,Yes,No,Reconciled,No
BTX000410,Bank - CBZ USD Current,2024-03-21,2024-03-22,SALARY PAYMENT,937.64,0.0,492975.93,Yes,12,937.64,Debit,Yes,No,Reconciled,No
BTX000411,Bank - CBZ USD Current,2024-09-07,2024-09-08,TRF FROM CUSTOMER,0.0,2151.41,495127.34,No,93,2151.41,Credit,No,Yes,Over 90 days,Yes
BTX000412,Bank - CBZ USD Current,2024-02-13,2024-02-14,INTEREST CREDIT,0.0,52264.57,547391.91,Yes,93,52264.57,Credit,Yes,No,Reconciled,No
BTX000413,Bank - CBZ USD Current,2024-07-30,2024-07-30,SALARY PAYMENT,0.0,693.31,548085.22,Yes,0,693.31,Credit,Yes,No,Reconciled,No
BTX000414,Bank - CBZ USD Current,2024-11-07,2024-11-08,DIRECT DEBIT,0.0,871.33,548956.55,Yes,3,871.33,Credit,Yes,No,Reconciled,No
BTX000415,Bank - CBZ USD Current,2024-05-25,2024-05-27,INTEREST CREDIT,0.0,18380.09,567336.64,Yes,210,18380.09,Credit,Yes,No,Reconciled,No
BTX000416,Bank - CBZ USD Current,2024-09-14,2024-09-15,BANK CHARGES,0.0,954.53,568291.17,Yes,0,954.53,Credit,Yes,No,Reconciled,No
BTX000417,Bank - CBZ USD Current,2024-12-20,2024-12-22,FX CONVERSION,24178.82,0.0,544112.35,Yes,0,24178.82,Debit,Yes,No,Reconciled,No
BTX000418,Bank - CBZ USD Current,2024-12-28,2024-12-30,VAT PAYMENT,5555.87,0.0,538556.48,Yes,12,5555.87,Debit,Yes,No,Reconciled,No
BTX000419,Bank - CBZ USD Current,2025-05-03,2025-05-05,SALARY PAYMENT,0.0,38350.29,576906.77,Yes,0,38350.29,Credit,Yes,No,Reconciled,No
BTX000420,Bank - CBZ USD Current,2024-04-07,2024-04-09,FX CONVERSION,0.0,1689.86,578596.63,Yes,0,1689.86,Credit,Yes,No,Reconciled,No
BTX000421,Bank - CBZ USD Current,2024-05-22,2024-05-22,PAYMENT VENDOR,0.0,6408.83,585005.46,Yes,0,6408.83,Credit,Yes,No,Reconciled,No
BTX000422,Bank - CBZ USD Current,2025-02-10,2025-02-10,FX CONVERSION,640.94,0.0,584364.52,Yes,3,640.94,Debit,Yes,No,Reconciled,No
BTX000423,Bank - CBZ USD Current,2025-02-15,2025-02-16,FX CONVERSION,29461.93,0.0,554902.59,No,46,29461.93,Debit,No,Yes,31-90 days,No
BTX000424,Bank - CBZ USD Current,2024-11-15,2024-11-15,DIRECT DEBIT,16738.56,0.0,538164.03,No,210,16738.56,Debit,No,Yes,Over 90 days,Yes
BTX000425,Bank - CBZ USD Current,2024-05-21,2024-05-22,BANK CHARGES,5175.24,0.0,532988.79,No,0,5175.24,Debit,No,Yes,0-30 days,No
BTX000426,Bank - CBZ USD Current,2025-05-30,2025-06-01,BANK CHARGES,53102.97,0.0,479885.82,Yes,46,53102.97,Debit,Yes,No,Reconciled,No
BTX000427,Bank - CBZ USD Current,2025-01-10,2025-01-10,VAT PAYMENT,0.0,1633.13,481518.95,Yes,93,1633.13,Credit,Yes,No,Reconciled,No
BTX000428,Bank - CBZ USD Current,2025-05-26,2025-05-26,INTEREST CREDIT,0.0,956.25,482475.2,Yes,210,956.25,Credit,Yes,No,Reconciled,No
BTX000429,Bank - CBZ USD Current,2024-05-27,2024-05-29,INTEREST CREDIT,0.0,697.49,483172.69,Yes,210,697.49,Credit,Yes,No,Reconciled,No
BTX000430,Bank - CBZ USD Current,2024-10-09,2024-10-09,SALARY PAYMENT,35119.97,0.0,448052.72,No,0,35119.97,Debit,No,Yes,0-30 days,No
BTX000431,Bank - CBZ USD Current,2024-11-29,2024-11-29,INTEREST CREDIT,796.64,0.0,447256.08,Yes,93,796.64,Debit,Yes,No,Reconciled,No
BTX000432,Bank - CBZ USD Current,2025-08-28,2025-08-30,SALARY PAYMENT,0.0,19251.16,466507.24,Yes,12,19251.16,Credit,Yes,No,Reconciled,No
BTX000433,Bank - CBZ USD Current,2025-07-12,2025-07-14,FX CONVERSION,0.0,6336.51,472843.75,Yes,210,6336.51,Credit,Yes,No,Reconciled,No
BTX000434,Bank - CBZ USD Current,2025-08-24,2025-08-25,BANK CHARGES,2158.25,0.0,470685.5,Yes,3,2158.25,Debit,Yes,No,Reconciled,No
BTX000435,Bank - CBZ USD Current,2024-05-06,2024-05-06,INTEREST CREDIT,1025.55,0.0,469659.95,Yes,3,1025.55,Debit,Yes,No,Reconciled,No
BTX000436,Bank - CBZ USD Current,2025-09-11,2025-09-11,SALARY PAYMENT,0.0,15609.7,485269.65,Yes,0,15609.7,Credit,Yes,No,Reconciled,No
BTX000437,Bank - CBZ USD Current,2025-08-02,2025-08-03,INTEREST CREDIT,28884.49,0.0,456385.16,Yes,3,28884.49,Debit,Yes,No,Reconciled,No
BTX000438,Bank - CBZ USD Current,2025-04-01,2025-04-01,TRF FROM CUSTOMER,4523.32,0.0,451861.84,Yes,0,4523.32,Debit,Yes,No,Reconciled,No
BTX000439,Bank - CBZ USD Current,2024-06-20,2024-06-22,DIRECT DEBIT,0.0,6672.02,458533.86,No,3,6672.02,Credit,No,Yes,0-30 days,No
BTX000440,Bank - CBZ USD Current,2024-01-23,2024-01-24,MOBILE PAYMENT,0.0,28267.75,486801.61,Yes,12,28267.75,Credit,Yes,No,Reconciled,No
BTX000441,Bank - CBZ USD Current,2025-01-15,2025-01-17,BANK CHARGES,2378.04,0.0,484423.57,Yes,3,2378.04,Debit,Yes,No,Reconciled,No
BTX000442,Bank - CBZ USD Current,2024-12-12,2024-12-13,INTEREST CREDIT,0.0,1048.26,485471.83,Yes,0,1048.26,Credit,Yes,No,Reconciled,No
BTX000443,Bank - CBZ USD Current,2024-04-06,2024-04-07,BANK CHARGES,0.0,12175.19,497647.02,Yes,12,12175.19,Credit,Yes,No,Reconciled,No
BTX000444,Bank - CBZ USD Current,2025-07-15,2025-07-15,INTEREST CREDIT,0.0,2145.13,499792.15,Yes,3,2145.13,Credit,Yes,No,Reconciled,No
BTX000445,Bank - CBZ USD Current,2024-01-19,2024-01-20,PAYMENT VENDOR,0.0,10114.48,509906.63,Yes,210,10114.48,Credit,Yes,No,Reconciled,No
BTX000446,Bank - CBZ USD Current,2024-01-24,2024-01-25,MOBILE PAYMENT,25449.92,0.0,484456.71,Yes,0,25449.92,Debit,Yes,No,Reconciled,No
BTX000447,Bank - CBZ USD Current,2025-01-09,2025-01-10,DIRECT DEBIT,0.0,811.84,485268.55,Yes,3,811.84,Credit,Yes,No,Reconciled,No
BTX000448,Bank - CBZ USD Current,2025-07-11,2025-07-11,SALARY PAYMENT,25355.01,0.0,459913.54,Yes,0,25355.01,Debit,Yes,No,Reconciled,No
BTX000449,Bank - CBZ USD Current,2024-07-02,2024-07-03,FX CONVERSION,39271.21,0.0,420642.33,Yes,0,39271.21,Debit,Yes,No,Reconciled,No
BTX000450,Bank - CBZ USD Current,2024-01-02,2024-01-03,SALARY PAYMENT,11155.7,0.0,409486.63,No,0,11155.7,Debit,No,Yes,0-30 days,No
BTX000451,Bank - CBZ USD Current,2024-08-29,2024-08-31,BANK CHARGES,0.0,1051.22,410537.85,Yes,46,1051.22,Credit,Yes,No,Reconciled,No
BTX000452,Bank - CBZ USD Current,2025-07-24,2025-07-26,INTEREST CREDIT,8215.44,0.0,402322.41,Yes,93,8215.44,Debit,Yes,No,Reconciled,No
BTX000453,Bank - CBZ USD Current,2025-03-21,2025-03-23,INTEREST CREDIT,42717.41,0.0,359605.0,Yes,46,42717.41,Debit,Yes,No,Reconciled,No
BTX000454,Bank - CBZ USD Current,2025-01-05,2025-01-05,TRF FROM CUSTOMER,0.0,1024.69,360629.69,Yes,46,1024.69,Credit,Yes,No,Reconciled,No
BTX000455,Bank - CBZ USD Current,2024-03-05,2024-03-06,MOBILE PAYMENT,595.01,0.0,360034.68,Yes,93,595.01,Debit,Yes,No,Reconciled,No
BTX000456,Bank - CBZ USD Current,2024-09-20,2024-09-20,DIRECT DEBIT,6927.39,0.0,353107.29,Yes,0,6927.39,Debit,Yes,No,Reconciled,No
BTX000457,Bank - CBZ USD Current,2024-04-28,2024-04-29,BANK CHARGES,11664.5,0.0,341442.79,Yes,0,11664.5,Debit,Yes,No,Reconciled,No
BTX000458,Bank - CBZ USD Current,2025-09-02,2025-09-04,MOBILE PAYMENT,0.0,10991.99,352434.78,Yes,46,10991.99,Credit,Yes,No,Reconciled,No
BTX000459,Bank - CBZ USD Current,2024-12-13,2024-12-14,PAYMENT VENDOR,0.0,12124.84,364559.62,Yes,0,12124.84,Credit,Yes,No,Reconciled,No
BTX000460,Bank - CBZ USD Current,2025-07-27,2025-07-28,INTEREST CREDIT,60768.91,0.0,303790.71,Yes,0,60768.91,Debit,Yes,No,Reconciled,No
BTX000461,Bank - CBZ USD Current,2025-06-14,2025-06-14,TRF FROM CUSTOMER,0.0,16193.17,319983.88,Yes,3,16193.17,Credit,Yes,No,Reconciled,No
BTX000462,Bank - CBZ USD Current,2024-05-30,2024-05-30,CASH DEPOSIT,1953.14,0.0,318030.74,Yes,0,1953.14,Debit,Yes,No,Reconciled,No
BTX000463,Bank - CBZ USD Current,2025-06-07,2025-06-09,INTEREST CREDIT,0.0,29863.89,347894.63,Yes,12,29863.89,Credit,Yes,No,Reconciled,No
BTX000464,Bank - CBZ USD Current,2025-03-25,2025-03-25,TRF FROM CUSTOMER,0.0,12548.39,360443.02,No,3,12548.39,Credit,No,Yes,0-30 days,No
BTX000465,Bank - CBZ USD Current,2024-03-27,2024-03-29,DIRECT DEBIT,11688.91,0.0,348754.11,Yes,0,11688.91,Debit,Yes,No,Reconciled,No
BTX000466,Bank - CBZ USD Current,2025-04-12,2025-04-13,SALARY PAYMENT,0.0,6923.72,355677.83,Yes,93,6923.72,Credit,Yes,No,Reconciled,No
BTX000467,Bank - CBZ USD Current,2025-06-13,2025-06-13,TRF FROM CUSTOMER,0.0,1076.3,356754.13,Yes,0,1076.3,Credit,Yes,No,Reconciled,No
BTX000468,Bank - CBZ USD Current,2025-08-22,2025-08-22,PAYMENT VENDOR,0.0,23846.7,380600.83,Yes,0,23846.7,Credit,Yes,No,Reconciled,No
BTX000469,Bank - CBZ USD Current,2024-05-09,2024-05-11,VAT PAYMENT,0.0,39390.44,419991.27,Yes,0,39390.44,Credit,Yes,No,Reconciled,No
BTX000470,Bank - CBZ USD Current,2024-04-14,2024-04-16,CASH DEPOSIT,0.0,15024.96,435016.23,No,46,15024.96,Credit,No,Yes,31-90 days,No
BTX000471,Bank - CBZ USD Current,2025-01-11,2025-01-12,BANK CHARGES,8771.95,0.0,426244.28,No,3,8771.95,Debit,No,Yes,0-30 days,No
BTX000472,Bank - CBZ USD Current,2025-01-26,2025-01-28,SALARY PAYMENT,0.0,11137.3,437381.58,Yes,12,11137.3,Credit,Yes,No,Reconciled,No
BTX000473,Bank - CBZ USD Current,2024-01-30,2024-01-30,FX CONVERSION,0.0,2593.28,439974.86,Yes,0,2593.28,Credit,Yes,No,Reconciled,No
BTX000474,Bank - CBZ USD Current,2025-02-05,2025-02-06,MOBILE PAYMENT,0.0,1044.19,441019.05,Yes,0,1044.19,Credit,Yes,No,Reconciled,No
BTX000475,Bank - CBZ USD Current,2025-08-03,2025-08-04,SALARY PAYMENT,0.0,4751.84,445770.89,Yes,12,4751.84,Credit,Yes,No,Reconciled,No
BTX000476,Bank - CBZ USD Current,2024-12-27,2024-12-28,MOBILE PAYMENT,0.0,10946.9,456717.79,No,46,10946.9,Credit,No,Yes,31-90 days,No
BTX000477,Bank - CBZ USD Current,2024-01-11,2024-01-12,VAT PAYMENT,0.0,47550.47,504268.26,Yes,12,47550.47,Credit,Yes,No,Reconciled,No
BTX000478,Bank - CBZ USD Current,2025-04-15,2025-04-16,MOBILE PAYMENT,27148.32,0.0,477119.94,Yes,93,27148.32,Debit,Yes,No,Reconciled,No
BTX000479,Bank - CBZ USD Current,2025-07-24,2025-07-26,SALARY PAYMENT,4125.12,0.0,472994.82,Yes,0,4125.12,Debit,Yes,No,Reconciled,No
BTX000480,Bank - CBZ USD Current,2024-05-21,2024-05-22,PAYMENT VENDOR,0.0,49994.08,522988.9,Yes,12,49994.08,Credit,Yes,No,Reconciled,No
BTX000481,Bank - CBZ USD Current,2025-04-27,2025-04-28,INTEREST CREDIT,0.0,38259.21,561248.11,Yes,46,38259.21,Credit,Yes,No,Reconciled,No
BTX000482,Bank - CBZ USD Current,2025-04-07,2025-04-09,DIRECT DEBIT,9728.05,0.0,551520.06,Yes,0,9728.05,Debit,Yes,No,Reconciled,No
BTX000483,Bank - CBZ USD Current,2024-03-15,2024-03-15,CASH DEPOSIT,10020.73,0.0,541499.33,Yes,46,10020.73,Debit,Yes,No,Reconciled,No
BTX000484,Bank - CBZ USD Current,2024-01-22,2024-01-24,FX CONVERSION,2331.12,0.0,539168.21,Yes,12,2331.12,Debit,Yes,No,Reconciled,No
BTX000485,Bank - CBZ USD Current,2025-03-26,2025-03-26,SALARY PAYMENT,29844.27,0.0,509323.94,Yes,93,29844.27,Debit,Yes,No,Reconciled,No
BTX000486,Bank - CBZ USD Current,2025-02-27,2025-02-28,DIRECT DEBIT,0.0,703.4,510027.34,Yes,3,703.4,Credit,Yes,No,Reconciled,No
BTX000487,Bank - CBZ USD Current,2024-08-06,2024-08-06,CASH DEPOSIT,0.0,2602.07,512629.41,Yes,46,2602.07,Credit,Yes,No,Reconciled,No
BTX000488,Bank - CBZ USD Current,2024-06-02,2024-06-04,INTEREST CREDIT,0.0,19382.29,532011.7,Yes,0,19382.29,Credit,Yes,No,Reconciled,No
BTX000489,Bank - CBZ USD Current,2024-01-18,2024-01-19,SALARY PAYMENT,0.0,15239.64,547251.34,Yes,93,15239.64,Credit,Yes,No,Reconciled,No
BTX000490,Bank - CBZ USD Current,2025-05-06,2025-05-06,FX CONVERSION,55268.86,0.0,491982.48,Yes,93,55268.86,Debit,Yes,No,Reconciled,No
BTX000491,Bank - CBZ USD Current,2024-12-03,2024-12-05,PAYMENT VENDOR,0.0,1921.58,493904.06,Yes,0,1921.58,Credit,Yes,No,Reconciled,No
BTX000492,Bank - CBZ USD Current,2025-03-24,2025-03-25,FX CONVERSION,0.0,1959.6,495863.66,Yes,210,1959.6,Credit,Yes,No,Reconciled,No
BTX000493,Bank - CBZ USD Current,2024-04-22,2024-04-24,FX CONVERSION,0.0,29718.33,525581.99,Yes,0,29718.33,Credit,Yes,No,Reconciled,No
BTX000494,Bank - CBZ USD Current,2025-05-16,2025-05-18,TRF FROM CUSTOMER,0.0,12118.64,537700.63,Yes,93,12118.64,Credit,Yes,No,Reconciled,No
BTX000495,Bank - CBZ USD Current,2024-02-18,2024-02-20,MOBILE PAYMENT,0.0,24861.45,562562.08,Yes,210,24861.45,Credit,Yes,No,Reconciled,No
BTX000496,Bank - CBZ USD Current,2025-04-18,2025-04-18,VAT PAYMENT,0.0,19483.21,582045.29,Yes,0,19483.21,Credit,Yes,No,Reconciled,No
BTX000497,Bank - CBZ USD Current,2024-08-25,2024-08-25,DIRECT DEBIT,2096.07,0.0,579949.22,Yes,46,2096.07,Debit,Yes,No,Reconciled,No
BTX000498,Bank - CBZ USD Current,2024-10-21,2024-10-23,FX CONVERSION,0.0,7884.86,587834.08,Yes,0,7884.86,Credit,Yes,No,Reconciled,No
BTX000499,Bank - CBZ USD Current,2024-12-29,2024-12-30,MOBILE PAYMENT,5994.31,0.0,581839.77,Yes,3,5994.31,Debit,Yes,No,Reconciled,No
BTX000500,Bank - CBZ USD Current,2024-06-23,2024-06-25,INTEREST CREDIT,0.0,18182.19,600021.96,Yes,0,18182.19,Credit,Yes,No,Reconciled,No
BTX000501,Bank - CBZ USD Current,2024-04-22,2024-04-22,VAT PAYMENT,1630.4,0.0,598391.56,Yes,210,1630.4,Debit,Yes,No,Reconciled,No
BTX000502,Bank - CBZ USD Current,2024-11-13,2024-11-14,CASH DEPOSIT,0.0,31564.96,629956.52,Yes,0,31564.96,Credit,Yes,No,Reconciled,No
BTX000503,Bank - CBZ USD Current,2024-01-29,2024-01-31,FX CONVERSION,2678.89,0.0,627277.63,Yes,0,2678.89,Debit,Yes,No,Reconciled,No
BTX000504,Bank - CBZ USD Current,2024-05-26,2024-05-26,VAT PAYMENT,0.0,19920.19,647197.82,Yes,93,19920.19,Credit,Yes,No,Reconciled,No
BTX000505,Bank - CBZ USD Current,2025-07-28,2025-07-30,TRF FROM CUSTOMER,0.0,5068.16,652265.98,Yes,93,5068.16,Credit,Yes,No,Reconciled,No
BTX000506,Bank - CBZ USD Current,2025-02-07,2025-02-09,INTEREST CREDIT,2761.26,0.0,649504.72,Yes,210,2761.26,Debit,Yes,No,Reconciled,No
BTX000507,Bank - CBZ USD Current,2024-04-10,2024-04-10,VAT PAYMENT,25569.09,0.0,623935.63,Yes,3,25569.09,Debit,Yes,No,Reconciled,No
BTX000508,Bank - CBZ USD Current,2025-06-04,2025-06-04,DIRECT DEBIT,0.0,22823.7,646759.33,Yes,46,22823.7,Credit,Yes,No,Reconciled,No
BTX000509,Bank - CBZ USD Current,2025-01-05,2025-01-05,SALARY PAYMENT,0.0,21021.62,667780.95,No,0,21021.62,Credit,No,Yes,0-30 days,No
BTX000510,Bank - CBZ USD Current,2025-04-28,2025-04-29,BANK CHARGES,0.0,16563.66,684344.61,No,210,16563.66,Credit,No,Yes,Over 90 days,Yes
BTX000511,Bank - CBZ USD Current,2024-10-03,2024-10-04,FX CONVERSION,37171.95,0.0,647172.66,Yes,12,37171.95,Debit,Yes,No,Reconciled,No
BTX000512,Bank - CBZ USD Current,2024-05-28,2024-05-30,FX CONVERSION,52915.34,0.0,594257.32,Yes,93,52915.34,Debit,Yes,No,Reconciled,No
BTX000513,Bank - CBZ USD Current,2024-07-09,2024-07-11,VAT PAYMENT,0.0,12481.56,606738.88,Yes,12,12481.56,Credit,Yes,No,Reconciled,No
BTX000514,Bank - CBZ USD Current,2025-06-23,2025-06-24,FX CONVERSION,0.0,812.01,607550.89,Yes,12,812.01,Credit,Yes,No,Reconciled,No
BTX000515,Bank - CBZ USD Current,2025-07-14,2025-07-14,MOBILE PAYMENT,0.0,2680.87,610231.76,Yes,0,2680.87,Credit,Yes,No,Reconciled,No
BTX000516,Bank - CBZ USD Current,2024-03-17,2024-03-18,MOBILE PAYMENT,14529.94,0.0,595701.82,Yes,93,14529.94,Debit,Yes,No,Reconciled,No
BTX000517,Bank - CBZ USD Current,2024-09-08,2024-09-08,MOBILE PAYMENT,0.0,4777.2,600479.02,Yes,0,4777.2,Credit,Yes,No,Reconciled,No
BTX000518,Bank - CBZ USD Current,2024-12-11,2024-12-12,BANK CHARGES,8058.27,0.0,592420.75,Yes,93,8058.27,Debit,Yes,No,Reconciled,No
BTX000519,Bank - CBZ USD Current,2025-07-16,2025-07-16,FX CONVERSION,0.0,682.03,593102.78,Yes,93,682.03,Credit,Yes,No,Reconciled,No
BTX000520,Bank - CBZ USD Current,2024-08-10,2024-08-11,FX CONVERSION,0.0,11559.98,604662.76,Yes,0,11559.98,Credit,Yes,No,Reconciled,No
BTX000521,Bank - CBZ USD Current,2024-02-28,2024-02-29,INTEREST CREDIT,0.0,19993.87,624656.63,Yes,12,19993.87,Credit,Yes,No,Reconciled,No
BTX000522,Bank - CBZ USD Current,2024-04-28,2024-04-29,PAYMENT VENDOR,0.0,2583.39,627240.02,Yes,0,2583.39,Credit,Yes,No,Reconciled,No
BTX000523,Bank - CBZ USD Current,2025-04-25,2025-04-26,VAT PAYMENT,33979.46,0.0,593260.56,Yes,0,33979.46,Debit,Yes,No,Reconciled,No
BTX000524,Bank - CBZ USD Current,2024-05-01,2024-05-02,INTEREST CREDIT,16961.48,0.0,576299.08,Yes,0,16961.48,Debit,Yes,No,Reconciled,No
BTX000525,Bank - CBZ USD Current,2024-07-18,2024-07-19,PAYMENT VENDOR,0.0,12592.81,588891.89,Yes,0,12592.81,Credit,Yes,No,Reconciled,No
BTX000526,Bank - CBZ USD Current,2025-08-28,2025-08-30,INTEREST CREDIT,0.0,50088.13,638980.02,Yes,210,50088.13,Credit,Yes,No,Reconciled,No
BTX000527,Bank - CBZ USD Current,2025-05-27,2025-05-27,MOBILE PAYMENT,0.0,4890.33,643870.35,Yes,93,4890.33,Credit,Yes,No,Reconciled,No
BTX000528,Bank - CBZ USD Current,2024-07-12,2024-07-13,CASH DEPOSIT,0.0,797.19,644667.54,Yes,93,797.19,Credit,Yes,No,Reconciled,No
BTX000529,Bank - CBZ USD Current,2024-03-25,2024-03-25,PAYMENT VENDOR,8704.11,0.0,635963.43,Yes,12,8704.11,Debit,Yes,No,Reconciled,No
BTX000530,Bank - CBZ USD Current,2025-05-07,2025-05-09,BANK CHARGES,2464.76,0.0,633498.67,Yes,0,2464.76,Debit,Yes,No,Reconciled,No
BTX000531,Bank - CBZ USD Current,2024-02-23,2024-02-23,BANK CHARGES,17335.76,0.0,616162.91,Yes,12,17335.76,Debit,Yes,No,Reconciled,No
BTX000532,Bank - CBZ USD Current,2024-09-19,2024-09-19,BANK CHARGES,0.0,47242.05,663404.96,Yes,0,47242.05,Credit,Yes,No,Reconciled,No
BTX000533,Bank - CBZ USD Current,2024-12-16,2024-12-17,INTEREST CREDIT,0.0,36275.38,699680.34,Yes,210,36275.38,Credit,Yes,No,Reconciled,No
BTX000534,Bank - CBZ USD Current,2025-02-20,2025-02-22,MOBILE PAYMENT,17386.73,0.0,682293.61,Yes,0,17386.73,Debit,Yes,No,Reconciled,No
BTX000535,Bank - CBZ USD Current,2024-10-30,2024-10-31,PAYMENT VENDOR,0.0,34791.9,717085.51,Yes,3,34791.9,Credit,Yes,No,Reconciled,No
BTX000536,Bank - CBZ USD Current,2024-09-02,2024-09-02,INTEREST CREDIT,33530.89,0.0,683554.62,Yes,0,33530.89,Debit,Yes,No,Reconciled,No
BTX000537,Bank - CBZ USD Current,2025-04-16,2025-04-17,MOBILE PAYMENT,1963.44,0.0,681591.18,Yes,46,1963.44,Debit,Yes,No,Reconciled,No
BTX000538,Bank - CBZ USD Current,2024-12-16,2024-12-17,DIRECT DEBIT,2048.61,0.0,679542.57,Yes,3,2048.61,Debit,Yes,No,Reconciled,No
BTX000539,Bank - CBZ USD Current,2025-02-15,2025-02-17,TRF FROM CUSTOMER,43576.77,0.0,635965.8,Yes,46,43576.77,Debit,Yes,No,Reconciled,No
BTX000540,Bank - CBZ USD Current,2024-01-17,2024-01-18,CASH DEPOSIT,1845.94,0.0,634119.86,Yes,0,1845.94,Debit,Yes,No,Reconciled,No
BTX000541,Bank - CBZ USD Current,2025-05-09,2025-05-10,PAYMENT VENDOR,17458.94,0.0,616660.92,Yes,93,17458.94,Debit,Yes,No,Reconciled,No
BTX000542,Bank - CBZ USD Current,2024-11-25,2024-11-26,PAYMENT VENDOR,15950.44,0.0,600710.48,Yes,46,15950.44,Debit,Yes,No,Reconciled,No
BTX000543,Bank - CBZ USD Current,2025-05-08,2025-05-08,INTEREST CREDIT,29401.35,0.0,571309.13,Yes,0,29401.35,Debit,Yes,No,Reconciled,No
BTX000544,Bank - CBZ USD Current,2024-08-23,2024-08-24,SALARY PAYMENT,975.85,0.0,570333.28,Yes,0,975.85,Debit,Yes,No,Reconciled,No
BTX000545,Bank - CBZ USD Current,2024-07-20,2024-07-20,FX CONVERSION,0.0,3979.2,574312.48,Yes,210,3979.2,Credit,Yes,No,Reconciled,No
BTX000546,Bank - CBZ USD Current,2024-04-06,2024-04-08,BANK CHARGES,1647.42,0.0,572665.06,Yes,0,1647.42,Debit,Yes,No,Reconciled,No
BTX000547,Bank - CBZ USD Current,2025-01-26,2025-01-27,MOBILE PAYMENT,821.3,0.0,571843.76,Yes,3,821.3,Debit,Yes,No,Reconciled,No
BTX000548,Bank - CBZ USD Current,2024-09-18,2024-09-20,TRF FROM CUSTOMER,0.0,39642.5,611486.26,No,12,39642.5,Credit,No,Yes,0-30 days,No
BTX000549,Bank - CBZ USD Current,2024-12-08,2024-12-10,BANK CHARGES,45893.04,0.0,565593.22,Yes,0,45893.04,Debit,Yes,No,Reconciled,No
BTX000550,Bank - CBZ USD Current,2025-09-02,2025-09-03,FX CONVERSION,49563.97,0.0,516029.25,Yes,46,49563.97,Debit,Yes,No,Reconciled,No
BTX000551,Bank - CBZ USD Current,2024-03-02,2024-03-02,TRF FROM CUSTOMER,9118.54,0.0,506910.71,Yes,0,9118.54,Debit,Yes,No,Reconciled,No
BTX000552,Bank - CBZ USD Current,2025-09-28,2025-09-29,CASH DEPOSIT,2774.47,0.0,504136.24,Yes,3,2774.47,Debit,Yes,No,Reconciled,No
BTX000553,Bank - CBZ USD Current,2024-12-26,2024-12-26,INTEREST CREDIT,0.0,31351.2,535487.44,Yes,0,31351.2,Credit,Yes,No,Reconciled,No
BTX000554,Bank - CBZ USD Current,2025-07-19,2025-07-21,BANK CHARGES,0.0,30686.38,566173.82,Yes,12,30686.38,Credit,Yes,No,Reconciled,No
BTX000555,Bank - CBZ USD Current,2025-08-31,2025-09-01,BANK CHARGES,0.0,2457.04,568630.86,Yes,12,2457.04,Credit,Yes,No,Reconciled,No
BTX000556,Bank - CBZ USD Current,2025-02-26,2025-02-26,TRF FROM CUSTOMER,28985.14,0.0,539645.72,Yes,12,28985.14,Debit,Yes,No,Reconciled,No
BTX000557,Bank - CBZ USD Current,2024-03-31,2024-03-31,PAYMENT VENDOR,25870.33,0.0,513775.39,Yes,0,25870.33,Debit,Yes,No,Reconciled,No
BTX000558,Bank - CBZ USD Current,2024-12-06,2024-12-07,VAT PAYMENT,35823.24,0.0,477952.15,Yes,93,35823.24,Debit,Yes,No,Reconciled,No
BTX000559,Bank - CBZ USD Current,2024-02-29,2024-02-29,CASH DEPOSIT,0.0,2681.03,480633.18,Yes,93,2681.03,Credit,Yes,No,Reconciled,No
BTX000560,Bank - CBZ USD Current,2024-01-06,2024-01-08,MOBILE PAYMENT,0.0,2788.74,483421.92,Yes,0,2788.74,Credit,Yes,No,Reconciled,No
BTX000561,Bank - CBZ USD Current,2024-04-29,2024-05-01,TRF FROM CUSTOMER,0.0,2488.46,485910.38,Yes,12,2488.46,Credit,Yes,No,Reconciled,No
BTX000562,Bank - CBZ USD Current,2024-03-02,2024-03-03,DIRECT DEBIT,912.85,0.0,484997.53,Yes,210,912.85,Debit,Yes,No,Reconciled,No
BTX000563,Bank - CBZ USD Current,2024-03-18,2024-03-20,DIRECT DEBIT,0.0,937.73,485935.26,Yes,0,937.73,Credit,Yes,No,Reconciled,No
BTX000564,Bank - CBZ USD Current,2025-02-24,2025-02-24,FX CONVERSION,0.0,821.78,486757.04,Yes,12,821.78,Credit,Yes,No,Reconciled,No
BTX000565,Bank - CBZ USD Current,2024-12-19,2024-12-19,TRF FROM CUSTOMER,19713.26,0.0,467043.78,Yes,3,19713.26,Debit,Yes,No,Reconciled,No
BTX000566,Bank - CBZ USD Current,2025-01-21,2025-01-22,INTEREST CREDIT,959.4,0.0,466084.38,Yes,46,959.4,Debit,Yes,No,Reconciled,No
BTX000567,Bank - CBZ USD Current,2024-05-23,2024-05-25,TRF FROM CUSTOMER,38054.67,0.0,428029.71,Yes,93,38054.67,Debit,Yes,No,Reconciled,No
BTX000568,Bank - CBZ USD Current,2024-07-29,2024-07-30,FX CONVERSION,37281.75,0.0,390747.96,Yes,3,37281.75,Debit,Yes,No,Reconciled,No
BTX000569,Bank - CBZ USD Current,2024-09-20,2024-09-22,DIRECT DEBIT,0.0,902.68,391650.64,Yes,12,902.68,Credit,Yes,No,Reconciled,No
BTX000570,Bank - CBZ USD Current,2024-08-26,2024-08-26,INTEREST CREDIT,52996.51,0.0,338654.13,Yes,0,52996.51,Debit,Yes,No,Reconciled,No
BTX000571,Bank - CBZ USD Current,2025-04-06,2025-04-06,MOBILE PAYMENT,884.0,0.0,337770.13,Yes,0,884,Debit,Yes,No,Reconciled,No
BTX000572,Bank - CBZ USD Current,2024-06-20,2024-06-20,INTEREST CREDIT,0.0,18730.79,356500.92,Yes,46,18730.79,Credit,Yes,No,Reconciled,No
BTX000573,Bank - CBZ USD Current,2024-07-07,2024-07-08,BANK CHARGES,0.0,1700.44,358201.36,Yes,0,1700.44,Credit,Yes,No,Reconciled,No
BTX000574,Bank - CBZ USD Current,2024-08-28,2024-08-30,BANK CHARGES,33948.98,0.0,324252.38,Yes,12,33948.98,Debit,Yes,No,Reconciled,No
BTX000575,Bank - CBZ USD Current,2025-05-07,2025-05-09,SALARY PAYMENT,0.0,44750.14,369002.52,Yes,0,44750.14,Credit,Yes,No,Reconciled,No
BTX000576,Bank - CBZ USD Current,2024-03-14,2024-03-16,FX CONVERSION,0.0,31120.42,400122.94,Yes,0,31120.42,Credit,Yes,No,Reconciled,No
BTX000577,Bank - CBZ USD Current,2025-02-24,2025-02-25,VAT PAYMENT,0.0,16429.97,416552.91,Yes,46,16429.97,Credit,Yes,No,Reconciled,No
BTX000578,Bank - CBZ USD Current,2024-06-26,2024-06-26,PAYMENT VENDOR,0.0,3883.63,420436.54,No,3,3883.63,Credit,No,Yes,0-30 days,No
BTX000579,Bank - CBZ USD Current,2024-05-07,2024-05-08,PAYMENT VENDOR,794.44,0.0,419642.1,No,12,794.44,Debit,No,Yes,0-30 days,No
BTX000580,Bank - CBZ USD Current,2025-06-14,2025-06-15,CASH DEPOSIT,0.0,33219.4,452861.5,Yes,210,33219.4,Credit,Yes,No,Reconciled,No
BTX000581,Bank - CBZ USD Current,2024-01-21,2024-01-21,FX CONVERSION,0.0,822.3,453683.8,No,0,822.3,Credit,No,Yes,0-30 days,No
BTX000582,Bank - CBZ USD Current,2024-07-21,2024-07-23,VAT PAYMENT,0.0,9923.69,463607.49,Yes,0,9923.69,Credit,Yes,No,Reconciled,No
BTX000583,Bank - CBZ USD Current,2024-09-24,2024-09-26,VAT PAYMENT,893.91,0.0,462713.58,Yes,0,893.91,Debit,Yes,No,Reconciled,No
BTX000584,Bank - CBZ USD Current,2024-04-09,2024-04-10,FX CONVERSION,1781.72,0.0,460931.86,Yes,0,1781.72,Debit,Yes,No,Reconciled,No
BTX000585,Bank - CBZ USD Current,2025-01-07,2025-01-07,CASH DEPOSIT,2464.33,0.0,458467.53,Yes,0,2464.33,Debit,Yes,No,Reconciled,No
BTX000586,Bank - CBZ USD Current,2025-01-28,2025-01-28,VAT PAYMENT,6185.43,0.0,452282.1,Yes,0,6185.43,Debit,Yes,No,Reconciled,No
BTX000587,Bank - CBZ USD Current,2024-04-21,2024-04-21,BANK CHARGES,0.0,2807.06,455089.16,Yes,3,2807.06,Credit,Yes,No,Reconciled,No
BTX000588,Bank - CBZ USD Current,2025-07-18,2025-07-19,MOBILE PAYMENT,0.0,1102.99,456192.15,Yes,0,1102.99,Credit,Yes,No,Reconciled,No
BTX000589,Bank - CBZ USD Current,2025-05-01,2025-05-02,CASH DEPOSIT,2172.7,0.0,454019.45,Yes,12,2172.7,Debit,Yes,No,Reconciled,No
BTX000590,Bank - CBZ USD Current,2024-12-29,2024-12-30,TRF FROM CUSTOMER,0.0,1039.6,455059.05,Yes,12,1039.6,Credit,Yes,No,Reconciled,No
BTX000591,Bank - CBZ USD Current,2024-03-29,2024-03-30,INTEREST CREDIT,12523.09,0.0,442535.96,Yes,3,12523.09,Debit,Yes,No,Reconciled,No
BTX000592,Bank - CBZ USD Current,2024-08-06,2024-08-08,CASH DEPOSIT,0.0,6927.75,449463.71,Yes,0,6927.75,Credit,Yes,No,Reconciled,No
BTX000593,Bank - CBZ USD Current,2025-06-15,2025-06-17,BANK CHARGES,20861.08,0.0,428602.63,No,46,20861.08,Debit,No,Yes,31-90 days,No
BTX000594,Bank - CBZ USD Current,2024-01-07,2024-01-07,VAT PAYMENT,4388.7,0.0,424213.93,Yes,93,4388.7,Debit,Yes,No,Reconciled,No
BTX000595,Bank - CBZ USD Current,2025-06-19,2025-06-20,FX CONVERSION,0.0,21572.87,445786.8,Yes,12,21572.87,Credit,Yes,No,Reconciled,No
BTX000596,Bank - CBZ USD Current,2025-03-14,2025-03-15,FX CONVERSION,9682.54,0.0,436104.26,No,93,9682.54,Debit,No,Yes,Over 90 days,Yes
BTX000597,Bank - CBZ USD Current,2024-12-29,2024-12-30,SALARY PAYMENT,3967.93,0.0,432136.33,Yes,0,3967.93,Debit,Yes,No,Reconciled,No
BTX000598,Bank - CBZ USD Current,2025-02-04,2025-02-04,DIRECT DEBIT,0.0,9338.99,441475.32,Yes,12,9338.99,Credit,Yes,No,Reconciled,No
BTX000599,Bank - CBZ USD Current,2024-10-13,2024-10-13,MOBILE PAYMENT,0.0,51691.0,493166.32,No,0,51691,Credit,No,Yes,0-30 days,No
BTX000600,Bank - CBZ USD Current,2025-04-13,2025-04-14,VAT PAYMENT,0.0,5300.58,498466.9,Yes,210,5300.58,Credit,Yes,No,Reconciled,No
BTX000601,Bank - CBZ USD Current,2025-03-01,2025-03-03,BANK CHARGES,4747.13,0.0,493719.77,Yes,12,4747.13,Debit,Yes,No,Reconciled,No
BTX000602,Bank - CBZ USD Current,2025-06-12,2025-06-12,PAYMENT VENDOR,0.0,845.92,494565.69,Yes,0,845.92,Credit,Yes,No,Reconciled,No
BTX000603,Bank - CBZ USD Current,2024-12-23,2024-12-23,CASH DEPOSIT,0.0,6980.93,501546.62,Yes,210,6980.93,Credit,Yes,No,Reconciled,No
BTX000604,Bank - CBZ USD Current,2024-02-12,2024-02-14,DIRECT DEBIT,33639.95,0.0,467906.67,Yes,0,33639.95,Debit,Yes,No,Reconciled,No
BTX000605,Bank - CBZ USD Current,2025-07-16,2025-07-16,FX CONVERSION,0.0,46363.88,514270.55,Yes,0,46363.88,Credit,Yes,No,Reconciled,No
BTX000606,Bank - CBZ USD Current,2024-01-28,2024-01-30,VAT PAYMENT,1774.85,0.0,512495.7,Yes,0,1774.85,Debit,Yes,No,Reconciled,No
BTX000607,Bank - CBZ USD Current,2025-01-10,2025-01-10,PAYMENT VENDOR,0.0,34483.4,546979.1,No,0,34483.4,Credit,No,Yes,0-30 days,No
BTX000608,Bank - CBZ USD Current,2024-06-22,2024-06-23,CASH DEPOSIT,6350.81,0.0,540628.29,Yes,210,6350.81,Debit,Yes,No,Reconciled,No
BTX000609,Bank - CBZ USD Current,2025-01-21,2025-01-23,DIRECT DEBIT,10025.25,0.0,530603.04,Yes,0,10025.25,Debit,Yes,No,Reconciled,No
BTX000610,Bank - CBZ USD Current,2024-04-10,2024-04-12,VAT PAYMENT,0.0,9360.75,539963.79,Yes,210,9360.75,Credit,Yes,No,Reconciled,No
BTX000611,Bank - CBZ USD Current,2024-07-23,2024-07-24,CASH DEPOSIT,0.0,7309.95,547273.74,Yes,210,7309.95,Credit,Yes,No,Reconciled,No
BTX000612,Bank - CBZ USD Current,2024-08-23,2024-08-25,DIRECT DEBIT,0.0,38936.43,586210.17,Yes,0,38936.43,Credit,Yes,No,Reconciled,No
BTX000613,Bank - CBZ USD Current,2024-11-13,2024-11-14,TRF FROM CUSTOMER,31561.13,0.0,554649.04,Yes,12,31561.13,Debit,Yes,No,Reconciled,No
BTX000614,Bank - CBZ USD Current,2024-10-12,2024-10-14,PAYMENT VENDOR,0.0,33456.05,588105.09,Yes,210,33456.05,Credit,Yes,No,Reconciled,No
BTX000615,Bank - CBZ USD Current,2025-05-15,2025-05-17,SALARY PAYMENT,6924.12,0.0,581180.97,Yes,12,6924.12,Debit,Yes,No,Reconciled,No
BTX000616,Bank - CBZ USD Current,2025-03-29,2025-03-29,PAYMENT VENDOR,0.0,1006.07,582187.04,Yes,0,1006.07,Credit,Yes,No,Reconciled,No
BTX000617,Bank - CBZ USD Current,2024-08-18,2024-08-20,BANK CHARGES,25789.9,0.0,556397.14,Yes,0,25789.9,Debit,Yes,No,Reconciled,No
BTX000618,Bank - CBZ USD Current,2024-04-19,2024-04-21,PAYMENT VENDOR,0.0,21198.85,577595.99,Yes,12,21198.85,Credit,Yes,No,Reconciled,No
BTX000619,Bank - CBZ USD Current,2024-05-19,2024-05-20,INTEREST CREDIT,0.0,850.71,578446.7,Yes,46,850.71,Credit,Yes,No,Reconciled,No
BTX000620,Bank - CBZ USD Current,2024-06-19,2024-06-19,INTEREST CREDIT,10100.1,0.0,568346.6,Yes,0,10100.1,Debit,Yes,No,Reconciled,No
BTX000621,Bank - CBZ USD Current,2025-03-12,2025-03-14,SALARY PAYMENT,0.0,3996.43,572343.03,Yes,46,3996.43,Credit,Yes,No,Reconciled,No
BTX000622,Bank - CBZ USD Current,2025-01-04,2025-01-06,PAYMENT VENDOR,0.0,768.63,573111.66,Yes,0,768.63,Credit,Yes,No,Reconciled,No
BTX000623,Bank - CBZ USD Current,2025-07-08,2025-07-10,BANK CHARGES,30497.76,0.0,542613.9,Yes,93,30497.76,Debit,Yes,No,Reconciled,No
BTX000624,Bank - CBZ USD Current,2024-09-22,2024-09-22,TRF FROM CUSTOMER,41875.25,0.0,500738.65,No,0,41875.25,Debit,No,Yes,0-30 days,No
BTX000625,Bank - CBZ USD Current,2025-04-27,2025-04-29,INTEREST CREDIT,0.0,15369.45,516108.1,No,0,15369.45,Credit,No,Yes,0-30 days,No
BTX000626,Bank - CBZ USD Current,2025-08-07,2025-08-07,INTEREST CREDIT,0.0,9467.69,525575.79,Yes,3,9467.69,Credit,Yes,No,Reconciled,No
BTX000627,Bank - CBZ USD Current,2024-08-08,2024-08-10,TRF FROM CUSTOMER,710.86,0.0,524864.93,Yes,210,710.86,Debit,Yes,No,Reconciled,No
BTX000628,Bank - CBZ USD Current,2024-01-06,2024-01-07,BANK CHARGES,5688.24,0.0,519176.69,No,0,5688.24,Debit,No,Yes,0-30 days,No
BTX000629,Bank - CBZ USD Current,2024-07-23,2024-07-24,DIRECT DEBIT,11926.74,0.0,507249.95,Yes,0,11926.74,Debit,Yes,No,Reconciled,No
BTX000630,Bank - CBZ USD Current,2025-08-14,2025-08-14,SALARY PAYMENT,54262.23,0.0,452987.72,Yes,12,54262.23,Debit,Yes,No,Reconciled,No
BTX000631,Bank - CBZ USD Current,2024-06-08,2024-06-08,VAT PAYMENT,0.0,13095.68,466083.4,Yes,0,13095.68,Credit,Yes,No,Reconciled,No
BTX000632,Bank - CBZ USD Current,2025-09-20,2025-09-20,CASH DEPOSIT,0.0,680.91,466764.31,Yes,210,680.91,Credit,Yes,No,Reconciled,No
BTX000633,Bank - CBZ USD Current,2024-08-06,2024-08-07,MOBILE PAYMENT,59050.4,0.0,407713.91,Yes,93,59050.4,Debit,Yes,No,Reconciled,No
BTX000634,Bank - CBZ USD Current,2025-08-28,2025-08-29,INTEREST CREDIT,0.0,20273.23,427987.14,No,0,20273.23,Credit,No,Yes,0-30 days,No
BTX000635,Bank - CBZ USD Current,2024-07-02,2024-07-04,SALARY PAYMENT,0.0,773.91,428761.05,Yes,210,773.91,Credit,Yes,No,Reconciled,No
BTX000636,Bank - CBZ USD Current,2025-09-24,2025-09-26,CASH DEPOSIT,4522.41,0.0,424238.64,Yes,46,4522.41,Debit,Yes,No,Reconciled,No
BTX000637,Bank - CBZ USD Current,2024-05-09,2024-05-09,INTEREST CREDIT,0.0,36085.66,460324.3,No,12,36085.66,Credit,No,Yes,0-30 days,No
BTX000638,Bank - CBZ USD Current,2024-11-18,2024-11-19,BANK CHARGES,34288.51,0.0,426035.79,Yes,210,34288.51,Debit,Yes,No,Reconciled,No
BTX000639,Bank - CBZ USD Current,2025-05-08,2025-05-08,TRF FROM CUSTOMER,5383.93,0.0,420651.86,Yes,210,5383.93,Debit,Yes,No,Reconciled,No
BTX000640,Bank - CBZ USD Current,2025-04-21,2025-04-23,SALARY PAYMENT,650.35,0.0,420001.51,Yes,0,650.35,Debit,Yes,No,Reconciled,No
BTX000641,Bank - CBZ USD Current,2025-03-29,2025-03-31,CASH DEPOSIT,0.0,34956.87,454958.38,No,93,34956.87,Credit,No,Yes,Over 90 days,Yes
BTX000642,Bank - CBZ USD Current,2024-06-06,2024-06-08,BANK CHARGES,0.0,45831.3,500789.68,Yes,210,45831.3,Credit,Yes,No,Reconciled,No
BTX000643,Bank - CBZ USD Current,2025-01-27,2025-01-27,INTEREST CREDIT,0.0,747.23,501536.91,Yes,0,747.23,Credit,Yes,No,Reconciled,No
BTX000644,Bank - CBZ USD Current,2024-12-05,2024-12-05,INTEREST CREDIT,0.0,8943.85,510480.76,No,46,8943.85,Credit,No,Yes,31-90 days,No
BTX000645,Bank - CBZ USD Current,2025-03-03,2025-03-04,VAT PAYMENT,45169.25,0.0,465311.51,Yes,210,45169.25,Debit,Yes,No,Reconciled,No
BTX000646,Bank - CBZ USD Current,2024-07-28,2024-07-29,TRF FROM CUSTOMER,0.0,12644.8,477956.31,No,210,12644.8,Credit,No,Yes,Over 90 days,Yes
BTX000647,Bank - CBZ USD Current,2024-07-25,2024-07-25,CASH DEPOSIT,5785.64,0.0,472170.67,Yes,0,5785.64,Debit,Yes,No,Reconciled,No
BTX000648,Bank - CBZ USD Current,2025-03-10,2025-03-11,TRF FROM CUSTOMER,9661.27,0.0,462509.4,No,46,9661.27,Debit,No,Yes,31-90 days,No
BTX000649,Bank - CBZ USD Current,2024-05-07,2024-05-07,CASH DEPOSIT,15078.5,0.0,447430.9,Yes,93,15078.5,Debit,Yes,No,Reconciled,No
BTX000650,Bank - CBZ USD Current,2025-07-24,2025-07-25,FX CONVERSION,0.0,2071.0,449501.9,No,3,2071,Credit,No,Yes,0-30 days,No
BTX000651,Bank - CBZ USD Current,2024-03-05,2024-03-05,DIRECT DEBIT,0.0,8995.85,458497.75,No,0,8995.85,Credit,No,Yes,0-30 days,No
BTX000652,Bank - CBZ USD Current,2024-11-10,2024-11-10,BANK CHARGES,0.0,5065.08,463562.83,Yes,46,5065.08,Credit,Yes,No,Reconciled,No
BTX000653,Bank - CBZ USD Current,2025-02-01,2025-02-02,CASH DEPOSIT,720.45,0.0,462842.38,Yes,12,720.45,Debit,Yes,No,Reconciled,No
BTX000654,Bank - CBZ USD Current,2025-05-21,2025-05-23,VAT PAYMENT,12945.02,0.0,449897.36,Yes,3,12945.02,Debit,Yes,No,Reconciled,No
BTX000655,Bank - CBZ USD Current,2024-10-01,2024-10-03,FX CONVERSION,0.0,40258.7,490156.06,Yes,0,40258.7,Credit,Yes,No,Reconciled,No
BTX000656,Bank - CBZ USD Current,2025-02-14,2025-02-14,BANK CHARGES,0.0,18476.43,508632.49,Yes,12,18476.43,Credit,Yes,No,Reconciled,No
BTX000657,Bank - CBZ USD Current,2024-08-09,2024-08-11,CASH DEPOSIT,0.0,1015.66,509648.15,No,0,1015.66,Credit,No,Yes,0-30 days,No
BTX000658,Bank - CBZ USD Current,2024-03-18,2024-03-18,PAYMENT VENDOR,0.0,860.44,510508.59,Yes,0,860.44,Credit,Yes,No,Reconciled,No
BTX000659,Bank - CBZ USD Current,2025-02-11,2025-02-13,VAT PAYMENT,706.63,0.0,509801.96,Yes,0,706.63,Debit,Yes,No,Reconciled,No
BTX000660,Bank - CBZ USD Current,2025-07-19,2025-07-21,BANK CHARGES,2752.1,0.0,507049.86,Yes,3,2752.1,Debit,Yes,No,Reconciled,No
BTX000661,Bank - CBZ USD Current,2024-11-26,2024-11-28,FX CONVERSION,950.67,0.0,506099.19,Yes,0,950.67,Debit,Yes,No,Reconciled,No
BTX000662,Bank - CBZ USD Current,2024-08-30,2024-08-31,PAYMENT VENDOR,0.0,23514.26,529613.45,Yes,0,23514.26,Credit,Yes,No,Reconciled,No
BTX000663,Bank - CBZ USD Current,2024-09-11,2024-09-12,SALARY PAYMENT,25134.38,0.0,504479.07,Yes,0,25134.38,Debit,Yes,No,Reconciled,No
BTX000664,Bank - CBZ USD Current,2025-02-22,2025-02-24,CASH DEPOSIT,47112.36,0.0,457366.71,Yes,0,47112.36,Debit,Yes,No,Reconciled,No
BTX000665,Bank - CBZ USD Current,2024-01-06,2024-01-07,SALARY PAYMENT,0.0,878.86,458245.57,Yes,0,878.86,Credit,Yes,No,Reconciled,No
BTX000666,Bank - CBZ USD Current,2025-09-24,2025-09-24,TRF FROM CUSTOMER,0.0,16787.12,475032.69,Yes,210,16787.12,Credit,Yes,No,Reconciled,No
BTX000667,Bank - CBZ USD Current,2024-04-26,2024-04-26,SALARY PAYMENT,0.0,21010.82,496043.51,Yes,93,21010.82,Credit,Yes,No,Reconciled,No
BTX000668,Bank - CBZ USD Current,2024-02-18,2024-02-18,BANK CHARGES,0.0,1967.76,498011.27,Yes,12,1967.76,Credit,Yes,No,Reconciled,No
BTX000669,Bank - CBZ USD Current,2024-05-03,2024-05-03,DIRECT DEBIT,0.0,12349.27,510360.54,Yes,0,12349.27,Credit,Yes,No,Reconciled,No
BTX000670,Bank - CBZ USD Current,2024-06-28,2024-06-29,VAT PAYMENT,0.0,6747.36,517107.9,Yes,3,6747.36,Credit,Yes,No,Reconciled,No
BTX000671,Bank - CBZ USD Current,2024-04-28,2024-04-29,SALARY PAYMENT,0.0,43693.15,560801.05,Yes,46,43693.15,Credit,Yes,No,Reconciled,No
BTX000672,Bank - CBZ USD Current,2025-05-26,2025-05-28,VAT PAYMENT,7756.69,0.0,553044.36,Yes,46,7756.69,Debit,Yes,No,Reconciled,No
BTX000673,Bank - CBZ USD Current,2025-08-08,2025-08-10,MOBILE PAYMENT,46350.36,0.0,506694.0,Yes,0,46350.36,Debit,Yes,No,Reconciled,No
BTX000674,Bank - CBZ USD Current,2024-08-01,2024-08-01,VAT PAYMENT,0.0,13820.18,520514.18,Yes,0,13820.18,Credit,Yes,No,Reconciled,No
BTX000675,Bank - CBZ USD Current,2024-01-25,2024-01-25,INTEREST CREDIT,0.0,20471.13,540985.31,No,0,20471.13,Credit,No,Yes,0-30 days,No
BTX000676,Bank - CBZ USD Current,2025-02-08,2025-02-09,CASH DEPOSIT,11681.0,0.0,529304.31,Yes,3,11681,Debit,Yes,No,Reconciled,No
BTX000677,Bank - CBZ USD Current,2024-07-16,2024-07-16,FX CONVERSION,6741.71,0.0,522562.6,Yes,0,6741.71,Debit,Yes,No,Reconciled,No
BTX000678,Bank - CBZ USD Current,2024-04-24,2024-04-26,BANK CHARGES,0.0,981.07,523543.67,Yes,0,981.07,Credit,Yes,No,Reconciled,No
BTX000679,Bank - CBZ USD Current,2024-05-23,2024-05-25,INTEREST CREDIT,963.08,0.0,522580.59,Yes,93,963.08,Debit,Yes,No,Reconciled,No
BTX000680,Bank - CBZ USD Current,2025-03-27,2025-03-27,DIRECT DEBIT,7695.95,0.0,514884.64,Yes,46,7695.95,Debit,Yes,No,Reconciled,No
BTX000681,Bank - CBZ USD Current,2025-01-20,2025-01-22,FX CONVERSION,28549.74,0.0,486334.9,Yes,210,28549.74,Debit,Yes,No,Reconciled,No
BTX000682,Bank - CBZ USD Current,2024-01-26,2024-01-26,VAT PAYMENT,916.15,0.0,485418.75,Yes,0,916.15,Debit,Yes,No,Reconciled,No
BTX000683,Bank - CBZ USD Current,2025-04-05,2025-04-07,TRF FROM CUSTOMER,0.0,9001.92,494420.67,Yes,0,9001.92,Credit,Yes,No,Reconciled,No
BTX000684,Bank - CBZ USD Current,2024-07-29,2024-07-29,VAT PAYMENT,0.0,13623.47,508044.14,Yes,0,13623.47,Credit,Yes,No,Reconciled,No
BTX000685,Bank - CBZ USD Current,2025-01-18,2025-01-18,PAYMENT VENDOR,2212.21,0.0,505831.93,Yes,93,2212.21,Debit,Yes,No,Reconciled,No
BTX000686,Bank - CBZ USD Current,2025-08-26,2025-08-26,CASH DEPOSIT,0.0,802.0,506633.93,No,12,802,Credit,No,Yes,0-30 days,No
BTX000687,Bank - CBZ USD Current,2024-08-27,2024-08-29,INTEREST CREDIT,9126.55,0.0,497507.38,Yes,12,9126.55,Debit,Yes,No,Reconciled,No
BTX000688,Bank - CBZ USD Current,2024-10-24,2024-10-24,DIRECT DEBIT,16911.66,0.0,480595.72,Yes,93,16911.66,Debit,Yes,No,Reconciled,No
BTX000689,Bank - CBZ USD Current,2024-03-01,2024-03-01,CASH DEPOSIT,0.0,59419.04,540014.76,Yes,3,59419.04,Credit,Yes,No,Reconciled,No
BTX000690,Bank - CBZ USD Current,2025-01-03,2025-01-03,SALARY PAYMENT,0.0,12381.03,552395.79,Yes,46,12381.03,Credit,Yes,No,Reconciled,No
BTX000691,Bank - CBZ USD Current,2024-12-08,2024-12-08,VAT PAYMENT,1077.29,0.0,551318.5,Yes,46,1077.29,Debit,Yes,No,Reconciled,No
BTX000692,Bank - CBZ USD Current,2024-06-28,2024-06-30,DIRECT DEBIT,0.0,10205.99,561524.49,Yes,0,10205.99,Credit,Yes,No,Reconciled,No
BTX000693,Bank - CBZ USD Current,2025-05-11,2025-05-12,BANK CHARGES,0.0,5329.94,566854.43,Yes,0,5329.94,Credit,Yes,No,Reconciled,No
BTX000694,Bank - CBZ USD Current,2025-04-04,2025-04-05,FX CONVERSION,0.0,12794.57,579649.0,Yes,3,12794.57,Credit,Yes,No,Reconciled,No
BTX000695,Bank - CBZ USD Current,2024-10-05,2024-10-07,VAT PAYMENT,719.4,0.0,578929.6,Yes,210,719.4,Debit,Yes,No,Reconciled,No
BTX000696,Bank - CBZ USD Current,2025-06-16,2025-06-16,MOBILE PAYMENT,56174.61,0.0,522754.99,Yes,46,56174.61,Debit,Yes,No,Reconciled,No
BTX000697,Bank - CBZ USD Current,2025-08-21,2025-08-23,BANK CHARGES,25341.35,0.0,497413.64,Yes,12,25341.35,Debit,Yes,No,Reconciled,No
BTX000698,Bank - CBZ USD Current,2024-12-27,2024-12-27,BANK CHARGES,0.0,11936.51,509350.15,Yes,0,11936.51,Credit,Yes,No,Reconciled,No
BTX000699,Bank - CBZ USD Current,2024-11-24,2024-11-24,FX CONVERSION,0.0,5580.62,514930.77,Yes,0,5580.62,Credit,Yes,No,Reconciled,No
BTX000700,Bank - CBZ USD Current,2024-02-16,2024-02-17,INTEREST CREDIT,49968.53,0.0,464962.24,Yes,0,49968.53,Debit,Yes,No,Reconciled,No
BTX000701,Bank - CBZ USD Current,2025-05-27,2025-05-29,TRF FROM CUSTOMER,0.0,6992.09,471954.33,Yes,0,6992.09,Credit,Yes,No,Reconciled,No
BTX000702,Bank - CBZ USD Current,2024-02-06,2024-02-08,DIRECT DEBIT,29500.03,0.0,442454.3,Yes,46,29500.03,Debit,Yes,No,Reconciled,No
BTX000703,Bank - CBZ USD Current,2024-05-07,2024-05-08,TRF FROM CUSTOMER,0.0,19200.05,461654.35,Yes,0,19200.05,Credit,Yes,No,Reconciled,No
BTX000704,Bank - CBZ USD Current,2024-08-10,2024-08-12,MOBILE PAYMENT,52064.19,0.0,409590.16,Yes,93,52064.19,Debit,Yes,No,Reconciled,No
BTX000705,Bank - CBZ USD Current,2024-07-23,2024-07-23,BANK CHARGES,14836.2,0.0,394753.96,Yes,0,14836.2,Debit,Yes,No,Reconciled,No
BTX000706,Bank - CBZ USD Current,2024-01-30,2024-02-01,MOBILE PAYMENT,0.0,4270.75,399024.71,Yes,93,4270.75,Credit,Yes,No,Reconciled,No
BTX000707,Bank - CBZ USD Current,2025-06-13,2025-06-13,DIRECT DEBIT,8250.25,0.0,390774.46,Yes,93,8250.25,Debit,Yes,No,Reconciled,No
BTX000708,Bank - CBZ USD Current,2024-03-25,2024-03-25,PAYMENT VENDOR,15736.24,0.0,375038.22,No,210,15736.24,Debit,No,Yes,Over 90 days,Yes
BTX000709,Bank - CBZ USD Current,2025-09-29,2025-09-29,BANK CHARGES,0.0,652.83,375691.05,Yes,12,652.83,Credit,Yes,No,Reconciled,No
BTX000710,Bank - CBZ USD Current,2025-02-14,2025-02-14,INTEREST CREDIT,0.0,6646.5,382337.55,Yes,46,6646.5,Credit,Yes,No,Reconciled,No
BTX000711,Bank - CBZ USD Current,2024-07-11,2024-07-13,MOBILE PAYMENT,0.0,2068.92,384406.47,No,210,2068.92,Credit,No,Yes,Over 90 days,Yes
BTX000712,Bank - CBZ USD Current,2024-12-05,2024-12-05,PAYMENT VENDOR,4071.92,0.0,380334.55,Yes,0,4071.92,Debit,Yes,No,Reconciled,No
BTX000713,Bank - CBZ USD Current,2024-04-23,2024-04-24,BANK CHARGES,994.42,0.0,379340.13,No,93,994.42,Debit,No,Yes,Over 90 days,Yes
BTX000714,Bank - CBZ USD Current,2024-08-29,2024-08-29,PAYMENT VENDOR,0.0,2808.98,382149.11,Yes,93,2808.98,Credit,Yes,No,Reconciled,No
BTX000715,Bank - CBZ USD Current,2025-08-07,2025-08-08,MOBILE PAYMENT,2004.39,0.0,380144.72,Yes,46,2004.39,Debit,Yes,No,Reconciled,No
BTX000716,Bank - CBZ USD Current,2025-01-13,2025-01-13,SALARY PAYMENT,10210.18,0.0,369934.54,Yes,210,10210.18,Debit,Yes,No,Reconciled,No
BTX000717,Bank - CBZ USD Current,2024-08-11,2024-08-12,PAYMENT VENDOR,0.0,764.53,370699.07,Yes,0,764.53,Credit,Yes,No,Reconciled,No
BTX000718,Bank - CBZ USD Current,2025-08-18,2025-08-19,PAYMENT VENDOR,0.0,16022.69,386721.76,Yes,0,16022.69,Credit,Yes,No,Reconciled,No
BTX000719,Bank - CBZ USD Current,2025-07-23,2025-07-25,INTEREST CREDIT,0.0,15365.27,402087.03,Yes,210,15365.27,Credit,Yes,No,Reconciled,No
BTX000720,Bank - CBZ USD Current,2024-03-30,2024-03-30,SALARY PAYMENT,0.0,4477.18,406564.21,Yes,46,4477.18,Credit,Yes,No,Reconciled,No
BTX000721,Bank - CBZ USD Current,2024-03-29,2024-03-29,MOBILE PAYMENT,37602.44,0.0,368961.77,Yes,210,37602.44,Debit,Yes,No,Reconciled,No
BTX000722,Bank - CBZ USD Current,2024-01-14,2024-01-16,INTEREST CREDIT,0.0,29019.6,397981.37,Yes,0,29019.6,Credit,Yes,No,Reconciled,No
BTX000723,Bank - CBZ USD Current,2024-07-07,2024-07-08,FX CONVERSION,0.0,51358.54,449339.91,Yes,0,51358.54,Credit,Yes,No,Reconciled,No
BTX000724,Bank - CBZ USD Current,2024-12-18,2024-12-20,FX CONVERSION,0.0,40829.91,490169.82,Yes,46,40829.91,Credit,Yes,No,Reconciled,No
BTX000725,Bank - CBZ USD Current,2024-12-26,2024-12-28,CASH DEPOSIT,11143.38,0.0,479026.44,Yes,93,11143.38,Debit,Yes,No,Reconciled,No
BTX000726,Bank - CBZ USD Current,2025-09-22,2025-09-22,PAYMENT VENDOR,0.0,993.23,480019.67,Yes,12,993.23,Credit,Yes,No,Reconciled,No
BTX000727,Bank - CBZ USD Current,2024-09-07,2024-09-09,TRF FROM CUSTOMER,746.23,0.0,479273.44,Yes,46,746.23,Debit,Yes,No,Reconciled,No
BTX000728,Bank - CBZ USD Current,2024-02-18,2024-02-18,BANK CHARGES,3807.52,0.0,475465.92,Yes,0,3807.52,Debit,Yes,No,Reconciled,No
BTX000729,Bank - CBZ USD Current,2025-03-15,2025-03-17,FX CONVERSION,0.0,23745.04,499210.96,Yes,210,23745.04,Credit,Yes,No,Reconciled,No
BTX000730,Bank - CBZ USD Current,2025-06-14,2025-06-14,BANK CHARGES,11818.38,0.0,487392.58,No,93,11818.38,Debit,No,Yes,Over 90 days,Yes
BTX000731,Bank - CBZ USD Current,2025-09-13,2025-09-14,VAT PAYMENT,0.0,7499.96,494892.54,Yes,0,7499.96,Credit,Yes,No,Reconciled,No
BTX000732,Bank - CBZ USD Current,2024-01-18,2024-01-20,INTEREST CREDIT,26683.6,0.0,468208.94,Yes,3,26683.6,Debit,Yes,No,Reconciled,No
BTX000733,Bank - CBZ USD Current,2024-06-12,2024-06-14,SALARY PAYMENT,0.0,22164.43,490373.37,Yes,93,22164.43,Credit,Yes,No,Reconciled,No
BTX000734,Bank - CBZ USD Current,2024-03-12,2024-03-14,MOBILE PAYMENT,4932.96,0.0,485440.41,Yes,0,4932.96,Debit,Yes,No,Reconciled,No
BTX000735,Bank - CBZ USD Current,2024-01-25,2024-01-25,CASH DEPOSIT,1951.23,0.0,483489.18,Yes,3,1951.23,Debit,Yes,No,Reconciled,No
BTX000736,Bank - CBZ USD Current,2025-07-12,2025-07-13,TRF FROM CUSTOMER,55699.24,0.0,427789.94,Yes,3,55699.24,Debit,Yes,No,Reconciled,No
BTX000737,Bank - CBZ USD Current,2025-07-07,2025-07-07,SALARY PAYMENT,0.0,7668.46,435458.4,Yes,0,7668.46,Credit,Yes,No,Reconciled,No
BTX000738,Bank - CBZ USD Current,2024-03-17,2024-03-17,INTEREST CREDIT,11077.42,0.0,424380.98,Yes,0,11077.42,Debit,Yes,No,Reconciled,No
BTX000739,Bank - CBZ USD Current,2025-07-13,2025-07-14,VAT PAYMENT,20013.16,0.0,404367.82,Yes,93,20013.16,Debit,Yes,No,Reconciled,No
BTX000740,Bank - CBZ USD Current,2025-07-21,2025-07-23,CASH DEPOSIT,6948.06,0.0,397419.76,No,0,6948.06,Debit,No,Yes,0-30 days,No
BTX000741,Bank - CBZ USD Current,2024-10-18,2024-10-18,INTEREST CREDIT,3784.43,0.0,393635.33,No,0,3784.43,Debit,No,Yes,0-30 days,No
BTX000742,Bank - CBZ USD Current,2024-08-26,2024-08-27,INTEREST CREDIT,0.0,26636.84,420272.17,Yes,210,26636.84,Credit,Yes,No,Reconciled,No
BTX000743,Bank - CBZ USD Current,2024-03-18,2024-03-19,DIRECT DEBIT,32794.85,0.0,387477.32,Yes,0,32794.85,Debit,Yes,No,Reconciled,No
BTX000744,Bank - CBZ USD Current,2025-01-07,2025-01-09,PAYMENT VENDOR,3838.36,0.0,383638.96,Yes,0,3838.36,Debit,Yes,No,Reconciled,No
BTX000745,Bank - CBZ USD Current,2024-10-18,2024-10-20,FX CONVERSION,13568.5,0.0,370070.46,Yes,12,13568.5,Debit,Yes,No,Reconciled,No
BTX000746,Bank - CBZ USD Current,2025-08-10,2025-08-12,TRF FROM CUSTOMER,1059.44,0.0,369011.02,Yes,12,1059.44,Debit,Yes,No,Reconciled,No
BTX000747,Bank - CBZ USD Current,2025-01-15,2025-01-17,SALARY PAYMENT,817.1,0.0,368193.92,Yes,0,817.1,Debit,Yes,No,Reconciled,No
BTX000748,Bank - CBZ USD Current,2025-01-20,2025-01-20,VAT PAYMENT,6778.01,0.0,361415.91,Yes,0,6778.01,Debit,Yes,No,Reconciled,No
BTX000749,Bank - CBZ USD Current,2025-01-12,2025-01-12,PAYMENT VENDOR,0.0,765.2,362181.11,Yes,210,765.2,Credit,Yes,No,Reconciled,No
BTX000750,Bank - CBZ USD Current,2024-09-27,2024-09-27,PAYMENT VENDOR,55160.67,0.0,307020.44,Yes,46,55160.67,Debit,Yes,No,Reconciled,No
BTX000751,Bank - CBZ USD Current,2025-03-10,2025-03-10,DIRECT DEBIT,0.0,15851.79,322872.23,Yes,210,15851.79,Credit,Yes,No,Reconciled,No
BTX000752,Bank - CBZ USD Current,2024-05-18,2024-05-19,PAYMENT VENDOR,34363.86,0.0,288508.37,Yes,12,34363.86,Debit,Yes,No,Reconciled,No
BTX000753,Bank - CBZ USD Current,2024-02-27,2024-02-29,SALARY PAYMENT,9747.26,0.0,278761.11,Yes,0,9747.26,Debit,Yes,No,Reconciled,No
BTX000754,Bank - CBZ USD Current,2025-02-26,2025-02-26,TRF FROM CUSTOMER,1866.99,0.0,276894.12,No,210,1866.99,Debit,No,Yes,Over 90 days,Yes
BTX000755,Bank - CBZ USD Current,2024-03-01,2024-03-03,FX CONVERSION,0.0,1610.25,278504.37,Yes,93,1610.25,Credit,Yes,No,Reconciled,No
BTX000756,Bank - CBZ USD Current,2024-07-08,2024-07-09,SALARY PAYMENT,0.0,52215.92,330720.29,Yes,12,52215.92,Credit,Yes,No,Reconciled,No
BTX000757,Bank - CBZ USD Current,2024-09-18,2024-09-20,TRF FROM CUSTOMER,0.0,10094.48,340814.77,Yes,93,10094.48,Credit,Yes,No,Reconciled,No
BTX000758,Bank - CBZ USD Current,2024-05-30,2024-05-30,INTEREST CREDIT,0.0,1847.3,342662.07,Yes,46,1847.3,Credit,Yes,No,Reconciled,No
BTX000759,Bank - CBZ USD Current,2025-03-22,2025-03-22,FX CONVERSION,25837.77,0.0,316824.3,Yes,93,25837.77,Debit,Yes,No,Reconciled,No
BTX000760,Bank - CBZ USD Current,2024-02-01,2024-02-03,BANK CHARGES,964.3,0.0,315860.0,Yes,46,964.3,Debit,Yes,No,Reconciled,No
BTX000761,Bank - CBZ USD Current,2024-04-29,2024-04-30,BANK CHARGES,5938.6,0.0,309921.4,Yes,12,5938.6,Debit,Yes,No,Reconciled,No
BTX000762,Bank - CBZ USD Current,2024-06-22,2024-06-24,TRF FROM CUSTOMER,1020.73,0.0,308900.67,Yes,0,1020.73,Debit,Yes,No,Reconciled,No
BTX000763,Bank - CBZ USD Current,2025-07-25,2025-07-26,VAT PAYMENT,0.0,34513.89,343414.56,Yes,0,34513.89,Credit,Yes,No,Reconciled,No
BTX000764,Bank - CBZ USD Current,2024-04-14,2024-04-15,DIRECT DEBIT,0.0,11612.64,355027.2,Yes,0,11612.64,Credit,Yes,No,Reconciled,No
BTX000765,Bank - CBZ USD Current,2024-03-04,2024-03-06,INTEREST CREDIT,0.0,8931.03,363958.23,No,210,8931.03,Credit,No,Yes,Over 90 days,Yes
BTX000766,Bank - CBZ USD Current,2025-06-01,2025-06-03,BANK CHARGES,2854.1,0.0,361104.13,Yes,0,2854.1,Debit,Yes,No,Reconciled,No
BTX000767,Bank - CBZ USD Current,2025-02-24,2025-02-26,MOBILE PAYMENT,0.0,43805.08,404909.21,Yes,46,43805.08,Credit,Yes,No,Reconciled,No
BTX000768,Bank - CBZ USD Current,2025-04-28,2025-04-30,BANK CHARGES,765.85,0.0,404143.36,Yes,3,765.85,Debit,Yes,No,Reconciled,No
BTX000769,Bank - CBZ USD Current,2024-10-21,2024-10-22,SALARY PAYMENT,866.25,0.0,403277.11,Yes,46,866.25,Debit,Yes,No,Reconciled,No
BTX000770,Bank - CBZ USD Current,2024-08-05,2024-08-07,CASH DEPOSIT,0.0,6424.03,409701.14,Yes,0,6424.03,Credit,Yes,No,Reconciled,No
BTX000771,Bank - CBZ USD Current,2025-02-27,2025-02-28,VAT PAYMENT,0.0,52416.19,462117.33,Yes,46,52416.19,Credit,Yes,No,Reconciled,No
BTX000772,Bank - CBZ USD Current,2025-03-28,2025-03-28,CASH DEPOSIT,0.0,6542.18,468659.51,Yes,210,6542.18,Credit,Yes,No,Reconciled,No
BTX000773,Bank - CBZ USD Current,2024-04-14,2024-04-14,FX CONVERSION,45920.56,0.0,422738.95,Yes,210,45920.56,Debit,Yes,No,Reconciled,No
BTX000774,Bank - CBZ USD Current,2024-12-22,2024-12-22,VAT PAYMENT,21284.65,0.0,401454.3,Yes,0,21284.65,Debit,Yes,No,Reconciled,No
BTX000775,Bank - CBZ USD Current,2025-04-11,2025-04-11,FX CONVERSION,0.0,6599.33,408053.63,Yes,93,6599.33,Credit,Yes,No,Reconciled,No
BTX000776,Bank - CBZ USD Current,2024-05-13,2024-05-14,SALARY PAYMENT,0.0,15802.47,423856.1,Yes,0,15802.47,Credit,Yes,No,Reconciled,No
BTX000777,Bank - CBZ USD Current,2025-07-11,2025-07-13,VAT PAYMENT,11221.1,0.0,412635.0,Yes,0,11221.1,Debit,Yes,No,Reconciled,No
BTX000778,Bank - CBZ USD Current,2025-01-21,2025-01-22,CASH DEPOSIT,6300.83,0.0,406334.17,Yes,46,6300.83,Debit,Yes,No,Reconciled,No
BTX000779,Bank - CBZ USD Current,2025-03-10,2025-03-11,VAT PAYMENT,689.58,0.0,405644.59,Yes,0,689.58,Debit,Yes,No,Reconciled,No
BTX000780,Bank - CBZ USD Current,2024-04-28,2024-04-28,MOBILE PAYMENT,0.0,7972.9,413617.49,Yes,210,7972.9,Credit,Yes,No,Reconciled,No
BTX000781,Bank - CBZ USD Current,2024-12-22,2024-12-22,PAYMENT VENDOR,1702.96,0.0,411914.53,Yes,46,1702.96,Debit,Yes,No,Reconciled,No
BTX000782,Bank - CBZ USD Current,2025-01-11,2025-01-11,SALARY PAYMENT,4949.3,0.0,406965.23,Yes,93,4949.3,Debit,Yes,No,Reconciled,No
BTX000783,Bank - CBZ USD Current,2024-07-24,2024-07-26,TRF FROM CUSTOMER,48871.66,0.0,358093.57,Yes,210,48871.66,Debit,Yes,No,Reconciled,No
BTX000784,Bank - CBZ USD Current,2024-10-18,2024-10-19,SALARY PAYMENT,978.47,0.0,357115.1,Yes,12,978.47,Debit,Yes,No,Reconciled,No
BTX000785,Bank - CBZ USD Current,2025-05-13,2025-05-13,SALARY PAYMENT,671.15,0.0,356443.95,Yes,3,671.15,Debit,Yes,No,Reconciled,No
BTX000786,Bank - CBZ USD Current,2024-06-26,2024-06-27,FX CONVERSION,59349.14,0.0,297094.81,Yes,0,59349.14,Debit,Yes,No,Reconciled,No
BTX000787,Bank - CBZ USD Current,2024-09-24,2024-09-26,VAT PAYMENT,0.0,19475.34,316570.15,Yes,210,19475.34,Credit,Yes,No,Reconciled,No
BTX000788,Bank - CBZ USD Current,2024-10-24,2024-10-26,TRF FROM CUSTOMER,0.0,6728.12,323298.27,Yes,0,6728.12,Credit,Yes,No,Reconciled,No
BTX000789,Bank - CBZ USD Current,2025-02-13,2025-02-15,SALARY PAYMENT,38075.92,0.0,285222.35,Yes,0,38075.92,Debit,Yes,No,Reconciled,No
BTX000790,Bank - CBZ USD Current,2024-09-26,2024-09-28,BANK CHARGES,0.0,8270.25,293492.6,Yes,0,8270.25,Credit,Yes,No,Reconciled,No
BTX000791,Bank - CBZ USD Current,2025-09-14,2025-09-14,BANK CHARGES,0.0,37504.55,330997.15,Yes,46,37504.55,Credit,Yes,No,Reconciled,No
BTX000792,Bank - CBZ USD Current,2025-03-06,2025-03-08,PAYMENT VENDOR,60402.65,0.0,270594.5,Yes,210,60402.65,Debit,Yes,No,Reconciled,No
BTX000793,Bank - CBZ USD Current,2024-12-23,2024-12-23,DIRECT DEBIT,0.0,2181.81,272776.31,Yes,0,2181.81,Credit,Yes,No,Reconciled,No
BTX000794,Bank - CBZ USD Current,2024-03-13,2024-03-14,BANK CHARGES,7232.33,0.0,265543.98,Yes,12,7232.33,Debit,Yes,No,Reconciled,No
BTX000795,Bank - CBZ USD Current,2024-04-29,2024-04-30,VAT PAYMENT,0.0,5540.74,271084.72,Yes,0,5540.74,Credit,Yes,No,Reconciled,No
BTX000796,Bank - CBZ USD Current,2025-02-25,2025-02-25,TRF FROM CUSTOMER,0.0,733.83,271818.55,Yes,0,733.83,Credit,Yes,No,Reconciled,No
BTX000797,Bank - CBZ USD Current,2024-02-11,2024-02-11,BANK CHARGES,0.0,5539.2,277357.75,Yes,0,5539.2,Credit,Yes,No,Reconciled,No
BTX000798,Bank - CBZ USD Current,2025-09-06,2025-09-06,TRF FROM CUSTOMER,0.0,6974.32,284332.07,No,3,6974.32,Credit,No,Yes,0-30 days,No
BTX000799,Bank - CBZ USD Current,2024-07-10,2024-07-10,BANK CHARGES,722.91,0.0,283609.16,Yes,93,722.91,Debit,Yes,No,Reconciled,No
BTX000800,Bank - CBZ USD Current,2024-06-25,2024-06-27,VAT PAYMENT,4342.09,0.0,279267.07,Yes,93,4342.09,Debit,Yes,No,Reconciled,No
BTX000801,Bank - CBZ USD Current,2024-07-29,2024-07-31,BANK CHARGES,2048.94,0.0,277218.13,Yes,3,2048.94,Debit,Yes,No,Reconciled,No
BTX000802,Bank - CBZ USD Current,2025-09-22,2025-09-24,DIRECT DEBIT,4584.81,0.0,272633.32,Yes,210,4584.81,Debit,Yes,No,Reconciled,No
BTX000803,Bank - CBZ USD Current,2025-05-08,2025-05-08,DIRECT DEBIT,0.0,1000.2,273633.52,Yes,0,1000.2,Credit,Yes,No,Reconciled,No
BTX000804,Bank - CBZ USD Current,2025-07-12,2025-07-13,TRF FROM CUSTOMER,0.0,8740.47,282373.99,No,12,8740.47,Credit,No,Yes,0-30 days,No
BTX000805,Bank - CBZ USD Current,2024-04-11,2024-04-11,FX CONVERSION,57895.94,0.0,224478.05,Yes,0,57895.94,Debit,Yes,No,Reconciled,No
BTX000806,Bank - CBZ USD Current,2024-06-02,2024-06-03,VAT PAYMENT,7316.09,0.0,217161.96,Yes,0,7316.09,Debit,Yes,No,Reconciled,No
BTX000807,Bank - CBZ USD Current,2024-10-16,2024-10-16,SALARY PAYMENT,0.0,2541.67,219703.63,No,46,2541.67,Credit,No,Yes,31-90 days,No
BTX000808,Bank - CBZ USD Current,2025-08-06,2025-08-07,FX CONVERSION,0.0,32807.46,252511.09,Yes,46,32807.46,Credit,Yes,No,Reconciled,No
BTX000809,Bank - CBZ USD Current,2025-01-11,2025-01-11,INTEREST CREDIT,5166.04,0.0,247345.05,Yes,0,5166.04,Debit,Yes,No,Reconciled,No
BTX000810,Bank - CBZ USD Current,2025-07-18,2025-07-20,CASH DEPOSIT,0.0,1924.65,249269.7,Yes,0,1924.65,Credit,Yes,No,Reconciled,No
BTX000811,Bank - CBZ USD Current,2024-01-22,2024-01-24,INTEREST CREDIT,2033.1,0.0,247236.6,Yes,46,2033.1,Debit,Yes,No,Reconciled,No
BTX000812,Bank - CBZ USD Current,2025-08-17,2025-08-17,FX CONVERSION,0.0,62031.25,309267.85,Yes,93,62031.25,Credit,Yes,No,Reconciled,No
BTX000813,Bank - CBZ USD Current,2025-04-05,2025-04-05,TRF FROM CUSTOMER,40554.29,0.0,268713.56,Yes,0,40554.29,Debit,Yes,No,Reconciled,No
BTX000814,Bank - CBZ USD Current,2025-01-14,2025-01-14,VAT PAYMENT,47243.58,0.0,221469.98,Yes,93,47243.58,Debit,Yes,No,Reconciled,No
BTX000815,Bank - CBZ USD Current,2024-07-04,2024-07-05,CASH DEPOSIT,6866.41,0.0,214603.57,Yes,93,6866.41,Debit,Yes,No,Reconciled,No
BTX000816,Bank - CBZ USD Current,2025-01-20,2025-01-21,DIRECT DEBIT,0.0,46656.75,261260.32,Yes,210,46656.75,Credit,Yes,No,Reconciled,No
BTX000817,Bank - CBZ USD Current,2025-02-20,2025-02-20,DIRECT DEBIT,28841.67,0.0,232418.65,Yes,0,28841.67,Debit,Yes,No,Reconciled,No
BTX000818,Bank - CBZ USD Current,2024-09-02,2024-09-03,BANK CHARGES,0.0,8825.19,241243.84,No,46,8825.19,Credit,No,Yes,31-90 days,No
BTX000819,Bank - CBZ USD Current,2025-05-28,2025-05-30,VAT PAYMENT,0.0,892.98,242136.82,Yes,93,892.98,Credit,Yes,No,Reconciled,No
BTX000820,Bank - CBZ USD Current,2025-05-03,2025-05-03,SALARY PAYMENT,0.0,17630.53,259767.35,Yes,46,17630.53,Credit,Yes,No,Reconciled,No
BTX000821,Bank - CBZ USD Current,2025-06-26,2025-06-26,PAYMENT VENDOR,0.0,20037.82,279805.17,Yes,0,20037.82,Credit,Yes,No,Reconciled,No
BTX000822,Bank - CBZ USD Current,2025-03-08,2025-03-09,PAYMENT VENDOR,8963.72,0.0,270841.45,Yes,210,8963.72,Debit,Yes,No,Reconciled,No
BTX000823,Bank - CBZ USD Current,2024-05-14,2024-05-15,BANK CHARGES,1773.98,0.0,269067.47,No,0,1773.98,Debit,No,Yes,0-30 days,No
BTX000824,Bank - CBZ USD Current,2024-09-16,2024-09-17,VAT PAYMENT,0.0,11321.59,280389.06,Yes,3,11321.59,Credit,Yes,No,Reconciled,No
BTX000825,Bank - CBZ USD Current,2024-10-22,2024-10-24,INTEREST CREDIT,0.0,835.73,281224.79,Yes,46,835.73,Credit,Yes,No,Reconciled,No
BTX000826,Bank - CBZ USD Current,2024-07-01,2024-07-02,MOBILE PAYMENT,1010.67,0.0,280214.12,Yes,0,1010.67,Debit,Yes,No,Reconciled,No
BTX000827,Bank - CBZ USD Current,2025-08-11,2025-08-11,TRF FROM CUSTOMER,21122.67,0.0,259091.45,Yes,12,21122.67,Debit,Yes,No,Reconciled,No
BTX000828,Bank - CBZ USD Current,2025-08-14,2025-08-15,SALARY PAYMENT,0.0,9110.9,268202.35,No,3,9110.9,Credit,No,Yes,0-30 days,No
BTX000829,Bank - CBZ USD Current,2025-08-18,2025-08-19,CASH DEPOSIT,0.0,6700.99,274903.34,Yes,210,6700.99,Credit,Yes,No,Reconciled,No
BTX000830,Bank - CBZ USD Current,2025-07-19,2025-07-21,DIRECT DEBIT,6939.91,0.0,267963.43,Yes,0,6939.91,Debit,Yes,No,Reconciled,No
BTX000831,Bank - CBZ USD Current,2024-08-07,2024-08-08,TRF FROM CUSTOMER,0.0,3874.8,271838.23,Yes,0,3874.8,Credit,Yes,No,Reconciled,No
BTX000832,Bank - CBZ USD Current,2024-12-07,2024-12-07,MOBILE PAYMENT,654.84,0.0,271183.39,Yes,93,654.84,Debit,Yes,No,Reconciled,No
BTX000833,Bank - CBZ USD Current,2025-02-16,2025-02-18,VAT PAYMENT,0.0,47135.86,318319.25,Yes,0,47135.86,Credit,Yes,No,Reconciled,No
BTX000834,Bank - CBZ USD Current,2025-06-26,2025-06-27,PAYMENT VENDOR,1043.86,0.0,317275.39,Yes,210,1043.86,Debit,Yes,No,Reconciled,No
BTX000835,Bank - CBZ USD Current,2024-02-24,2024-02-26,CASH DEPOSIT,855.1,0.0,316420.29,Yes,12,855.1,Debit,Yes,No,Reconciled,No
BTX000836,Bank - CBZ USD Current,2024-11-15,2024-11-15,BANK CHARGES,1812.27,0.0,314608.02,Yes,3,1812.27,Debit,Yes,No,Reconciled,No
BTX000837,Bank - CBZ USD Current,2024-12-19,2024-12-19,DIRECT DEBIT,1846.27,0.0,312761.75,Yes,210,1846.27,Debit,Yes,No,Reconciled,No
BTX000838,Bank - CBZ USD Current,2024-03-21,2024-03-22,DIRECT DEBIT,0.0,620.15,313381.9,Yes,3,620.15,Credit,Yes,No,Reconciled,No
BTX000839,Bank - CBZ USD Current,2025-07-22,2025-07-24,VAT PAYMENT,0.0,62045.17,375427.07,Yes,0,62045.17,Credit,Yes,No,Reconciled,No
BTX000840,Bank - CBZ USD Current,2024-07-12,2024-07-12,SALARY PAYMENT,57879.67,0.0,317547.4,Yes,12,57879.67,Debit,Yes,No,Reconciled,No
BTX000841,Bank - CBZ USD Current,2025-08-14,2025-08-14,PAYMENT VENDOR,11117.47,0.0,306429.93,Yes,93,11117.47,Debit,Yes,No,Reconciled,No
BTX000842,Bank - CBZ USD Current,2025-04-22,2025-04-22,DIRECT DEBIT,10213.63,0.0,296216.3,Yes,3,10213.63,Debit,Yes,No,Reconciled,No
BTX000843,Bank - CBZ USD Current,2024-04-22,2024-04-22,BANK CHARGES,7174.23,0.0,289042.07,Yes,46,7174.23,Debit,Yes,No,Reconciled,No
BTX000844,Bank - CBZ USD Current,2024-08-09,2024-08-09,SALARY PAYMENT,771.41,0.0,288270.66,Yes,0,771.41,Debit,Yes,No,Reconciled,No
BTX000845,Bank - CBZ USD Current,2024-10-07,2024-10-07,INTEREST CREDIT,2091.88,0.0,286178.78,Yes,0,2091.88,Debit,Yes,No,Reconciled,No
BTX000846,Bank - CBZ USD Current,2025-09-10,2025-09-12,DIRECT DEBIT,0.0,39397.76,325576.54,Yes,93,39397.76,Credit,Yes,No,Reconciled,No
BTX000847,Bank - CBZ USD Current,2024-07-23,2024-07-23,TRF FROM CUSTOMER,0.0,2741.71,328318.25,Yes,0,2741.71,Credit,Yes,No,Reconciled,No
BTX000848,Bank - CBZ USD Current,2024-04-01,2024-04-03,FX CONVERSION,0.0,5844.88,334163.13,Yes,0,5844.88,Credit,Yes,No,Reconciled,No
BTX000849,Bank - CBZ USD Current,2024-08-15,2024-08-16,MOBILE PAYMENT,0.0,52779.19,386942.32,No,0,52779.19,Credit,No,Yes,0-30 days,No
BTX000850,Bank - CBZ USD Current,2025-08-15,2025-08-16,CASH DEPOSIT,0.0,7853.82,394796.14,Yes,0,7853.82,Credit,Yes,No,Reconciled,No
BTX000851,Bank - CBZ USD Current,2024-03-13,2024-03-13,CASH DEPOSIT,14082.07,0.0,380714.07,Yes,93,14082.07,Debit,Yes,No,Reconciled,No
BTX000852,Bank - CBZ USD Current,2025-02-19,2025-02-21,PAYMENT VENDOR,2135.83,0.0,378578.24,Yes,0,2135.83,Debit,Yes,No,Reconciled,No
BTX000853,Bank - CBZ USD Current,2024-01-14,2024-01-14,INTEREST CREDIT,0.0,17786.88,396365.12,Yes,93,17786.88,Credit,Yes,No,Reconciled,No
BTX000854,Bank - CBZ USD Current,2025-05-26,2025-05-26,TRF FROM CUSTOMER,10861.21,0.0,385503.91,Yes,0,10861.21,Debit,Yes,No,Reconciled,No
BTX000855,Bank - CBZ USD Current,2025-06-08,2025-06-08,INTEREST CREDIT,61054.94,0.0,324448.97,Yes,3,61054.94,Debit,Yes,No,Reconciled,No
BTX000856,Bank - CBZ USD Current,2024-04-05,2024-04-05,CASH DEPOSIT,1551.79,0.0,322897.18,Yes,3,1551.79,Debit,Yes,No,Reconciled,No
BTX000857,Bank - CBZ USD Current,2025-08-14,2025-08-15,PAYMENT VENDOR,1714.77,0.0,321182.41,No,0,1714.77,Debit,No,Yes,0-30 days,No
BTX000858,Bank - CBZ USD Current,2025-05-30,2025-06-01,VAT PAYMENT,23189.24,0.0,297993.17,No,0,23189.24,Debit,No,Yes,0-30 days,No
BTX000859,Bank - CBZ USD Current,2024-07-23,2024-07-25,INTEREST CREDIT,0.0,2331.77,300324.94,Yes,0,2331.77,Credit,Yes,No,Reconciled,No
BTX000860,Bank - CBZ USD Current,2024-03-02,2024-03-03,FX CONVERSION,5728.52,0.0,294596.42,Yes,12,5728.52,Debit,Yes,No,Reconciled,No
BTX000861,Bank - CBZ USD Current,2024-12-08,2024-12-09,CASH DEPOSIT,1052.54,0.0,293543.88,Yes,12,1052.54,Debit,Yes,No,Reconciled,No
BTX000862,Bank - CBZ USD Current,2025-05-26,2025-05-26,PAYMENT VENDOR,6018.61,0.0,287525.27,Yes,0,6018.61,Debit,Yes,No,Reconciled,No
BTX000863,Bank - CBZ USD Current,2024-08-11,2024-08-11,BANK CHARGES,0.0,51771.83,339297.1,No,46,51771.83,Credit,No,Yes,31-90 days,No
BTX000864,Bank - CBZ USD Current,2024-01-28,2024-01-30,BANK CHARGES,0.0,5506.66,344803.76,Yes,46,5506.66,Credit,Yes,No,Reconciled,No
BTX000865,Bank - CBZ USD Current,2025-08-10,2025-08-11,SALARY PAYMENT,17167.67,0.0,327636.09,Yes,0,17167.67,Debit,Yes,No,Reconciled,No
BTX000866,Bank - CBZ USD Current,2024-11-16,2024-11-17,INTEREST CREDIT,4903.32,0.0,322732.77,Yes,0,4903.32,Debit,Yes,No,Reconciled,No
BTX000867,Bank - CBZ USD Current,2024-06-27,2024-06-27,VAT PAYMENT,33292.63,0.0,289440.14,Yes,46,33292.63,Debit,Yes,No,Reconciled,No
BTX000868,Bank - CBZ USD Current,2024-07-26,2024-07-26,SALARY PAYMENT,17890.77,0.0,271549.37,Yes,93,17890.77,Debit,Yes,No,Reconciled,No
BTX000869,Bank - CBZ USD Current,2024-09-25,2024-09-25,VAT PAYMENT,6453.22,0.0,265096.15,Yes,210,6453.22,Debit,Yes,No,Reconciled,No
BTX000870,Bank - CBZ USD Current,2025-03-02,2025-03-03,CASH DEPOSIT,0.0,6108.31,271204.46,Yes,0,6108.31,Credit,Yes,No,Reconciled,No
BTX000871,Bank - CBZ USD Current,2025-01-10,2025-01-10,BANK CHARGES,0.0,11046.44,282250.9,Yes,210,11046.44,Credit,Yes,No,Reconciled,No
BTX000872,Bank - CBZ USD Current,2024-12-23,2024-12-25,INTEREST CREDIT,0.0,5337.64,287588.54,Yes,3,5337.64,Credit,Yes,No,Reconciled,No
BTX000873,Bank - CBZ USD Current,2024-07-29,2024-07-30,INTEREST CREDIT,0.0,28030.59,315619.13,Yes,210,28030.59,Credit,Yes,No,Reconciled,No
BTX000874,Bank - CBZ USD Current,2024-11-29,2024-12-01,MOBILE PAYMENT,7649.37,0.0,307969.76,Yes,210,7649.37,Debit,Yes,No,Reconciled,No
BTX000875,Bank - CBZ USD Current,2025-09-09,2025-09-11,CASH DEPOSIT,30822.0,0.0,277147.76,Yes,93,30822,Debit,Yes,No,Reconciled,No
BTX000876,Bank - CBZ USD Current,2024-04-25,2024-04-27,INTEREST CREDIT,4869.14,0.0,272278.62,Yes,0,4869.14,Debit,Yes,No,Reconciled,No
BTX000877,Bank - CBZ USD Current,2025-02-21,2025-02-23,PAYMENT VENDOR,7847.24,0.0,264431.38,Yes,210,7847.24,Debit,Yes,No,Reconciled,No
BTX000878,Bank - CBZ USD Current,2024-08-09,2024-08-10,BANK CHARGES,0.0,5665.2,270096.58,Yes,210,5665.2,Credit,Yes,No,Reconciled,No
BTX000879,Bank - CBZ USD Current,2025-08-19,2025-08-21,MOBILE PAYMENT,811.45,0.0,269285.13,Yes,210,811.45,Debit,Yes,No,Reconciled,No
BTX000880,Bank - CBZ USD Current,2025-05-02,2025-05-03,PAYMENT VENDOR,42500.39,0.0,226784.74,No,210,42500.39,Debit,No,Yes,Over 90 days,Yes
BTX000881,Bank - CBZ USD Current,2025-08-18,2025-08-20,VAT PAYMENT,0.0,5254.3,232039.04,Yes,0,5254.3,Credit,Yes,No,Reconciled,No
BTX000882,Bank - CBZ USD Current,2025-03-08,2025-03-09,MOBILE PAYMENT,0.0,36950.24,268989.28,Yes,210,36950.24,Credit,Yes,No,Reconciled,No
BTX000883,Bank - CBZ USD Current,2024-11-22,2024-11-24,CASH DEPOSIT,0.0,26699.76,295689.04,Yes,0,26699.76,Credit,Yes,No,Reconciled,No
BTX000884,Bank - CBZ USD Current,2025-03-06,2025-03-07,TRF FROM CUSTOMER,5800.52,0.0,289888.52,Yes,0,5800.52,Debit,Yes,No,Reconciled,No
BTX000885,Bank - CBZ USD Current,2025-07-28,2025-07-30,FX CONVERSION,0.0,2718.7,292607.22,Yes,0,2718.7,Credit,Yes,No,Reconciled,No
BTX000886,Bank - CBZ USD Current,2024-12-06,2024-12-07,FX CONVERSION,9762.91,0.0,282844.31,Yes,93,9762.91,Debit,Yes,No,Reconciled,No
BTX000887,Bank - CBZ USD Current,2024-09-24,2024-09-25,INTEREST CREDIT,926.68,0.0,281917.63,Yes,3,926.68,Debit,Yes,No,Reconciled,No
BTX000888,Bank - CBZ USD Current,2024-02-13,2024-02-15,MOBILE PAYMENT,993.95,0.0,280923.68,Yes,210,993.95,Debit,Yes,No,Reconciled,No
BTX000889,Bank - CBZ USD Current,2025-07-03,2025-07-03,INTEREST CREDIT,4225.82,0.0,276697.86,Yes,210,4225.82,Debit,Yes,No,Reconciled,No
BTX000890,Bank - CBZ USD Current,2024-01-12,2024-01-14,PAYMENT VENDOR,45405.34,0.0,231292.52,Yes,12,45405.34,Debit,Yes,No,Reconciled,No
BTX000891,Bank - CBZ USD Current,2024-05-12,2024-05-14,MOBILE PAYMENT,0.0,44322.36,275614.88,Yes,0,44322.36,Credit,Yes,No,Reconciled,No
BTX000892,Bank - CBZ USD Current,2025-09-14,2025-09-15,DIRECT DEBIT,0.0,42128.83,317743.71,Yes,0,42128.83,Credit,Yes,No,Reconciled,No
BTX000893,Bank - CBZ USD Current,2025-07-05,2025-07-06,INTEREST CREDIT,0.0,13431.56,331175.27,Yes,0,13431.56,Credit,Yes,No,Reconciled,No
BTX000894,Bank - CBZ USD Current,2024-06-05,2024-06-07,BANK CHARGES,0.0,35173.27,366348.54,Yes,0,35173.27,Credit,Yes,No,Reconciled,No
BTX000895,Bank - CBZ USD Current,2024-02-21,2024-02-23,DIRECT DEBIT,0.0,16287.31,382635.85,Yes,93,16287.31,Credit,Yes,No,Reconciled,No
BTX000896,Bank - CBZ USD Current,2024-11-18,2024-11-19,MOBILE PAYMENT,0.0,10848.46,393484.31,Yes,46,10848.46,Credit,Yes,No,Reconciled,No
BTX000897,Bank - CBZ USD Current,2024-05-27,2024-05-28,SALARY PAYMENT,5553.25,0.0,387931.06,Yes,3,5553.25,Debit,Yes,No,Reconciled,No
BTX000898,Bank - CBZ USD Current,2024-06-27,2024-06-29,PAYMENT VENDOR,0.0,1993.35,389924.41,Yes,210,1993.35,Credit,Yes,No,Reconciled,No
BTX000899,Bank - CBZ USD Current,2024-08-16,2024-08-18,TRF FROM CUSTOMER,0.0,818.88,390743.29,Yes,46,818.88,Credit,Yes,No,Reconciled,No
BTX000900,Bank - CBZ USD Current,2025-03-14,2025-03-15,PAYMENT VENDOR,0.0,6320.62,397063.91,No,0,6320.62,Credit,No,Yes,0-30 days,No
BTX000901,Bank - CBZ USD Current,2024-03-22,2024-03-23,PAYMENT VENDOR,0.0,14108.37,411172.28,Yes,210,14108.37,Credit,Yes,No,Reconciled,No
BTX000902,Bank - CBZ USD Current,2025-01-28,2025-01-29,SALARY PAYMENT,0.0,1935.84,413108.12,Yes,93,1935.84,Credit,Yes,No,Reconciled,No
BTX000903,Bank - CBZ USD Current,2024-12-26,2024-12-26,PAYMENT VENDOR,0.0,12588.36,425696.48,Yes,0,12588.36,Credit,Yes,No,Reconciled,No
BTX000904,Bank - CBZ USD Current,2024-07-10,2024-07-12,BANK CHARGES,2069.73,0.0,423626.75,Yes,46,2069.73,Debit,Yes,No,Reconciled,No
BTX000905,Bank - CBZ USD Current,2025-06-22,2025-06-24,TRF FROM CUSTOMER,5857.92,0.0,417768.83,Yes,93,5857.92,Debit,Yes,No,Reconciled,No
BTX000906,Bank - CBZ USD Current,2025-01-05,2025-01-07,TRF FROM CUSTOMER,0.0,16455.01,434223.84,Yes,0,16455.01,Credit,Yes,No,Reconciled,No
BTX000907,Bank - CBZ USD Current,2024-08-06,2024-08-07,VAT PAYMENT,15801.92,0.0,418421.92,Yes,46,15801.92,Debit,Yes,No,Reconciled,No
BTX000908,Bank - CBZ USD Current,2024-06-09,2024-06-10,BANK CHARGES,0.0,30289.82,448711.74,No,0,30289.82,Credit,No,Yes,0-30 days,No
BTX000909,Bank - CBZ USD Current,2024-03-08,2024-03-10,VAT PAYMENT,0.0,2085.17,450796.91,Yes,210,2085.17,Credit,Yes,No,Reconciled,No
BTX000910,Bank - CBZ USD Current,2024-09-28,2024-09-30,INTEREST CREDIT,0.0,20791.09,471588.0,Yes,210,20791.09,Credit,Yes,No,Reconciled,No
BTX000911,Bank - CBZ USD Current,2024-02-14,2024-02-15,FX CONVERSION,0.0,14665.74,486253.74,Yes,93,14665.74,Credit,Yes,No,Reconciled,No
BTX000912,Bank - CBZ USD Current,2024-05-07,2024-05-08,MOBILE PAYMENT,0.0,4078.84,490332.58,Yes,46,4078.84,Credit,Yes,No,Reconciled,No
BTX000913,Bank - CBZ USD Current,2024-05-19,2024-05-19,MOBILE PAYMENT,862.24,0.0,489470.34,Yes,0,862.24,Debit,Yes,No,Reconciled,No
BTX000914,Bank - CBZ USD Current,2025-05-07,2025-05-08,INTEREST CREDIT,7276.08,0.0,482194.26,Yes,3,7276.08,Debit,Yes,No,Reconciled,No
BTX000915,Bank - CBZ USD Current,2025-01-26,2025-01-27,SALARY PAYMENT,0.0,906.43,483100.69,Yes,93,906.43,Credit,Yes,No,Reconciled,No
BTX000916,Bank - CBZ USD Current,2025-08-09,2025-08-11,MOBILE PAYMENT,26477.15,0.0,456623.54,Yes,46,26477.15,Debit,Yes,No,Reconciled,No
BTX000917,Bank - CBZ USD Current,2025-03-13,2025-03-14,VAT PAYMENT,5947.75,0.0,450675.79,Yes,12,5947.75,Debit,Yes,No,Reconciled,No
BTX000918,Bank - CBZ USD Current,2024-09-30,2024-09-30,INTEREST CREDIT,20704.45,0.0,429971.34,No,0,20704.45,Debit,No,Yes,0-30 days,No
BTX000919,Bank - CBZ USD Current,2024-11-12,2024-11-12,DIRECT DEBIT,0.0,34602.96,464574.3,Yes,12,34602.96,Credit,Yes,No,Reconciled,No
BTX000920,Bank - CBZ USD Current,2024-01-21,2024-01-21,CASH DEPOSIT,0.0,845.62,465419.92,Yes,0,845.62,Credit,Yes,No,Reconciled,No
BTX000921,Bank - CBZ USD Current,2025-09-13,2025-09-15,SALARY PAYMENT,17597.31,0.0,447822.61,Yes,12,17597.31,Debit,Yes,No,Reconciled,No
BTX000922,Bank - CBZ USD Current,2024-12-01,2024-12-02,SALARY PAYMENT,0.0,12593.57,460416.18,Yes,0,12593.57,Credit,Yes,No,Reconciled,No
BTX000923,Bank - CBZ USD Current,2024-06-08,2024-06-10,INTEREST CREDIT,0.0,11798.43,472214.61,Yes,93,11798.43,Credit,Yes,No,Reconciled,No
BTX000924,Bank - CBZ USD Current,2024-07-29,2024-07-29,CASH DEPOSIT,0.0,2272.26,474486.87,No,12,2272.26,Credit,No,Yes,0-30 days,No
BTX000925,Bank - CBZ USD Current,2025-01-28,2025-01-28,SALARY PAYMENT,0.0,8279.72,482766.59,Yes,0,8279.72,Credit,Yes,No,Reconciled,No
BTX000926,Bank - CBZ USD Current,2024-05-29,2024-05-29,MOBILE PAYMENT,10298.53,0.0,472468.06,Yes,0,10298.53,Debit,Yes,No,Reconciled,No
BTX000927,Bank - CBZ USD Current,2024-10-02,2024-10-04,DIRECT DEBIT,0.0,772.41,473240.47,Yes,3,772.41,Credit,Yes,No,Reconciled,No
BTX000928,Bank - CBZ USD Current,2024-02-01,2024-02-03,FX CONVERSION,6933.95,0.0,466306.52,Yes,3,6933.95,Debit,Yes,No,Reconciled,No
BTX000929,Bank - CBZ USD Current,2024-01-24,2024-01-24,FX CONVERSION,0.0,51260.97,517567.49,Yes,210,51260.97,Credit,Yes,No,Reconciled,No
BTX000930,Bank - CBZ USD Current,2024-06-21,2024-06-23,FX CONVERSION,0.0,13060.37,530627.86,Yes,0,13060.37,Credit,Yes,No,Reconciled,No
BTX000931,Bank - CBZ USD Current,2024-11-21,2024-11-22,BANK CHARGES,0.0,2246.5,532874.36,Yes,0,2246.5,Credit,Yes,No,Reconciled,No
BTX000932,Bank - CBZ USD Current,2024-09-13,2024-09-13,BANK CHARGES,20600.77,0.0,512273.59,Yes,93,20600.77,Debit,Yes,No,Reconciled,No
BTX000933,Bank - CBZ USD Current,2025-01-29,2025-01-30,TRF FROM CUSTOMER,8939.46,0.0,503334.13,Yes,3,8939.46,Debit,Yes,No,Reconciled,No
BTX000934,Bank - CBZ USD Current,2024-10-19,2024-10-20,INTEREST CREDIT,0.0,43559.94,546894.07,Yes,3,43559.94,Credit,Yes,No,Reconciled,No
BTX000935,Bank - CBZ USD Current,2025-06-27,2025-06-28,TRF FROM CUSTOMER,8035.42,0.0,538858.65,Yes,0,8035.42,Debit,Yes,No,Reconciled,No
BTX000936,Bank - CBZ USD Current,2024-10-18,2024-10-18,PAYMENT VENDOR,0.0,763.26,539621.91,Yes,0,763.26,Credit,Yes,No,Reconciled,No
BTX000937,Bank - CBZ USD Current,2024-10-22,2024-10-23,BANK CHARGES,755.77,0.0,538866.14,Yes,0,755.77,Debit,Yes,No,Reconciled,No
BTX000938,Bank - CBZ USD Current,2025-04-04,2025-04-05,CASH DEPOSIT,0.0,34686.27,573552.41,Yes,210,34686.27,Credit,Yes,No,Reconciled,No
BTX000939,Bank - CBZ USD Current,2024-07-30,2024-08-01,INTEREST CREDIT,0.0,42147.74,615700.15,Yes,46,42147.74,Credit,Yes,No,Reconciled,No
BTX000940,Bank - CBZ USD Current,2025-08-11,2025-08-12,DIRECT DEBIT,6845.75,0.0,608854.4,Yes,3,6845.75,Debit,Yes,No,Reconciled,No
BTX000941,Bank - CBZ USD Current,2025-04-26,2025-04-26,DIRECT DEBIT,0.0,10810.08,619664.48,Yes,46,10810.08,Credit,Yes,No,Reconciled,No
BTX000942,Bank - CBZ USD Current,2025-09-13,2025-09-14,TRF FROM CUSTOMER,1077.47,0.0,618587.01,Yes,0,1077.47,Debit,Yes,No,Reconciled,No
BTX000943,Bank - CBZ USD Current,2024-01-07,2024-01-07,VAT PAYMENT,46302.18,0.0,572284.83,Yes,46,46302.18,Debit,Yes,No,Reconciled,No
BTX000944,Bank - CBZ USD Current,2024-08-09,2024-08-11,CASH DEPOSIT,5676.4,0.0,566608.43,No,0,5676.4,Debit,No,Yes,0-30 days,No
BTX000945,Bank - CBZ USD Current,2024-07-22,2024-07-24,FX CONVERSION,3927.82,0.0,562680.61,Yes,46,3927.82,Debit,Yes,No,Reconciled,No
BTX000946,Bank - CBZ USD Current,2024-06-04,2024-06-04,CASH DEPOSIT,4124.49,0.0,558556.12,Yes,210,4124.49,Debit,Yes,No,Reconciled,No
BTX000947,Bank - CBZ USD Current,2025-07-18,2025-07-19,FX CONVERSION,0.0,31754.78,590310.9,Yes,93,31754.78,Credit,Yes,No,Reconciled,No
BTX000948,Bank - CBZ USD Current,2024-10-04,2024-10-04,MOBILE PAYMENT,0.0,16809.48,607120.38,Yes,210,16809.48,Credit,Yes,No,Reconciled,No
BTX000949,Bank - CBZ USD Current,2024-10-20,2024-10-20,PAYMENT VENDOR,0.0,752.21,607872.59,Yes,0,752.21,Credit,Yes,No,Reconciled,No
BTX000950,Bank - CBZ USD Current,2024-10-02,2024-10-04,CASH DEPOSIT,0.0,4858.09,612730.68,Yes,210,4858.09,Credit,Yes,No,Reconciled,No
BTX000951,Bank - CBZ USD Current,2025-04-06,2025-04-08,PAYMENT VENDOR,19872.56,0.0,592858.12,Yes,93,19872.56,Debit,Yes,No,Reconciled,No
BTX000952,Bank - CBZ USD Current,2025-09-18,2025-09-20,MOBILE PAYMENT,0.0,31862.32,624720.44,Yes,210,31862.32,Credit,Yes,No,Reconciled,No
BTX000953,Bank - CBZ USD Current,2024-05-29,2024-05-29,MOBILE PAYMENT,627.14,0.0,624093.3,Yes,12,627.14,Debit,Yes,No,Reconciled,No
BTX000954,Bank - CBZ USD Current,2025-07-14,2025-07-15,DIRECT DEBIT,0.0,44132.93,668226.23,Yes,0,44132.93,Credit,Yes,No,Reconciled,No
BTX000955,Bank - CBZ USD Current,2025-04-07,2025-04-09,VAT PAYMENT,796.34,0.0,667429.89,Yes,0,796.34,Debit,Yes,No,Reconciled,No
BTX000956,Bank - CBZ USD Current,2025-07-13,2025-07-13,CASH DEPOSIT,0.0,37092.61,704522.5,Yes,3,37092.61,Credit,Yes,No,Reconciled,No
BTX000957,Bank - CBZ USD Current,2025-04-05,2025-04-05,BANK CHARGES,5503.79,0.0,699018.71,Yes,12,5503.79,Debit,Yes,No,Reconciled,No
BTX000958,Bank - CBZ USD Current,2024-07-24,2024-07-25,BANK CHARGES,15681.03,0.0,683337.68,Yes,46,15681.03,Debit,Yes,No,Reconciled,No
BTX000959,Bank - CBZ USD Current,2024-06-08,2024-06-10,DIRECT DEBIT,0.0,42078.41,725416.09,No,0,42078.41,Credit,No,Yes,0-30 days,No
BTX000960,Bank - CBZ USD Current,2025-04-12,2025-04-13,PAYMENT VENDOR,22755.42,0.0,702660.67,Yes,0,22755.42,Debit,Yes,No,Reconciled,No
BTX000961,Bank - CBZ USD Current,2025-06-29,2025-07-01,FX CONVERSION,6801.88,0.0,695858.79,Yes,12,6801.88,Debit,Yes,No,Reconciled,No
BTX000962,Bank - CBZ USD Current,2024-01-30,2024-01-31,BANK CHARGES,5798.79,0.0,690060.0,Yes,3,5798.79,Debit,Yes,No,Reconciled,No
BTX000963,Bank - CBZ USD Current,2024-09-12,2024-09-14,FX CONVERSION,0.0,15938.43,705998.43,Yes,12,15938.43,Credit,Yes,No,Reconciled,No
BTX000964,Bank - CBZ USD Current,2025-07-05,2025-07-06,TRF FROM CUSTOMER,0.0,4688.97,710687.4,Yes,12,4688.97,Credit,Yes,No,Reconciled,No
BTX000965,Bank - CBZ USD Current,2024-07-07,2024-07-09,SALARY PAYMENT,0.0,22967.06,733654.46,Yes,0,22967.06,Credit,Yes,No,Reconciled,No
BTX000966,Bank - CBZ USD Current,2024-11-03,2024-11-05,DIRECT DEBIT,11920.11,0.0,721734.35,Yes,93,11920.11,Debit,Yes,No,Reconciled,No
BTX000967,Bank - CBZ USD Current,2024-09-15,2024-09-16,VAT PAYMENT,12396.48,0.0,709337.87,Yes,0,12396.48,Debit,Yes,No,Reconciled,No
BTX000968,Bank - CBZ USD Current,2025-06-19,2025-06-19,FX CONVERSION,11450.4,0.0,697887.47,Yes,46,11450.4,Debit,Yes,No,Reconciled,No
BTX000969,Bank - CBZ USD Current,2025-02-02,2025-02-03,MOBILE PAYMENT,6122.89,0.0,691764.58,Yes,210,6122.89,Debit,Yes,No,Reconciled,No
BTX000970,Bank - CBZ USD Current,2024-03-02,2024-03-03,VAT PAYMENT,11825.91,0.0,679938.67,Yes,3,11825.91,Debit,Yes,No,Reconciled,No
BTX000971,Bank - CBZ USD Current,2024-12-15,2024-12-17,PAYMENT VENDOR,920.82,0.0,679017.85,Yes,46,920.82,Debit,Yes,No,Reconciled,No
BTX000972,Bank - CBZ USD Current,2025-04-27,2025-04-28,INTEREST CREDIT,1695.1,0.0,677322.75,Yes,93,1695.1,Debit,Yes,No,Reconciled,No
BTX000973,Bank - CBZ USD Current,2025-07-28,2025-07-28,VAT PAYMENT,14159.4,0.0,663163.35,Yes,12,14159.4,Debit,Yes,No,Reconciled,No
BTX000974,Bank - CBZ USD Current,2025-05-03,2025-05-04,PAYMENT VENDOR,5094.26,0.0,658069.09,Yes,46,5094.26,Debit,Yes,No,Reconciled,No
BTX000975,Bank - CBZ USD Current,2024-09-29,2024-09-30,MOBILE PAYMENT,0.0,33134.58,691203.67,Yes,0,33134.58,Credit,Yes,No,Reconciled,No
BTX000976,Bank - CBZ USD Current,2024-02-20,2024-02-22,PAYMENT VENDOR,0.0,7486.76,698690.43,Yes,0,7486.76,Credit,Yes,No,Reconciled,No
BTX000977,Bank - CBZ USD Current,2025-09-01,2025-09-01,TRF FROM CUSTOMER,0.0,47098.16,745788.59,Yes,12,47098.16,Credit,Yes,No,Reconciled,No
BTX000978,Bank - CBZ USD Current,2024-03-12,2024-03-12,VAT PAYMENT,0.0,2645.58,748434.17,Yes,3,2645.58,Credit,Yes,No,Reconciled,No
BTX000979,Bank - CBZ USD Current,2024-05-15,2024-05-16,BANK CHARGES,0.0,8576.2,757010.37,Yes,0,8576.2,Credit,Yes,No,Reconciled,No
BTX000980,Bank - CBZ USD Current,2025-09-01,2025-09-02,FX CONVERSION,44898.79,0.0,712111.58,Yes,3,44898.79,Debit,Yes,No,Reconciled,No
BTX000981,Bank - CBZ USD Current,2025-07-16,2025-07-16,SALARY PAYMENT,0.0,2769.82,714881.4,Yes,46,2769.82,Credit,Yes,No,Reconciled,No
BTX000982,Bank - CBZ USD Current,2024-01-27,2024-01-27,BANK CHARGES,0.0,27771.39,742652.79,Yes,0,27771.39,Credit,Yes,No,Reconciled,No
BTX000983,Bank - CBZ USD Current,2025-04-28,2025-04-28,INTEREST CREDIT,0.0,50694.65,793347.44,Yes,210,50694.65,Credit,Yes,No,Reconciled,No
BTX000984,Bank - CBZ USD Current,2025-07-02,2025-07-04,INTEREST CREDIT,17855.19,0.0,775492.25,Yes,0,17855.19,Debit,Yes,No,Reconciled,No
BTX000985,Bank - CBZ USD Current,2024-04-29,2024-04-29,SALARY PAYMENT,13587.29,0.0,761904.96,Yes,0,13587.29,Debit,Yes,No,Reconciled,No
BTX000986,Bank - CBZ USD Current,2024-02-25,2024-02-27,FX CONVERSION,1960.64,0.0,759944.32,Yes,46,1960.64,Debit,Yes,No,Reconciled,No
BTX000987,Bank - CBZ USD Current,2024-12-24,2024-12-26,VAT PAYMENT,0.0,11632.11,771576.43,Yes,0,11632.11,Credit,Yes,No,Reconciled,No
BTX000988,Bank - CBZ USD Current,2025-02-12,2025-02-14,SALARY PAYMENT,905.63,0.0,770670.8,Yes,0,905.63,Debit,Yes,No,Reconciled,No
BTX000989,Bank - CBZ USD Current,2024-07-28,2024-07-28,FX CONVERSION,0.0,34173.07,804843.87,Yes,46,34173.07,Credit,Yes,No,Reconciled,No
BTX000990,Bank - CBZ USD Current,2025-08-02,2025-08-02,PAYMENT VENDOR,29203.53,0.0,775640.34,Yes,210,29203.53,Debit,Yes,No,Reconciled,No
BTX000991,Bank - CBZ USD Current,2025-06-09,2025-06-10,MOBILE PAYMENT,18151.72,0.0,757488.62,No,0,18151.72,Debit,No,Yes,0-30 days,No
BTX000992,Bank - CBZ USD Current,2024-11-03,2024-11-04,MOBILE PAYMENT,43402.87,0.0,714085.75,Yes,93,43402.87,Debit,Yes,No,Reconciled,No
BTX000993,Bank - CBZ USD Current,2024-12-09,2024-12-10,VAT PAYMENT,5564.42,0.0,708521.33,Yes,3,5564.42,Debit,Yes,No,Reconciled,No
BTX000994,Bank - CBZ USD Current,2025-08-18,2025-08-19,DIRECT DEBIT,25943.32,0.0,682578.01,Yes,12,25943.32,Debit,Yes,No,Reconciled,No
BTX000995,Bank - CBZ USD Current,2024-11-18,2024-11-20,BANK CHARGES,1054.24,0.0,681523.77,Yes,3,1054.24,Debit,Yes,No,Reconciled,No
BTX000996,Bank - CBZ USD Current,2024-12-27,2024-12-29,MOBILE PAYMENT,2835.9,0.0,678687.87,Yes,0,2835.9,Debit,Yes,No,Reconciled,No
BTX000997,Bank - CBZ USD Current,2025-07-20,2025-07-22,MOBILE PAYMENT,0.0,34254.93,712942.8,Yes,0,34254.93,Credit,Yes,No,Reconciled,No
BTX000998,Bank - CBZ USD Current,2025-04-08,2025-04-08,PAYMENT VENDOR,0.0,17909.51,730852.31,Yes,0,17909.51,Credit,Yes,No,Reconciled,No
BTX000999,Bank - CBZ USD Current,2024-03-01,2024-03-03,SALARY PAYMENT,11636.23,0.0,719216.08,Yes,12,11636.23,Debit,Yes,No,Reconciled,No
BTX001000,Bank - CBZ USD Current,2025-02-04,2025-02-05,INTEREST CREDIT,759.58,0.0,718456.5,Yes,3,759.58,Debit,Yes,No,Reconciled,No
BTX001001,Bank - CBZ USD Current,2025-01-03,2025-01-04,DIRECT DEBIT,7682.91,0.0,710773.59,Yes,46,7682.91,Debit,Yes,No,Reconciled,No
BTX001002,Bank - CBZ USD Current,2024-10-17,2024-10-18,TRF FROM CUSTOMER,0.0,1773.2,712546.79,Yes,93,1773.2,Credit,Yes,No,Reconciled,No
BTX001003,Bank - CBZ USD Current,2024-07-26,2024-07-28,CASH DEPOSIT,721.33,0.0,711825.46,Yes,46,721.33,Debit,Yes,No,Reconciled,No
BTX001004,Bank - CBZ USD Current,2025-03-29,2025-03-31,DIRECT DEBIT,0.0,21215.15,733040.61,Yes,3,21215.15,Credit,Yes,No,Reconciled,No
BTX001005,Bank - CBZ USD Current,2024-11-03,2024-11-05,TRF FROM CUSTOMER,0.0,51125.44,784166.05,Yes,93,51125.44,Credit,Yes,No,Reconciled,No
BTX001006,Bank - CBZ USD Current,2024-04-25,2024-04-25,CASH DEPOSIT,0.0,5327.54,789493.59,Yes,0,5327.54,Credit,Yes,No,Reconciled,No
BTX001007,Bank - CBZ USD Current,2025-06-07,2025-06-08,INTEREST CREDIT,0.0,852.1,790345.69,No,93,852.1,Credit,No,Yes,Over 90 days,Yes
BTX001008,Bank - CBZ USD Current,2025-09-19,2025-09-20,VAT PAYMENT,10428.92,0.0,779916.77,Yes,0,10428.92,Debit,Yes,No,Reconciled,No
BTX001009,Bank - CBZ USD Current,2025-02-27,2025-03-01,DIRECT DEBIT,0.0,14265.75,794182.52,Yes,210,14265.75,Credit,Yes,No,Reconciled,No
BTX001010,Bank - CBZ USD Current,2025-09-25,2025-09-25,MOBILE PAYMENT,0.0,47795.84,841978.36,Yes,0,47795.84,Credit,Yes,No,Reconciled,No
BTX001011,Bank - CBZ USD Current,2024-11-28,2024-11-29,SALARY PAYMENT,4287.52,0.0,837690.84,Yes,0,4287.52,Debit,Yes,No,Reconciled,No
BTX001012,Bank - CBZ USD Current,2024-01-27,2024-01-29,FX CONVERSION,0.0,2591.25,840282.09,Yes,0,2591.25,Credit,Yes,No,Reconciled,No
BTX001013,Bank - CBZ USD Current,2024-01-09,2024-01-11,TRF FROM CUSTOMER,9103.64,0.0,831178.45,Yes,210,9103.64,Debit,Yes,No,Reconciled,No
BTX001014,Bank - CBZ USD Current,2024-01-15,2024-01-16,CASH DEPOSIT,34804.78,0.0,796373.67,Yes,210,34804.78,Debit,Yes,No,Reconciled,No
BTX001015,Bank - CBZ USD Current,2025-01-29,2025-01-29,BANK CHARGES,37992.96,0.0,758380.71,No,0,37992.96,Debit,No,Yes,0-30 days,No
BTX001016,Bank - CBZ USD Current,2025-04-26,2025-04-26,TRF FROM CUSTOMER,0.0,61575.01,819955.72,Yes,12,61575.01,Credit,Yes,No,Reconciled,No
BTX001017,Bank - CBZ USD Current,2025-07-17,2025-07-19,MOBILE PAYMENT,18724.4,0.0,801231.32,Yes,0,18724.4,Debit,Yes,No,Reconciled,No
BTX001018,Bank - CBZ USD Current,2025-05-29,2025-05-31,INTEREST CREDIT,0.0,790.69,802022.01,Yes,0,790.69,Credit,Yes,No,Reconciled,No
BTX001019,Bank - CBZ USD Current,2025-09-28,2025-09-29,DIRECT DEBIT,6943.41,0.0,795078.6,Yes,3,6943.41,Debit,Yes,No,Reconciled,No
BTX001020,Bank - CBZ USD Current,2025-08-10,2025-08-12,MOBILE PAYMENT,1006.09,0.0,794072.51,Yes,0,1006.09,Debit,Yes,No,Reconciled,No
BTX001021,Bank - CBZ USD Current,2024-05-14,2024-05-16,DIRECT DEBIT,19464.05,0.0,774608.46,Yes,3,19464.05,Debit,Yes,No,Reconciled,No
BTX001022,Bank - CBZ USD Current,2025-03-12,2025-03-13,VAT PAYMENT,0.0,2768.08,777376.54,Yes,93,2768.08,Credit,Yes,No,Reconciled,No
BTX001023,Bank - CBZ USD Current,2025-08-26,2025-08-26,TRF FROM CUSTOMER,60015.42,0.0,717361.12,Yes,0,60015.42,Debit,Yes,No,Reconciled,No
BTX001024,Bank - CBZ USD Current,2024-12-28,2024-12-30,INTEREST CREDIT,2116.54,0.0,715244.58,Yes,3,2116.54,Debit,Yes,No,Reconciled,No
BTX001025,Bank - CBZ USD Current,2025-04-12,2025-04-13,TRF FROM CUSTOMER,0.0,13670.97,728915.55,Yes,46,13670.97,Credit,Yes,No,Reconciled,No
BTX001026,Bank - CBZ USD Current,2024-08-06,2024-08-08,PAYMENT VENDOR,0.0,17178.69,746094.24,Yes,93,17178.69,Credit,Yes,No,Reconciled,No
BTX001027,Bank - CBZ USD Current,2024-10-14,2024-10-16,PAYMENT VENDOR,41054.25,0.0,705039.99,Yes,93,41054.25,Debit,Yes,No,Reconciled,No
BTX001028,Bank - CBZ USD Current,2024-03-07,2024-03-09,DIRECT DEBIT,24980.75,0.0,680059.24,Yes,12,24980.75,Debit,Yes,No,Reconciled,No
BTX001029,Bank - CBZ USD Current,2024-09-07,2024-09-09,MOBILE PAYMENT,19256.66,0.0,660802.58,Yes,210,19256.66,Debit,Yes,No,Reconciled,No
BTX001030,Bank - CBZ USD Current,2025-04-08,2025-04-08,DIRECT DEBIT,939.52,0.0,659863.06,No,12,939.52,Debit,No,Yes,0-30 days,No
BTX001031,Bank - CBZ USD Current,2024-10-02,2024-10-02,MOBILE PAYMENT,18307.83,0.0,641555.23,Yes,3,18307.83,Debit,Yes,No,Reconciled,No
BTX001032,Bank - CBZ USD Current,2024-10-18,2024-10-19,DIRECT DEBIT,15943.04,0.0,625612.19,Yes,0,15943.04,Debit,Yes,No,Reconciled,No
BTX001033,Bank - CBZ USD Current,2025-04-26,2025-04-28,PAYMENT VENDOR,10687.25,0.0,614924.94,Yes,46,10687.25,Debit,Yes,No,Reconciled,No
BTX001034,Bank - CBZ USD Current,2025-08-09,2025-08-11,BANK CHARGES,40876.17,0.0,574048.77,No,0,40876.17,Debit,No,Yes,0-30 days,No
BTX001035,Bank - CBZ USD Current,2025-09-10,2025-09-11,CASH DEPOSIT,53714.19,0.0,520334.58,Yes,0,53714.19,Debit,Yes,No,Reconciled,No
BTX001036,Bank - CBZ USD Current,2025-09-26,2025-09-28,BANK CHARGES,16578.76,0.0,503755.82,Yes,0,16578.76,Debit,Yes,No,Reconciled,No
BTX001037,Bank - CBZ USD Current,2024-01-20,2024-01-20,MOBILE PAYMENT,0.0,657.6,504413.42,Yes,3,657.6,Credit,Yes,No,Reconciled,No
BTX001038,Bank - CBZ USD Current,2024-07-07,2024-07-07,INTEREST CREDIT,7742.05,0.0,496671.37,Yes,93,7742.05,Debit,Yes,No,Reconciled,No
BTX001039,Bank - CBZ USD Current,2024-03-26,2024-03-26,INTEREST CREDIT,0.0,10126.72,506798.09,Yes,0,10126.72,Credit,Yes,No,Reconciled,No
BTX001040,Bank - CBZ USD Current,2024-08-08,2024-08-09,CASH DEPOSIT,38757.33,0.0,468040.76,Yes,93,38757.33,Debit,Yes,No,Reconciled,No
BTX001041,Bank - CBZ USD Current,2024-12-12,2024-12-14,SALARY PAYMENT,0.0,895.12,468935.88,Yes,46,895.12,Credit,Yes,No,Reconciled,No
BTX001042,Bank - CBZ USD Current,2024-02-24,2024-02-25,DIRECT DEBIT,0.0,56002.49,524938.37,Yes,93,56002.49,Credit,Yes,No,Reconciled,No
BTX001043,Bank - CBZ USD Current,2025-01-15,2025-01-17,VAT PAYMENT,12158.04,0.0,512780.33,Yes,93,12158.04,Debit,Yes,No,Reconciled,No
BTX001044,Bank - CBZ USD Current,2024-07-27,2024-07-27,VAT PAYMENT,0.0,14817.48,527597.81,Yes,46,14817.48,Credit,Yes,No,Reconciled,No
BTX001045,Bank - CBZ USD Current,2024-08-24,2024-08-24,CASH DEPOSIT,23912.49,0.0,503685.32,Yes,12,23912.49,Debit,Yes,No,Reconciled,No
BTX001046,Bank - CBZ USD Current,2024-01-25,2024-01-25,VAT PAYMENT,61156.41,0.0,442528.91,Yes,46,61156.41,Debit,Yes,No,Reconciled,No
BTX001047,Bank - CBZ USD Current,2024-10-15,2024-10-15,DIRECT DEBIT,0.0,40606.82,483135.73,Yes,0,40606.82,Credit,Yes,No,Reconciled,No
BTX001048,Bank - CBZ USD Current,2024-06-30,2024-07-01,CASH DEPOSIT,0.0,35582.97,518718.7,Yes,3,35582.97,Credit,Yes,No,Reconciled,No
BTX001049,Bank - CBZ USD Current,2025-02-26,2025-02-26,VAT PAYMENT,6055.74,0.0,512662.96,Yes,0,6055.74,Debit,Yes,No,Reconciled,No
BTX001050,Bank - CBZ USD Current,2024-12-31,2025-01-01,TRF FROM CUSTOMER,0.0,4433.7,517096.66,Yes,46,4433.7,Credit,Yes,No,Reconciled,No
BTX001051,Bank - CBZ USD Current,2024-01-06,2024-01-07,TRF FROM CUSTOMER,0.0,9592.19,526688.85,Yes,210,9592.19,Credit,Yes,No,Reconciled,No
BTX001052,Bank - CBZ USD Current,2024-07-10,2024-07-10,INTEREST CREDIT,11547.92,0.0,515140.93,Yes,3,11547.92,Debit,Yes,No,Reconciled,No
BTX001053,Bank - CBZ USD Current,2024-01-16,2024-01-16,CASH DEPOSIT,0.0,866.02,516006.95,Yes,46,866.02,Credit,Yes,No,Reconciled,No
BTX001054,Bank - CBZ USD Current,2025-05-18,2025-05-19,PAYMENT VENDOR,19664.79,0.0,496342.16,No,0,19664.79,Debit,No,Yes,0-30 days,No
BTX001055,Bank - CBZ USD Current,2024-02-24,2024-02-26,PAYMENT VENDOR,0.0,1661.92,498004.08,Yes,93,1661.92,Credit,Yes,No,Reconciled,No
BTX001056,Bank - CBZ USD Current,2024-12-08,2024-12-10,TRF FROM CUSTOMER,0.0,59332.45,557336.53,Yes,46,59332.45,Credit,Yes,No,Reconciled,No
BTX001057,Bank - CBZ USD Current,2024-12-03,2024-12-05,INTEREST CREDIT,871.69,0.0,556464.84,Yes,0,871.69,Debit,Yes,No,Reconciled,No
BTX001058,Bank - CBZ USD Current,2024-05-23,2024-05-23,CASH DEPOSIT,0.0,6803.93,563268.77,Yes,0,6803.93,Credit,Yes,No,Reconciled,No
BTX001059,Bank - CBZ USD Current,2025-08-22,2025-08-24,SALARY PAYMENT,0.0,1078.6,564347.37,Yes,0,1078.6,Credit,Yes,No,Reconciled,No
BTX001060,Bank - CBZ USD Current,2025-04-28,2025-04-30,MOBILE PAYMENT,9302.42,0.0,555044.95,Yes,210,9302.42,Debit,Yes,No,Reconciled,No
BTX001061,Bank - CBZ USD Current,2024-02-12,2024-02-14,MOBILE PAYMENT,16873.12,0.0,538171.83,Yes,93,16873.12,Debit,Yes,No,Reconciled,No
BTX001062,Bank - CBZ USD Current,2025-02-27,2025-02-27,CASH DEPOSIT,18292.03,0.0,519879.8,Yes,0,18292.03,Debit,Yes,No,Reconciled,No
BTX001063,Bank - CBZ USD Current,2024-12-13,2024-12-13,FX CONVERSION,0.0,902.87,520782.67,Yes,3,902.87,Credit,Yes,No,Reconciled,No
BTX001064,Bank - CBZ USD Current,2024-11-16,2024-11-17,INTEREST CREDIT,0.0,19218.76,540001.43,Yes,93,19218.76,Credit,Yes,No,Reconciled,No
BTX001065,Bank - CBZ USD Current,2025-03-26,2025-03-28,BANK CHARGES,9875.85,0.0,530125.58,Yes,3,9875.85,Debit,Yes,No,Reconciled,No
BTX001066,Bank - CBZ USD Current,2025-04-02,2025-04-03,DIRECT DEBIT,0.0,2778.69,532904.27,Yes,0,2778.69,Credit,Yes,No,Reconciled,No
BTX001067,Bank - CBZ USD Current,2024-07-14,2024-07-15,PAYMENT VENDOR,18488.69,0.0,514415.58,Yes,46,18488.69,Debit,Yes,No,Reconciled,No
BTX001068,Bank - CBZ USD Current,2025-09-30,2025-10-02,FX CONVERSION,37947.92,0.0,476467.66,Yes,210,37947.92,Debit,Yes,No,Reconciled,No
BTX001069,Bank - CBZ USD Current,2024-09-21,2024-09-22,PAYMENT VENDOR,52229.53,0.0,424238.13,Yes,93,52229.53,Debit,Yes,No,Reconciled,No
BTX001070,Bank - CBZ USD Current,2025-05-29,2025-05-29,CASH DEPOSIT,0.0,6812.45,431050.58,Yes,93,6812.45,Credit,Yes,No,Reconciled,No
BTX001071,Bank - CBZ USD Current,2024-02-05,2024-02-06,MOBILE PAYMENT,0.0,970.54,432021.12,Yes,210,970.54,Credit,Yes,No,Reconciled,No
BTX001072,Bank - CBZ USD Current,2025-06-04,2025-06-04,TRF FROM CUSTOMER,0.0,688.81,432709.93,Yes,0,688.81,Credit,Yes,No,Reconciled,No
BTX001073,Bank - CBZ USD Current,2024-07-16,2024-07-16,SALARY PAYMENT,29847.82,0.0,402862.11,No,12,29847.82,Debit,No,Yes,0-30 days,No
BTX001074,Bank - CBZ USD Current,2025-07-19,2025-07-19,DIRECT DEBIT,0.0,14467.14,417329.25,Yes,0,14467.14,Credit,Yes,No,Reconciled,No
BTX001075,Bank - CBZ USD Current,2025-09-03,2025-09-04,MOBILE PAYMENT,0.0,7299.42,424628.67,Yes,3,7299.42,Credit,Yes,No,Reconciled,No
BTX001076,Bank - CBZ USD Current,2024-01-23,2024-01-24,INTEREST CREDIT,695.72,0.0,423932.95,Yes,0,695.72,Debit,Yes,No,Reconciled,No
BTX001077,Bank - CBZ USD Current,2024-10-29,2024-10-31,FX CONVERSION,54361.75,0.0,369571.2,Yes,210,54361.75,Debit,Yes,No,Reconciled,No
BTX001078,Bank - CBZ USD Current,2025-05-27,2025-05-29,INTEREST CREDIT,2071.61,0.0,367499.59,Yes,46,2071.61,Debit,Yes,No,Reconciled,No
BTX001079,Bank - CBZ USD Current,2024-02-10,2024-02-11,DIRECT DEBIT,0.0,49188.69,416688.28,Yes,0,49188.69,Credit,Yes,No,Reconciled,No
BTX001080,Bank - CBZ USD Current,2024-06-30,2024-07-01,TRF FROM CUSTOMER,48958.03,0.0,367730.25,Yes,3,48958.03,Debit,Yes,No,Reconciled,No
BTX001081,Bank - CBZ USD Current,2024-05-02,2024-05-03,VAT PAYMENT,0.0,27100.43,394830.68,No,0,27100.43,Credit,No,Yes,0-30 days,No
BTX001082,Bank - CBZ USD Current,2025-04-21,2025-04-21,TRF FROM CUSTOMER,12408.43,0.0,382422.25,Yes,0,12408.43,Debit,Yes,No,Reconciled,No
BTX001083,Bank - CBZ USD Current,2024-10-21,2024-10-22,VAT PAYMENT,0.0,11084.85,393507.1,Yes,46,11084.85,Credit,Yes,No,Reconciled,No
BTX001084,Bank - CBZ USD Current,2024-05-17,2024-05-18,VAT PAYMENT,0.0,2191.31,395698.41,No,0,2191.31,Credit,No,Yes,0-30 days,No
BTX001085,Bank - CBZ USD Current,2025-04-23,2025-04-24,MOBILE PAYMENT,0.0,5397.83,401096.24,No,0,5397.83,Credit,No,Yes,0-30 days,No
BTX001086,Bank - CBZ USD Current,2025-01-05,2025-01-06,BANK CHARGES,11351.96,0.0,389744.28,Yes,3,11351.96,Debit,Yes,No,Reconciled,No
BTX001087,Bank - CBZ USD Current,2025-07-01,2025-07-01,SALARY PAYMENT,39182.92,0.0,350561.36,Yes,3,39182.92,Debit,Yes,No,Reconciled,No
BTX001088,Bank - CBZ USD Current,2024-11-19,2024-11-20,TRF FROM CUSTOMER,19017.13,0.0,331544.23,Yes,3,19017.13,Debit,Yes,No,Reconciled,No
BTX001089,Bank - CBZ USD Current,2024-07-02,2024-07-04,PAYMENT VENDOR,0.0,4779.21,336323.44,Yes,0,4779.21,Credit,Yes,No,Reconciled,No
BTX001090,Bank - CBZ USD Current,2025-09-06,2025-09-06,DIRECT DEBIT,0.0,12145.59,348469.03,Yes,46,12145.59,Credit,Yes,No,Reconciled,No
BTX001091,Bank - CBZ USD Current,2025-09-26,2025-09-28,MOBILE PAYMENT,733.7,0.0,347735.33,Yes,0,733.7,Debit,Yes,No,Reconciled,No
BTX001092,Bank - CBZ USD Current,2025-08-10,2025-08-12,PAYMENT VENDOR,6579.18,0.0,341156.15,Yes,12,6579.18,Debit,Yes,No,Reconciled,No
BTX001093,Bank - CBZ USD Current,2024-04-27,2024-04-28,TRF FROM CUSTOMER,942.02,0.0,340214.13,Yes,210,942.02,Debit,Yes,No,Reconciled,No
BTX001094,Bank - CBZ USD Current,2024-09-06,2024-09-08,PAYMENT VENDOR,0.0,650.52,340864.65,Yes,210,650.52,Credit,Yes,No,Reconciled,No
BTX001095,Bank - CBZ USD Current,2024-05-20,2024-05-21,FX CONVERSION,0.0,6979.34,347843.99,Yes,12,6979.34,Credit,Yes,No,Reconciled,No
BTX001096,Bank - CBZ USD Current,2025-06-17,2025-06-19,FX CONVERSION,0.0,6615.15,354459.14,Yes,0,6615.15,Credit,Yes,No,Reconciled,No
BTX001097,Bank - CBZ USD Current,2024-02-29,2024-02-29,DIRECT DEBIT,33311.17,0.0,321147.97,Yes,210,33311.17,Debit,Yes,No,Reconciled,No
BTX001098,Bank - CBZ USD Current,2025-06-05,2025-06-06,DIRECT DEBIT,1652.95,0.0,319495.02,Yes,0,1652.95,Debit,Yes,No,Reconciled,No
BTX001099,Bank - CBZ USD Current,2024-08-19,2024-08-19,FX CONVERSION,44860.44,0.0,274634.58,Yes,0,44860.44,Debit,Yes,No,Reconciled,No
BTX001100,Bank - CBZ USD Current,2025-01-28,2025-01-28,SALARY PAYMENT,0.0,46792.38,321426.96,Yes,0,46792.38,Credit,Yes,No,Reconciled,No
BTX001101,Bank - CBZ USD Current,2024-10-02,2024-10-02,INTEREST CREDIT,0.0,11682.51,333109.47,Yes,46,11682.51,Credit,Yes,No,Reconciled,No
BTX001102,Bank - CBZ USD Current,2025-03-04,2025-03-04,MOBILE PAYMENT,0.0,42133.51,375242.98,Yes,12,42133.51,Credit,Yes,No,Reconciled,No
BTX001103,Bank - CBZ USD Current,2024-06-05,2024-06-07,CASH DEPOSIT,0.0,5379.86,380622.84,Yes,210,5379.86,Credit,Yes,No,Reconciled,No
BTX001104,Bank - CBZ USD Current,2024-07-29,2024-07-30,DIRECT DEBIT,0.0,34880.43,415503.27,Yes,210,34880.43,Credit,Yes,No,Reconciled,No
BTX001105,Bank - CBZ USD Current,2024-02-09,2024-02-09,TRF FROM CUSTOMER,0.0,33045.51,448548.78,Yes,0,33045.51,Credit,Yes,No,Reconciled,No
BTX001106,Bank - CBZ USD Current,2024-10-11,2024-10-13,DIRECT DEBIT,5279.44,0.0,443269.34,Yes,210,5279.44,Debit,Yes,No,Reconciled,No
BTX001107,Bank - CBZ USD Current,2024-01-09,2024-01-10,MOBILE PAYMENT,0.0,24906.44,468175.78,Yes,93,24906.44,Credit,Yes,No,Reconciled,No
BTX001108,Bank - CBZ USD Current,2025-07-20,2025-07-22,SALARY PAYMENT,4386.96,0.0,463788.82,Yes,0,4386.96,Debit,Yes,No,Reconciled,No
BTX001109,Bank - CBZ USD Current,2024-06-26,2024-06-27,CASH DEPOSIT,0.0,19279.1,483067.92,Yes,46,19279.1,Credit,Yes,No,Reconciled,No
BTX001110,Bank - CBZ USD Current,2025-05-16,2025-05-18,INTEREST CREDIT,0.0,2247.9,485315.82,Yes,46,2247.9,Credit,Yes,No,Reconciled,No
BTX001111,Bank - CBZ USD Current,2024-03-11,2024-03-11,TRF FROM CUSTOMER,61065.48,0.0,424250.34,Yes,12,61065.48,Debit,Yes,No,Reconciled,No
BTX001112,Bank - CBZ USD Current,2025-01-20,2025-01-20,MOBILE PAYMENT,0.0,5060.25,429310.59,Yes,46,5060.25,Credit,Yes,No,Reconciled,No
BTX001113,Bank - CBZ USD Current,2025-01-12,2025-01-12,DIRECT DEBIT,10702.27,0.0,418608.32,Yes,0,10702.27,Debit,Yes,No,Reconciled,No
BTX001114,Bank - CBZ USD Current,2024-07-05,2024-07-05,FX CONVERSION,624.45,0.0,417983.87,Yes,3,624.45,Debit,Yes,No,Reconciled,No
BTX001115,Bank - CBZ USD Current,2024-08-28,2024-08-29,BANK CHARGES,2168.24,0.0,415815.63,Yes,46,2168.24,Debit,Yes,No,Reconciled,No
BTX001116,Bank - CBZ USD Current,2024-02-09,2024-02-10,BANK CHARGES,34050.76,0.0,381764.87,Yes,46,34050.76,Debit,Yes,No,Reconciled,No
BTX001117,Bank - CBZ USD Current,2025-09-15,2025-09-17,INTEREST CREDIT,35489.44,0.0,346275.43,Yes,0,35489.44,Debit,Yes,No,Reconciled,No
BTX001118,Bank - CBZ USD Current,2024-12-05,2024-12-06,MOBILE PAYMENT,7671.81,0.0,338603.62,Yes,93,7671.81,Debit,Yes,No,Reconciled,No
BTX001119,Bank - CBZ USD Current,2025-05-17,2025-05-17,INTEREST CREDIT,59827.92,0.0,278775.7,Yes,46,59827.92,Debit,Yes,No,Reconciled,No
BTX001120,Bank - CBZ USD Current,2024-12-01,2024-12-03,CASH DEPOSIT,20189.21,0.0,258586.49,Yes,0,20189.21,Debit,Yes,No,Reconciled,No
BTX001121,Bank - CBZ USD Current,2024-05-01,2024-05-02,CASH DEPOSIT,17159.43,0.0,241427.06,No,12,17159.43,Debit,No,Yes,0-30 days,No
BTX001122,Bank - CBZ USD Current,2024-10-17,2024-10-18,BANK CHARGES,6612.67,0.0,234814.39,Yes,0,6612.67,Debit,Yes,No,Reconciled,No
BTX001123,Bank - CBZ USD Current,2024-12-06,2024-12-07,PAYMENT VENDOR,0.0,750.27,235564.66,Yes,3,750.27,Credit,Yes,No,Reconciled,No
BTX001124,Bank - CBZ USD Current,2025-09-07,2025-09-09,VAT PAYMENT,12782.05,0.0,222782.61,Yes,0,12782.05,Debit,Yes,No,Reconciled,No
BTX001125,Bank - CBZ USD Current,2025-06-17,2025-06-17,VAT PAYMENT,0.0,56780.14,279562.75,Yes,12,56780.14,Credit,Yes,No,Reconciled,No
BTX001126,Bank - CBZ USD Current,2024-01-06,2024-01-06,CASH DEPOSIT,8155.21,0.0,271407.54,Yes,12,8155.21,Debit,Yes,No,Reconciled,No
BTX001127,Bank - CBZ USD Current,2024-12-19,2024-12-21,BANK CHARGES,33730.22,0.0,237677.32,Yes,0,33730.22,Debit,Yes,No,Reconciled,No
BTX001128,Bank - CBZ USD Current,2025-02-17,2025-02-18,FX CONVERSION,0.0,4730.19,242407.51,Yes,0,4730.19,Credit,Yes,No,Reconciled,No
BTX001129,Bank - CBZ USD Current,2025-02-24,2025-02-25,CASH DEPOSIT,0.0,51288.01,293695.52,Yes,0,51288.01,Credit,Yes,No,Reconciled,No
BTX001130,Bank - CBZ USD Current,2024-08-19,2024-08-19,TRF FROM CUSTOMER,0.0,666.13,294361.65,Yes,0,666.13,Credit,Yes,No,Reconciled,No
BTX001131,Bank - CBZ USD Current,2024-02-11,2024-02-11,FX CONVERSION,0.0,4376.79,298738.44,No,0,4376.79,Credit,No,Yes,0-30 days,No
BTX001132,Bank - CBZ USD Current,2024-11-23,2024-11-25,VAT PAYMENT,0.0,6519.17,305257.61,Yes,46,6519.17,Credit,Yes,No,Reconciled,No
BTX001133,Bank - CBZ USD Current,2024-03-23,2024-03-23,BANK CHARGES,25143.96,0.0,280113.65,Yes,3,25143.96,Debit,Yes,No,Reconciled,No
BTX001134,Bank - CBZ USD Current,2025-01-25,2025-01-25,CASH DEPOSIT,0.0,1808.35,281922.0,Yes,46,1808.35,Credit,Yes,No,Reconciled,No
BTX001135,Bank - CBZ USD Current,2025-02-08,2025-02-08,VAT PAYMENT,0.0,29453.08,311375.08,Yes,0,29453.08,Credit,Yes,No,Reconciled,No
BTX001136,Bank - CBZ USD Current,2025-02-11,2025-02-12,SALARY PAYMENT,0.0,12622.31,323997.39,Yes,46,12622.31,Credit,Yes,No,Reconciled,No
BTX001137,Bank - CBZ USD Current,2024-04-01,2024-04-01,VAT PAYMENT,0.0,37765.15,361762.54,Yes,210,37765.15,Credit,Yes,No,Reconciled,No
BTX001138,Bank - CBZ USD Current,2024-05-13,2024-05-14,TRF FROM CUSTOMER,0.0,44933.6,406696.14,Yes,0,44933.6,Credit,Yes,No,Reconciled,No
BTX001139,Bank - CBZ USD Current,2025-02-06,2025-02-06,MOBILE PAYMENT,0.0,17289.08,423985.22,Yes,46,17289.08,Credit,Yes,No,Reconciled,No
BTX001140,Bank - CBZ USD Current,2025-05-29,2025-05-29,DIRECT DEBIT,654.13,0.0,423331.09,Yes,0,654.13,Debit,Yes,No,Reconciled,No
BTX001141,Bank - CBZ USD Current,2024-11-02,2024-11-02,VAT PAYMENT,35222.5,0.0,388108.59,Yes,12,35222.5,Debit,Yes,No,Reconciled,No
BTX001142,Bank - CBZ USD Current,2025-01-11,2025-01-12,CASH DEPOSIT,0.0,2129.84,390238.43,Yes,12,2129.84,Credit,Yes,No,Reconciled,No
BTX001143,Bank - CBZ USD Current,2024-09-04,2024-09-04,FX CONVERSION,3828.77,0.0,386409.66,Yes,0,3828.77,Debit,Yes,No,Reconciled,No
BTX001144,Bank - CBZ USD Current,2025-01-14,2025-01-14,FX CONVERSION,2467.05,0.0,383942.61,Yes,0,2467.05,Debit,Yes,No,Reconciled,No
BTX001145,Bank - CBZ USD Current,2024-08-23,2024-08-24,TRF FROM CUSTOMER,0.0,16054.8,399997.41,Yes,3,16054.8,Credit,Yes,No,Reconciled,No
BTX001146,Bank - CBZ USD Current,2024-10-01,2024-10-02,TRF FROM CUSTOMER,6166.0,0.0,393831.41,No,0,6166,Debit,No,Yes,0-30 days,No
BTX001147,Bank - CBZ USD Current,2025-04-16,2025-04-18,CASH DEPOSIT,0.0,11271.72,405103.13,Yes,0,11271.72,Credit,Yes,No,Reconciled,No
BTX001148,Bank - CBZ USD Current,2024-11-21,2024-11-22,BANK CHARGES,0.0,12502.41,417605.54,Yes,0,12502.41,Credit,Yes,No,Reconciled,No
BTX001149,Bank - CBZ USD Current,2024-08-20,2024-08-22,VAT PAYMENT,54293.18,0.0,363312.36,Yes,93,54293.18,Debit,Yes,No,Reconciled,No
BTX001150,Bank - CBZ USD Current,2024-11-11,2024-11-12,BANK CHARGES,0.0,2409.47,365721.83,Yes,0,2409.47,Credit,Yes,No,Reconciled,No
BTX001151,Bank - CBZ USD Current,2024-09-16,2024-09-16,CASH DEPOSIT,2605.97,0.0,363115.86,Yes,0,2605.97,Debit,Yes,No,Reconciled,No
BTX001152,Bank - CBZ USD Current,2024-02-02,2024-02-03,DIRECT DEBIT,0.0,839.33,363955.19,Yes,12,839.33,Credit,Yes,No,Reconciled,No
BTX001153,Bank - CBZ USD Current,2024-06-26,2024-06-27,DIRECT DEBIT,32228.86,0.0,331726.33,Yes,0,32228.86,Debit,Yes,No,Reconciled,No
BTX001154,Bank - CBZ USD Current,2025-08-20,2025-08-21,FX CONVERSION,2056.31,0.0,329670.02,Yes,12,2056.31,Debit,Yes,No,Reconciled,No
BTX001155,Bank - CBZ USD Current,2025-03-30,2025-03-31,TRF FROM CUSTOMER,10680.05,0.0,318989.97,Yes,93,10680.05,Debit,Yes,No,Reconciled,No
BTX001156,Bank - CBZ USD Current,2024-01-20,2024-01-20,FX CONVERSION,0.0,7067.45,326057.42,Yes,210,7067.45,Credit,Yes,No,Reconciled,No
BTX001157,Bank - CBZ USD Current,2025-03-02,2025-03-02,SALARY PAYMENT,6108.2,0.0,319949.22,No,0,6108.2,Debit,No,Yes,0-30 days,No
BTX001158,Bank - CBZ USD Current,2024-11-22,2024-11-22,PAYMENT VENDOR,0.0,35682.23,355631.45,Yes,12,35682.23,Credit,Yes,No,Reconciled,No
BTX001159,Bank - CBZ USD Current,2024-04-10,2024-04-12,PAYMENT VENDOR,34748.83,0.0,320882.62,Yes,12,34748.83,Debit,Yes,No,Reconciled,No
BTX001160,Bank - CBZ USD Current,2024-01-03,2024-01-05,CASH DEPOSIT,0.0,9867.36,330749.98,Yes,93,9867.36,Credit,Yes,No,Reconciled,No
BTX001161,Bank - CBZ USD Current,2024-11-03,2024-11-05,TRF FROM CUSTOMER,0.0,968.48,331718.46,Yes,0,968.48,Credit,Yes,No,Reconciled,No
BTX001162,Bank - CBZ USD Current,2025-04-17,2025-04-17,MOBILE PAYMENT,0.0,6393.76,338112.22,Yes,0,6393.76,Credit,Yes,No,Reconciled,No
BTX001163,Bank - CBZ USD Current,2024-11-14,2024-11-15,SALARY PAYMENT,10702.23,0.0,327409.99,Yes,12,10702.23,Debit,Yes,No,Reconciled,No
BTX001164,Bank - CBZ USD Current,2024-01-16,2024-01-18,CASH DEPOSIT,5963.32,0.0,321446.67,Yes,0,5963.32,Debit,Yes,No,Reconciled,No
BTX001165,Bank - CBZ USD Current,2025-09-03,2025-09-05,FX CONVERSION,0.0,9576.89,331023.56,Yes,12,9576.89,Credit,Yes,No,Reconciled,No
BTX001166,Bank - CBZ USD Current,2024-11-26,2024-11-26,INTEREST CREDIT,0.0,13452.02,344475.58,Yes,0,13452.02,Credit,Yes,No,Reconciled,No
BTX001167,Bank - CBZ USD Current,2024-01-28,2024-01-30,PAYMENT VENDOR,60083.72,0.0,284391.86,Yes,12,60083.72,Debit,Yes,No,Reconciled,No
BTX001168,Bank - CBZ USD Current,2024-07-03,2024-07-04,TRF FROM CUSTOMER,0.0,6369.16,290761.02,Yes,93,6369.16,Credit,Yes,No,Reconciled,No
BTX001169,Bank - CBZ USD Current,2024-10-06,2024-10-06,CASH DEPOSIT,4004.41,0.0,286756.61,Yes,0,4004.41,Debit,Yes,No,Reconciled,No
BTX001170,Bank - CBZ USD Current,2024-02-09,2024-02-11,MOBILE PAYMENT,9469.62,0.0,277286.99,Yes,210,9469.62,Debit,Yes,No,Reconciled,No
BTX001171,Bank - CBZ USD Current,2024-04-04,2024-04-05,PAYMENT VENDOR,2080.41,0.0,275206.58,Yes,93,2080.41,Debit,Yes,No,Reconciled,No
BTX001172,Bank - CBZ USD Current,2024-05-06,2024-05-07,CASH DEPOSIT,12333.92,0.0,262872.66,Yes,210,12333.92,Debit,Yes,No,Reconciled,No
BTX001173,Bank - CBZ USD Current,2024-06-13,2024-06-15,INTEREST CREDIT,0.0,19643.82,282516.48,Yes,12,19643.82,Credit,Yes,No,Reconciled,No
BTX001174,Bank - CBZ USD Current,2025-09-27,2025-09-28,FX CONVERSION,917.4,0.0,281599.08,Yes,0,917.4,Debit,Yes,No,Reconciled,No
BTX001175,Bank - CBZ USD Current,2025-09-25,2025-09-27,MOBILE PAYMENT,51957.37,0.0,229641.71,Yes,210,51957.37,Debit,Yes,No,Reconciled,No
BTX001176,Bank - CBZ USD Current,2025-02-21,2025-02-23,SALARY PAYMENT,829.99,0.0,228811.72,Yes,210,829.99,Debit,Yes,No,Reconciled,No
BTX001177,Bank - CBZ USD Current,2024-09-27,2024-09-29,INTEREST CREDIT,0.0,19444.29,248256.01,Yes,46,19444.29,Credit,Yes,No,Reconciled,No
BTX001178,Bank - CBZ USD Current,2024-06-21,2024-06-23,FX CONVERSION,0.0,17627.55,265883.56,Yes,12,17627.55,Credit,Yes,No,Reconciled,No
BTX001179,Bank - CBZ USD Current,2024-03-16,2024-03-17,MOBILE PAYMENT,0.0,818.54,266702.1,Yes,210,818.54,Credit,Yes,No,Reconciled,No
BTX001180,Bank - CBZ USD Current,2024-06-10,2024-06-10,CASH DEPOSIT,0.0,4748.89,271450.99,No,3,4748.89,Credit,No,Yes,0-30 days,No
BTX001181,Bank - CBZ USD Current,2024-10-28,2024-10-28,VAT PAYMENT,1911.88,0.0,269539.11,Yes,210,1911.88,Debit,Yes,No,Reconciled,No
BTX001182,Bank - CBZ USD Current,2024-04-05,2024-04-06,CASH DEPOSIT,59584.15,0.0,209954.96,No,210,59584.15,Debit,No,Yes,Over 90 days,Yes
BTX001183,Bank - CBZ USD Current,2025-01-08,2025-01-08,TRF FROM CUSTOMER,58793.36,0.0,151161.6,Yes,0,58793.36,Debit,Yes,No,Reconciled,No
BTX001184,Bank - CBZ USD Current,2025-01-31,2025-02-01,SALARY PAYMENT,34055.64,0.0,117105.96,Yes,210,34055.64,Debit,Yes,No,Reconciled,No
BTX001185,Bank - CBZ USD Current,2024-05-24,2024-05-25,VAT PAYMENT,0.0,2753.81,119859.77,Yes,0,2753.81,Credit,Yes,No,Reconciled,No
BTX001186,Bank - CBZ USD Current,2024-08-30,2024-08-31,VAT PAYMENT,0.0,2275.63,122135.4,Yes,0,2275.63,Credit,Yes,No,Reconciled,No
BTX001187,Bank - CBZ USD Current,2024-06-01,2024-06-01,CASH DEPOSIT,52167.74,0.0,69967.66,Yes,46,52167.74,Debit,Yes,No,Reconciled,No
BTX001188,Bank - CBZ USD Current,2024-05-30,2024-05-31,PAYMENT VENDOR,15432.18,0.0,54535.48,Yes,0,15432.18,Debit,Yes,No,Reconciled,No
BTX001189,Bank - CBZ USD Current,2025-06-15,2025-06-15,SALARY PAYMENT,24326.41,0.0,30209.07,No,12,24326.41,Debit,No,Yes,0-30 days,No
BTX001190,Bank - CBZ USD Current,2024-08-19,2024-08-20,DIRECT DEBIT,674.29,0.0,29534.78,Yes,0,674.29,Debit,Yes,No,Reconciled,No
BTX001191,Bank - CBZ USD Current,2024-02-24,2024-02-26,DIRECT DEBIT,0.0,39658.87,69193.65,Yes,0,39658.87,Credit,Yes,No,Reconciled,No
BTX001192,Bank - CBZ USD Current,2025-01-12,2025-01-14,TRF FROM CUSTOMER,0.0,1044.89,70238.54,Yes,12,1044.89,Credit,Yes,No,Reconciled,No
BTX001193,Bank - CBZ USD Current,2025-03-22,2025-03-22,MOBILE PAYMENT,2478.1,0.0,67760.44,Yes,0,2478.1,Debit,Yes,No,Reconciled,No
BTX001194,Bank - CBZ USD Current,2025-08-30,2025-08-30,DIRECT DEBIT,0.0,2699.45,70459.89,Yes,0,2699.45,Credit,Yes,No,Reconciled,No
BTX001195,Bank - CBZ USD Current,2025-08-17,2025-08-19,PAYMENT VENDOR,0.0,19756.31,90216.2,Yes,0,19756.31,Credit,Yes,No,Reconciled,No
BTX001196,Bank - CBZ USD Current,2024-11-30,2024-12-02,FX CONVERSION,10654.11,0.0,79562.09,No,46,10654.11,Debit,No,Yes,31-90 days,No
BTX001197,Bank - CBZ USD Current,2024-09-23,2024-09-24,INTEREST CREDIT,7454.27,0.0,72107.82,Yes,0,7454.27,Debit,Yes,No,Reconciled,No
BTX001198,Bank - CBZ USD Current,2025-08-19,2025-08-21,MOBILE PAYMENT,4531.95,0.0,67575.87,Yes,0,4531.95,Debit,Yes,No,Reconciled,No
BTX001199,Bank - CBZ USD Current,2024-09-10,2024-09-10,SALARY PAYMENT,8319.64,0.0,59256.23,Yes,210,8319.64,Debit,Yes,No,Reconciled,No
BTX001200,Bank - CBZ USD Current,2024-01-10,2024-01-12,INTEREST CREDIT,819.83,0.0,58436.4,Yes,0,819.83,Debit,Yes,No,Reconciled,No
BTX001201,Bank - CBZ USD Current,2025-09-21,2025-09-21,FX CONVERSION,0.0,2150.87,60587.27,Yes,46,2150.87,Credit,Yes,No,Reconciled,No
BTX001202,Bank - CBZ USD Current,2024-11-10,2024-11-10,BANK CHARGES,761.73,0.0,59825.54,Yes,0,761.73,Debit,Yes,No,Reconciled,No
BTX001203,Bank - CBZ USD Current,2024-03-22,2024-03-23,VAT PAYMENT,4051.7,0.0,55773.84,Yes,3,4051.7,Debit,Yes,No,Reconciled,No
BTX001204,Bank - CBZ USD Current,2024-03-29,2024-03-29,SALARY PAYMENT,686.78,0.0,55087.06,Yes,0,686.78,Debit,Yes,No,Reconciled,No
BTX001205,Bank - CBZ USD Current,2024-03-25,2024-03-26,VAT PAYMENT,0.0,742.45,55829.51,Yes,12,742.45,Credit,Yes,No,Reconciled,No
BTX001206,Bank - CBZ USD Current,2024-02-29,2024-03-02,SALARY PAYMENT,0.0,26570.06,82399.57,Yes,93,26570.06,Credit,Yes,No,Reconciled,No
BTX001207,Bank - CBZ USD Current,2025-04-03,2025-04-05,INTEREST CREDIT,0.0,25148.79,107548.36,Yes,0,25148.79,Credit,Yes,No,Reconciled,No
BTX001208,Bank - CBZ USD Current,2025-04-01,2025-04-02,VAT PAYMENT,2769.27,0.0,104779.09,Yes,0,2769.27,Debit,Yes,No,Reconciled,No
BTX001209,Bank - CBZ USD Current,2024-06-20,2024-06-21,BANK CHARGES,0.0,3866.29,108645.38,Yes,210,3866.29,Credit,Yes,No,Reconciled,No
BTX001210,Bank - CBZ USD Current,2025-03-28,2025-03-30,INTEREST CREDIT,10516.82,0.0,98128.56,Yes,0,10516.82,Debit,Yes,No,Reconciled,No
BTX001211,Bank - CBZ USD Current,2024-11-27,2024-11-27,SALARY PAYMENT,0.0,7996.82,106125.38,Yes,3,7996.82,Credit,Yes,No,Reconciled,No
BTX001212,Bank - CBZ USD Current,2024-06-23,2024-06-23,TRF FROM CUSTOMER,17062.44,0.0,89062.94,Yes,12,17062.44,Debit,Yes,No,Reconciled,No
BTX001213,Bank - CBZ USD Current,2024-03-07,2024-03-09,TRF FROM CUSTOMER,0.0,22151.98,111214.92,Yes,0,22151.98,Credit,Yes,No,Reconciled,No
BTX001214,Bank - CBZ USD Current,2024-04-16,2024-04-17,SALARY PAYMENT,0.0,47540.12,158755.04,Yes,0,47540.12,Credit,Yes,No,Reconciled,No
BTX001215,Bank - CBZ USD Current,2025-02-26,2025-02-28,FX CONVERSION,721.87,0.0,158033.17,Yes,0,721.87,Debit,Yes,No,Reconciled,No
BTX001216,Bank - CBZ USD Current,2025-02-08,2025-02-09,SALARY PAYMENT,804.54,0.0,157228.63,Yes,210,804.54,Debit,Yes,No,Reconciled,No
BTX001217,Bank - CBZ USD Current,2025-03-01,2025-03-03,DIRECT DEBIT,43275.87,0.0,113952.76,Yes,0,43275.87,Debit,Yes,No,Reconciled,No
BTX001218,Bank - CBZ USD Current,2024-10-21,2024-10-21,FX CONVERSION,0.0,5694.22,119646.98,Yes,46,5694.22,Credit,Yes,No,Reconciled,No
BTX001219,Bank - CBZ USD Current,2025-06-11,2025-06-11,PAYMENT VENDOR,0.0,2321.77,121968.75,Yes,3,2321.77,Credit,Yes,No,Reconciled,No
BTX001220,Bank - CBZ USD Current,2024-07-18,2024-07-20,VAT PAYMENT,1586.93,0.0,120381.82,Yes,0,1586.93,Debit,Yes,No,Reconciled,No
BTX001221,Bank - CBZ USD Current,2024-05-06,2024-05-07,INTEREST CREDIT,0.0,9402.48,129784.3,No,0,9402.48,Credit,No,Yes,0-30 days,No
BTX001222,Bank - CBZ USD Current,2024-07-29,2024-07-29,DIRECT DEBIT,0.0,45242.63,175026.93,Yes,12,45242.63,Credit,Yes,No,Reconciled,No
BTX001223,Bank - CBZ USD Current,2025-02-11,2025-02-12,SALARY PAYMENT,39760.47,0.0,135266.46,Yes,0,39760.47,Debit,Yes,No,Reconciled,No
BTX001224,Bank - CBZ USD Current,2024-05-28,2024-05-30,VAT PAYMENT,0.0,60803.86,196070.32,Yes,12,60803.86,Credit,Yes,No,Reconciled,No
BTX001225,Bank - CBZ USD Current,2024-10-10,2024-10-11,MOBILE PAYMENT,1904.7,0.0,194165.62,Yes,93,1904.7,Debit,Yes,No,Reconciled,No
BTX001226,Bank - CBZ USD Current,2024-12-08,2024-12-09,VAT PAYMENT,1842.43,0.0,192323.19,Yes,93,1842.43,Debit,Yes,No,Reconciled,No
BTX001227,Bank - CBZ USD Current,2025-09-12,2025-09-13,MOBILE PAYMENT,0.0,17310.67,209633.86,Yes,0,17310.67,Credit,Yes,No,Reconciled,No
BTX001228,Bank - CBZ USD Current,2025-04-28,2025-04-30,VAT PAYMENT,0.0,10690.42,220324.28,Yes,46,10690.42,Credit,Yes,No,Reconciled,No
BTX001229,Bank - CBZ USD Current,2025-07-28,2025-07-29,MOBILE PAYMENT,0.0,1696.08,222020.36,Yes,0,1696.08,Credit,Yes,No,Reconciled,No
BTX001230,Bank - CBZ USD Current,2024-05-30,2024-05-31,INTEREST CREDIT,0.0,9036.62,231056.98,Yes,46,9036.62,Credit,Yes,No,Reconciled,No
BTX001231,Bank - CBZ USD Current,2025-05-01,2025-05-03,CASH DEPOSIT,0.0,61140.67,292197.65,Yes,3,61140.67,Credit,Yes,No,Reconciled,No
BTX001232,Bank - CBZ USD Current,2024-07-25,2024-07-25,BANK CHARGES,772.51,0.0,291425.14,Yes,210,772.51,Debit,Yes,No,Reconciled,No
BTX001233,Bank - CBZ USD Current,2024-09-17,2024-09-19,INTEREST CREDIT,0.0,34825.15,326250.29,Yes,46,34825.15,Credit,Yes,No,Reconciled,No
BTX001234,Bank - CBZ USD Current,2024-12-19,2024-12-21,SALARY PAYMENT,26859.27,0.0,299391.02,Yes,3,26859.27,Debit,Yes,No,Reconciled,No
BTX001235,Bank - CBZ USD Current,2025-06-04,2025-06-05,INTEREST CREDIT,50047.58,0.0,249343.44,Yes,0,50047.58,Debit,Yes,No,Reconciled,No
BTX001236,Bank - CBZ USD Current,2025-01-16,2025-01-17,MOBILE PAYMENT,13812.33,0.0,235531.11,Yes,210,13812.33,Debit,Yes,No,Reconciled,No
BTX001237,Bank - CBZ USD Current,2025-09-15,2025-09-15,CASH DEPOSIT,0.0,10520.5,246051.61,Yes,12,10520.5,Credit,Yes,No,Reconciled,No
BTX001238,Bank - CBZ USD Current,2025-09-26,2025-09-27,MOBILE PAYMENT,0.0,4241.01,250292.62,Yes,0,4241.01,Credit,Yes,No,Reconciled,No
BTX001239,Bank - CBZ USD Current,2025-07-25,2025-07-27,TRF FROM CUSTOMER,56532.32,0.0,193760.3,Yes,93,56532.32,Debit,Yes,No,Reconciled,No
BTX001240,Bank - CBZ USD Current,2024-05-12,2024-05-14,CASH DEPOSIT,0.0,17798.22,211558.52,Yes,0,17798.22,Credit,Yes,No,Reconciled,No
BTX001241,Bank - CBZ USD Current,2025-07-28,2025-07-28,INTEREST CREDIT,0.0,60658.12,272216.64,Yes,0,60658.12,Credit,Yes,No,Reconciled,No
BTX001242,Bank - CBZ USD Current,2025-02-23,2025-02-24,MOBILE PAYMENT,8648.93,0.0,263567.71,Yes,93,8648.93,Debit,Yes,No,Reconciled,No
BTX001243,Bank - CBZ USD Current,2024-06-07,2024-06-09,BANK CHARGES,5525.68,0.0,258042.03,Yes,46,5525.68,Debit,Yes,No,Reconciled,No
BTX001244,Bank - CBZ USD Current,2024-03-21,2024-03-21,CASH DEPOSIT,0.0,55457.59,313499.62,Yes,3,55457.59,Credit,Yes,No,Reconciled,No
BTX001245,Bank - CBZ USD Current,2025-05-24,2025-05-25,FX CONVERSION,0.0,12489.74,325989.36,Yes,46,12489.74,Credit,Yes,No,Reconciled,No
BTX001246,Bank - CBZ USD Current,2024-04-19,2024-04-20,TRF FROM CUSTOMER,0.0,782.87,326772.23,Yes,0,782.87,Credit,Yes,No,Reconciled,No
BTX001247,Bank - CBZ USD Current,2025-05-03,2025-05-04,VAT PAYMENT,0.0,25528.35,352300.58,Yes,12,25528.35,Credit,Yes,No,Reconciled,No
BTX001248,Bank - CBZ USD Current,2025-06-17,2025-06-18,DIRECT DEBIT,23012.88,0.0,329287.7,Yes,210,23012.88,Debit,Yes,No,Reconciled,No
BTX001249,Bank - CBZ USD Current,2024-03-20,2024-03-22,SALARY PAYMENT,20578.95,0.0,308708.75,Yes,0,20578.95,Debit,Yes,No,Reconciled,No
BTX001250,Bank - CBZ USD Current,2024-06-18,2024-06-20,FX CONVERSION,4479.32,0.0,304229.43,Yes,93,4479.32,Debit,Yes,No,Reconciled,No
BTX001251,Bank - CBZ USD Current,2024-10-15,2024-10-17,FX CONVERSION,12117.2,0.0,292112.23,Yes,0,12117.2,Debit,Yes,No,Reconciled,No
BTX001252,Bank - CBZ USD Current,2024-12-27,2024-12-28,FX CONVERSION,5266.9,0.0,286845.33,Yes,46,5266.9,Debit,Yes,No,Reconciled,No
BTX001253,Bank - CBZ USD Current,2024-01-12,2024-01-14,PAYMENT VENDOR,9205.28,0.0,277640.05,Yes,93,9205.28,Debit,Yes,No,Reconciled,No
BTX001254,Bank - CBZ USD Current,2024-11-28,2024-11-29,CASH DEPOSIT,0.0,2332.54,279972.59,Yes,0,2332.54,Credit,Yes,No,Reconciled,No
BTX001255,Bank - CBZ USD Current,2025-03-22,2025-03-24,BANK CHARGES,42019.3,0.0,237953.29,Yes,0,42019.3,Debit,Yes,No,Reconciled,No
BTX001256,Bank - CBZ USD Current,2025-06-05,2025-06-06,INTEREST CREDIT,0.0,5224.65,243177.94,Yes,210,5224.65,Credit,Yes,No,Reconciled,No
BTX001257,Bank - CBZ USD Current,2025-03-12,2025-03-13,FX CONVERSION,15774.51,0.0,227403.43,Yes,210,15774.51,Debit,Yes,No,Reconciled,No
BTX001258,Bank - CBZ USD Current,2025-06-19,2025-06-21,TRF FROM CUSTOMER,48835.95,0.0,178567.48,Yes,93,48835.95,Debit,Yes,No,Reconciled,No
BTX001259,Bank - CBZ USD Current,2025-02-25,2025-02-27,INTEREST CREDIT,0.0,24525.48,203092.96,Yes,0,24525.48,Credit,Yes,No,Reconciled,No
BTX001260,Bank - CBZ USD Current,2024-04-12,2024-04-14,SALARY PAYMENT,0.0,4557.92,207650.88,Yes,3,4557.92,Credit,Yes,No,Reconciled,No
BTX001261,Bank - CBZ USD Current,2024-10-01,2024-10-02,INTEREST CREDIT,0.0,28262.11,235912.99,Yes,0,28262.11,Credit,Yes,No,Reconciled,No
BTX001262,Bank - CBZ USD Current,2024-12-15,2024-12-15,VAT PAYMENT,5859.14,0.0,230053.85,No,0,5859.14,Debit,No,Yes,0-30 days,No
BTX001263,Bank - CBZ USD Current,2025-06-21,2025-06-23,SALARY PAYMENT,0.0,20102.07,250155.92,No,93,20102.07,Credit,No,Yes,Over 90 days,Yes
BTX001264,Bank - CBZ USD Current,2024-04-04,2024-04-05,DIRECT DEBIT,53188.87,0.0,196967.05,Yes,0,53188.87,Debit,Yes,No,Reconciled,No
BTX001265,Bank - CBZ USD Current,2024-12-08,2024-12-09,BANK CHARGES,847.67,0.0,196119.38,Yes,0,847.67,Debit,Yes,No,Reconciled,No
BTX001266,Bank - CBZ USD Current,2024-10-14,2024-10-16,VAT PAYMENT,816.18,0.0,195303.2,Yes,0,816.18,Debit,Yes,No,Reconciled,No
BTX001267,Bank - CBZ USD Current,2025-08-05,2025-08-05,CASH DEPOSIT,0.0,2472.12,197775.32,Yes,0,2472.12,Credit,Yes,No,Reconciled,No
BTX001268,Bank - CBZ USD Current,2024-01-24,2024-01-26,PAYMENT VENDOR,1904.09,0.0,195871.23,Yes,46,1904.09,Debit,Yes,No,Reconciled,No
BTX001269,Bank - CBZ USD Current,2024-09-18,2024-09-20,DIRECT DEBIT,2830.54,0.0,193040.69,Yes,12,2830.54,Debit,Yes,No,Reconciled,No
BTX001270,Bank - CBZ USD Current,2025-01-20,2025-01-20,FX CONVERSION,825.05,0.0,192215.64,Yes,0,825.05,Debit,Yes,No,Reconciled,No
BTX001271,Bank - CBZ USD Current,2025-06-18,2025-06-18,FX CONVERSION,12537.63,0.0,179678.01,Yes,93,12537.63,Debit,Yes,No,Reconciled,No
BTX001272,Bank - CBZ USD Current,2025-09-06,2025-09-07,PAYMENT VENDOR,32048.38,0.0,147629.63,Yes,210,32048.38,Debit,Yes,No,Reconciled,No
BTX001273,Bank - CBZ USD Current,2025-06-28,2025-06-30,SALARY PAYMENT,1033.55,0.0,146596.08,Yes,0,1033.55,Debit,Yes,No,Reconciled,No
BTX001274,Bank - CBZ USD Current,2024-11-03,2024-11-05,BANK CHARGES,6715.19,0.0,139880.89,No,3,6715.19,Debit,No,Yes,0-30 days,No
BTX001275,Bank - CBZ USD Current,2025-08-11,2025-08-11,MOBILE PAYMENT,0.0,1019.76,140900.65,Yes,93,1019.76,Credit,Yes,No,Reconciled,No
BTX001276,Bank - CBZ USD Current,2024-01-31,2024-02-01,CASH DEPOSIT,2537.48,0.0,138363.17,Yes,46,2537.48,Debit,Yes,No,Reconciled,No
BTX001277,Bank - CBZ USD Current,2025-06-17,2025-06-18,INTEREST CREDIT,0.0,17577.19,155940.36,Yes,210,17577.19,Credit,Yes,No,Reconciled,No
BTX001278,Bank - CBZ USD Current,2025-01-14,2025-01-16,DIRECT DEBIT,0.0,893.37,156833.73,No,0,893.37,Credit,No,Yes,0-30 days,No
BTX001279,Bank - CBZ USD Current,2024-04-18,2024-04-18,MOBILE PAYMENT,0.0,9508.98,166342.71,Yes,3,9508.98,Credit,Yes,No,Reconciled,No
BTX001280,Bank - CBZ USD Current,2024-08-26,2024-08-26,PAYMENT VENDOR,0.0,19750.49,186093.2,Yes,46,19750.49,Credit,Yes,No,Reconciled,No
BTX001281,Bank - CBZ USD Current,2025-05-25,2025-05-25,CASH DEPOSIT,0.0,42066.81,228160.01,Yes,46,42066.81,Credit,Yes,No,Reconciled,No
BTX001282,Bank - CBZ USD Current,2025-04-18,2025-04-20,DIRECT DEBIT,0.0,1743.16,229903.17,No,210,1743.16,Credit,No,Yes,Over 90 days,Yes
BTX001283,Bank - CBZ USD Current,2024-02-04,2024-02-06,TRF FROM CUSTOMER,2811.24,0.0,227091.93,Yes,0,2811.24,Debit,Yes,No,Reconciled,No
BTX001284,Bank - CBZ USD Current,2024-05-19,2024-05-20,CASH DEPOSIT,0.0,43669.01,270760.94,Yes,46,43669.01,Credit,Yes,No,Reconciled,No
BTX001285,Bank - CBZ USD Current,2025-03-02,2025-03-03,INTEREST CREDIT,0.0,26715.5,297476.44,Yes,0,26715.5,Credit,Yes,No,Reconciled,No
BTX001286,Bank - CBZ USD Current,2024-02-17,2024-02-18,BANK CHARGES,0.0,28790.32,326266.76,Yes,3,28790.32,Credit,Yes,No,Reconciled,No
BTX001287,Bank - CBZ USD Current,2025-06-12,2025-06-12,MOBILE PAYMENT,11530.83,0.0,314735.93,Yes,3,11530.83,Debit,Yes,No,Reconciled,No
BTX001288,Bank - CBZ USD Current,2024-10-18,2024-10-18,SALARY PAYMENT,0.0,12425.06,327160.99,Yes,0,12425.06,Credit,Yes,No,Reconciled,No
BTX001289,Bank - CBZ USD Current,2025-07-17,2025-07-18,VAT PAYMENT,0.0,25955.38,353116.37,Yes,0,25955.38,Credit,Yes,No,Reconciled,No
BTX001290,Bank - CBZ USD Current,2024-05-26,2024-05-28,SALARY PAYMENT,0.0,19594.72,372711.09,Yes,3,19594.72,Credit,Yes,No,Reconciled,No
BTX001291,Bank - CBZ USD Current,2024-09-27,2024-09-29,BANK CHARGES,0.0,4441.72,377152.81,Yes,93,4441.72,Credit,Yes,No,Reconciled,No
BTX001292,Bank - CBZ USD Current,2024-12-04,2024-12-05,BANK CHARGES,699.43,0.0,376453.38,Yes,0,699.43,Debit,Yes,No,Reconciled,No
BTX001293,Bank - CBZ USD Current,2024-03-31,2024-04-02,INTEREST CREDIT,27652.4,0.0,348800.98,Yes,12,27652.4,Debit,Yes,No,Reconciled,No
BTX001294,Bank - CBZ USD Current,2025-05-03,2025-05-04,SALARY PAYMENT,0.0,620.89,349421.87,Yes,93,620.89,Credit,Yes,No,Reconciled,No
BTX001295,Bank - CBZ USD Current,2025-05-13,2025-05-15,INTEREST CREDIT,19485.77,0.0,329936.1,Yes,0,19485.77,Debit,Yes,No,Reconciled,No
BTX001296,Bank - CBZ USD Current,2025-01-18,2025-01-19,INTEREST CREDIT,0.0,19708.92,349645.02,Yes,46,19708.92,Credit,Yes,No,Reconciled,No
BTX001297,Bank - CBZ USD Current,2024-08-08,2024-08-08,VAT PAYMENT,11357.1,0.0,338287.92,Yes,0,11357.1,Debit,Yes,No,Reconciled,No
BTX001298,Bank - CBZ USD Current,2025-03-03,2025-03-03,CASH DEPOSIT,0.0,884.81,339172.73,Yes,0,884.81,Credit,Yes,No,Reconciled,No
BTX001299,Bank - CBZ USD Current,2024-12-19,2024-12-21,MOBILE PAYMENT,8344.57,0.0,330828.16,Yes,0,8344.57,Debit,Yes,No,Reconciled,No
BTX001300,Bank - CBZ USD Current,2024-12-01,2024-12-03,CASH DEPOSIT,0.0,6860.41,337688.57,Yes,3,6860.41,Credit,Yes,No,Reconciled,No
BTX001301,Bank - CBZ USD Current,2025-08-04,2025-08-05,PAYMENT VENDOR,0.0,1617.98,339306.55,Yes,12,1617.98,Credit,Yes,No,Reconciled,No
BTX001302,Bank - CBZ USD Current,2024-12-07,2024-12-09,FX CONVERSION,2671.45,0.0,336635.1,Yes,3,2671.45,Debit,Yes,No,Reconciled,No
BTX001303,Bank - CBZ USD Current,2025-06-29,2025-07-01,SALARY PAYMENT,0.0,1880.92,338516.02,Yes,0,1880.92,Credit,Yes,No,Reconciled,No
BTX001304,Bank - CBZ USD Current,2024-09-28,2024-09-28,DIRECT DEBIT,663.47,0.0,337852.55,No,3,663.47,Debit,No,Yes,0-30 days,No
BTX001305,Bank - CBZ USD Current,2024-01-22,2024-01-22,FX CONVERSION,2302.94,0.0,335549.61,Yes,0,2302.94,Debit,Yes,No,Reconciled,No
BTX001306,Bank - CBZ USD Current,2024-10-01,2024-10-03,FX CONVERSION,0.0,12837.94,348387.55,Yes,0,12837.94,Credit,Yes,No,Reconciled,No
BTX001307,Bank - CBZ USD Current,2025-06-24,2025-06-26,CASH DEPOSIT,666.44,0.0,347721.11,Yes,46,666.44,Debit,Yes,No,Reconciled,No
BTX001308,Bank - CBZ USD Current,2024-09-29,2024-09-30,INTEREST CREDIT,1823.01,0.0,345898.1,Yes,12,1823.01,Debit,Yes,No,Reconciled,No
BTX001309,Bank - CBZ USD Current,2024-10-17,2024-10-19,FX CONVERSION,1611.09,0.0,344287.01,Yes,0,1611.09,Debit,Yes,No,Reconciled,No
BTX001310,Bank - CBZ USD Current,2025-07-31,2025-08-01,SALARY PAYMENT,0.0,904.95,345191.96,Yes,3,904.95,Credit,Yes,No,Reconciled,No
BTX001311,Bank - CBZ USD Current,2024-01-20,2024-01-22,VAT PAYMENT,0.0,4361.54,349553.5,No,0,4361.54,Credit,No,Yes,0-30 days,No
BTX001312,Bank - CBZ USD Current,2024-07-15,2024-07-16,DIRECT DEBIT,0.0,15589.12,365142.62,Yes,0,15589.12,Credit,Yes,No,Reconciled,No
BTX001313,Bank - CBZ USD Current,2024-08-15,2024-08-16,DIRECT DEBIT,58469.12,0.0,306673.5,Yes,3,58469.12,Debit,Yes,No,Reconciled,No
BTX001314,Bank - CBZ USD Current,2024-08-02,2024-08-04,FX CONVERSION,0.0,683.78,307357.28,Yes,3,683.78,Credit,Yes,No,Reconciled,No
BTX001315,Bank - CBZ USD Current,2024-02-20,2024-02-21,FX CONVERSION,0.0,16499.41,323856.69,Yes,0,16499.41,Credit,Yes,No,Reconciled,No
BTX001316,Bank - CBZ USD Current,2025-05-05,2025-05-06,MOBILE PAYMENT,0.0,34728.56,358585.25,Yes,12,34728.56,Credit,Yes,No,Reconciled,No
BTX001317,Bank - CBZ USD Current,2024-06-05,2024-06-05,BANK CHARGES,0.0,39104.87,397690.12,Yes,3,39104.87,Credit,Yes,No,Reconciled,No
BTX001318,Bank - CBZ USD Current,2024-02-03,2024-02-05,DIRECT DEBIT,0.0,54880.04,452570.16,Yes,3,54880.04,Credit,Yes,No,Reconciled,No
BTX001319,Bank - CBZ USD Current,2024-04-29,2024-04-29,TRF FROM CUSTOMER,0.0,12240.59,464810.75,No,0,12240.59,Credit,No,Yes,0-30 days,No
BTX001320,Bank - CBZ USD Current,2024-08-15,2024-08-15,SALARY PAYMENT,30019.36,0.0,434791.39,Yes,93,30019.36,Debit,Yes,No,Reconciled,No
BTX001321,Bank - CBZ USD Current,2024-04-21,2024-04-21,CASH DEPOSIT,13722.93,0.0,421068.46,Yes,12,13722.93,Debit,Yes,No,Reconciled,No
BTX001322,Bank - CBZ USD Current,2024-04-07,2024-04-07,CASH DEPOSIT,1896.34,0.0,419172.12,Yes,0,1896.34,Debit,Yes,No,Reconciled,No
BTX001323,Bank - CBZ USD Current,2025-08-07,2025-08-07,SALARY PAYMENT,0.0,28501.0,447673.12,Yes,12,28501,Credit,Yes,No,Reconciled,No
BTX001324,Bank - CBZ USD Current,2024-09-19,2024-09-20,DIRECT DEBIT,0.0,19698.53,467371.65,Yes,0,19698.53,Credit,Yes,No,Reconciled,No
BTX001325,Bank - CBZ USD Current,2025-08-13,2025-08-14,DIRECT DEBIT,15078.38,0.0,452293.27,Yes,12,15078.38,Debit,Yes,No,Reconciled,No
BTX001326,Bank - CBZ USD Current,2025-01-07,2025-01-09,BANK CHARGES,13415.27,0.0,438878.0,No,0,13415.27,Debit,No,Yes,0-30 days,No
BTX001327,Bank - CBZ USD Current,2025-06-06,2025-06-07,SALARY PAYMENT,10523.29,0.0,428354.71,No,0,10523.29,Debit,No,Yes,0-30 days,No
BTX001328,Bank - CBZ USD Current,2025-02-04,2025-02-05,DIRECT DEBIT,20531.09,0.0,407823.62,Yes,46,20531.09,Debit,Yes,No,Reconciled,No
BTX001329,Bank - CBZ USD Current,2025-05-23,2025-05-24,DIRECT DEBIT,10756.99,0.0,397066.63,Yes,46,10756.99,Debit,Yes,No,Reconciled,No
BTX001330,Bank - CBZ USD Current,2024-06-29,2024-06-29,PAYMENT VENDOR,4574.74,0.0,392491.89,Yes,12,4574.74,Debit,Yes,No,Reconciled,No
BTX001331,Bank - CBZ USD Current,2024-06-19,2024-06-19,VAT PAYMENT,2713.7,0.0,389778.19,Yes,0,2713.7,Debit,Yes,No,Reconciled,No
BTX001332,Bank - CBZ USD Current,2024-08-06,2024-08-06,MOBILE PAYMENT,685.53,0.0,389092.66,Yes,0,685.53,Debit,Yes,No,Reconciled,No
BTX001333,Bank - CBZ USD Current,2024-12-13,2024-12-13,FX CONVERSION,18688.11,0.0,370404.55,Yes,0,18688.11,Debit,Yes,No,Reconciled,No
BTX001334,Bank - CBZ USD Current,2024-02-26,2024-02-27,SALARY PAYMENT,0.0,6519.31,376923.86,No,0,6519.31,Credit,No,Yes,0-30 days,No
BTX001335,Bank - CBZ USD Current,2025-05-31,2025-05-31,CASH DEPOSIT,0.0,8120.89,385044.75,Yes,0,8120.89,Credit,Yes,No,Reconciled,No
BTX001336,Bank - CBZ USD Current,2024-08-16,2024-08-16,SALARY PAYMENT,46812.7,0.0,338232.05,Yes,93,46812.7,Debit,Yes,No,Reconciled,No
BTX001337,Bank - CBZ USD Current,2024-09-28,2024-09-29,DIRECT DEBIT,20940.66,0.0,317291.39,Yes,93,20940.66,Debit,Yes,No,Reconciled,No
BTX001338,Bank - CBZ USD Current,2024-07-03,2024-07-05,INTEREST CREDIT,0.0,6861.42,324152.81,Yes,0,6861.42,Credit,Yes,No,Reconciled,No
BTX001339,Bank - CBZ USD Current,2025-07-23,2025-07-25,BANK CHARGES,0.0,938.82,325091.63,Yes,0,938.82,Credit,Yes,No,Reconciled,No
BTX001340,Bank - CBZ USD Current,2024-05-30,2024-05-31,MOBILE PAYMENT,1806.34,0.0,323285.29,No,0,1806.34,Debit,No,Yes,0-30 days,No
BTX001341,Bank - CBZ USD Current,2024-04-02,2024-04-02,BANK CHARGES,0.0,2545.48,325830.77,Yes,0,2545.48,Credit,Yes,No,Reconciled,No
BTX001342,Bank - CBZ USD Current,2025-01-13,2025-01-14,DIRECT DEBIT,11183.5,0.0,314647.27,Yes,3,11183.5,Debit,Yes,No,Reconciled,No
BTX001343,Bank - CBZ USD Current,2024-09-20,2024-09-21,FX CONVERSION,0.0,61734.05,376381.32,Yes,93,61734.05,Credit,Yes,No,Reconciled,No
BTX001344,Bank - CBZ USD Current,2025-04-24,2025-04-24,SALARY PAYMENT,41741.25,0.0,334640.07,Yes,93,41741.25,Debit,Yes,No,Reconciled,No
BTX001345,Bank - CBZ USD Current,2024-02-27,2024-02-27,PAYMENT VENDOR,0.0,34989.19,369629.26,No,210,34989.19,Credit,No,Yes,Over 90 days,Yes
BTX001346,Bank - CBZ USD Current,2024-12-20,2024-12-20,INTEREST CREDIT,0.0,34800.16,404429.42,Yes,12,34800.16,Credit,Yes,No,Reconciled,No
BTX001347,Bank - CBZ USD Current,2025-03-25,2025-03-26,TRF FROM CUSTOMER,0.0,10730.35,415159.77,Yes,0,10730.35,Credit,Yes,No,Reconciled,No
BTX001348,Bank - CBZ USD Current,2024-05-03,2024-05-04,BANK CHARGES,4530.55,0.0,410629.22,Yes,0,4530.55,Debit,Yes,No,Reconciled,No
BTX001349,Bank - CBZ USD Current,2025-03-16,2025-03-18,BANK CHARGES,0.0,32898.81,443528.03,Yes,3,32898.81,Credit,Yes,No,Reconciled,No
BTX001350,Bank - CBZ USD Current,2024-10-26,2024-10-28,BANK CHARGES,1734.8,0.0,441793.23,Yes,0,1734.8,Debit,Yes,No,Reconciled,No
BTX001351,Bank - CBZ USD Current,2025-09-25,2025-09-27,FX CONVERSION,0.0,6180.23,447973.46,Yes,12,6180.23,Credit,Yes,No,Reconciled,No
BTX001352,Bank - CBZ USD Current,2024-07-20,2024-07-22,CASH DEPOSIT,0.0,10549.34,458522.8,Yes,0,10549.34,Credit,Yes,No,Reconciled,No
BTX001353,Bank - CBZ USD Current,2025-03-28,2025-03-30,SALARY PAYMENT,2618.96,0.0,455903.84,Yes,0,2618.96,Debit,Yes,No,Reconciled,No
BTX001354,Bank - CBZ USD Current,2024-12-16,2024-12-18,PAYMENT VENDOR,942.12,0.0,454961.72,Yes,3,942.12,Debit,Yes,No,Reconciled,No
BTX001355,Bank - CBZ USD Current,2025-08-25,2025-08-25,CASH DEPOSIT,0.0,20159.22,475120.94,Yes,3,20159.22,Credit,Yes,No,Reconciled,No
BTX001356,Bank - CBZ USD Current,2025-01-18,2025-01-20,FX CONVERSION,0.0,4897.97,480018.91,Yes,93,4897.97,Credit,Yes,No,Reconciled,No
BTX001357,Bank - CBZ USD Current,2024-09-27,2024-09-28,INTEREST CREDIT,0.0,789.3,480808.21,Yes,0,789.3,Credit,Yes,No,Reconciled,No
BTX001358,Bank - CBZ USD Current,2025-04-28,2025-04-29,PAYMENT VENDOR,56400.16,0.0,424408.05,Yes,93,56400.16,Debit,Yes,No,Reconciled,No
BTX001359,Bank - CBZ USD Current,2024-07-25,2024-07-27,BANK CHARGES,17970.33,0.0,406437.72,Yes,210,17970.33,Debit,Yes,No,Reconciled,No
BTX001360,Bank - CBZ USD Current,2024-01-03,2024-01-04,MOBILE PAYMENT,0.0,3882.69,410320.41,Yes,3,3882.69,Credit,Yes,No,Reconciled,No
BTX001361,Bank - CBZ USD Current,2024-08-15,2024-08-17,DIRECT DEBIT,19410.32,0.0,390910.09,No,3,19410.32,Debit,No,Yes,0-30 days,No
BTX001362,Bank - CBZ USD Current,2024-12-28,2024-12-28,FX CONVERSION,5901.85,0.0,385008.24,Yes,0,5901.85,Debit,Yes,No,Reconciled,No
BTX001363,Bank - CBZ USD Current,2025-06-05,2025-06-06,INTEREST CREDIT,0.0,30601.18,415609.42,Yes,210,30601.18,Credit,Yes,No,Reconciled,No
BTX001364,Bank - CBZ USD Current,2024-04-22,2024-04-22,FX CONVERSION,4123.09,0.0,411486.33,Yes,210,4123.09,Debit,Yes,No,Reconciled,No
BTX001365,Bank - CBZ USD Current,2025-05-06,2025-05-08,SALARY PAYMENT,0.0,2548.74,414035.07,Yes,0,2548.74,Credit,Yes,No,Reconciled,No
BTX001366,Bank - CBZ USD Current,2025-09-06,2025-09-06,MOBILE PAYMENT,0.0,35734.45,449769.52,No,210,35734.45,Credit,No,Yes,Over 90 days,Yes
BTX001367,Bank - CBZ USD Current,2025-03-09,2025-03-11,VAT PAYMENT,1985.95,0.0,447783.57,Yes,12,1985.95,Debit,Yes,No,Reconciled,No
BTX001368,Bank - CBZ USD Current,2025-07-08,2025-07-09,SALARY PAYMENT,51953.45,0.0,395830.12,Yes,0,51953.45,Debit,Yes,No,Reconciled,No
BTX001369,Bank - CBZ USD Current,2024-12-19,2024-12-19,DIRECT DEBIT,0.0,6131.13,401961.25,Yes,93,6131.13,Credit,Yes,No,Reconciled,No
BTX001370,Bank - CBZ USD Current,2024-10-09,2024-10-10,PAYMENT VENDOR,1601.31,0.0,400359.94,Yes,93,1601.31,Debit,Yes,No,Reconciled,No
BTX001371,Bank - CBZ USD Current,2024-08-20,2024-08-22,MOBILE PAYMENT,0.0,11658.03,412017.97,Yes,93,11658.03,Credit,Yes,No,Reconciled,No
BTX001372,Bank - CBZ USD Current,2025-07-14,2025-07-15,VAT PAYMENT,0.0,1010.8,413028.77,Yes,0,1010.8,Credit,Yes,No,Reconciled,No
BTX001373,Bank - CBZ USD Current,2024-10-08,2024-10-09,CASH DEPOSIT,0.0,618.18,413646.95,Yes,46,618.18,Credit,Yes,No,Reconciled,No
BTX001374,Bank - CBZ USD Current,2025-08-25,2025-08-25,MOBILE PAYMENT,0.0,18526.27,432173.22,Yes,0,18526.27,Credit,Yes,No,Reconciled,No
BTX001375,Bank - CBZ USD Current,2025-05-28,2025-05-28,TRF FROM CUSTOMER,33201.27,0.0,398971.95,Yes,46,33201.27,Debit,Yes,No,Reconciled,No
BTX001376,Bank - CBZ USD Current,2024-05-07,2024-05-09,CASH DEPOSIT,0.0,19248.66,418220.61,Yes,0,19248.66,Credit,Yes,No,Reconciled,No
BTX001377,Bank - CBZ USD Current,2024-04-28,2024-04-30,MOBILE PAYMENT,57038.54,0.0,361182.07,No,3,57038.54,Debit,No,Yes,0-30 days,No
BTX001378,Bank - CBZ USD Current,2025-06-06,2025-06-06,FX CONVERSION,0.0,59977.72,421159.79,Yes,0,59977.72,Credit,Yes,No,Reconciled,No
BTX001379,Bank - CBZ USD Current,2024-03-21,2024-03-21,SALARY PAYMENT,20095.44,0.0,401064.35,Yes,0,20095.44,Debit,Yes,No,Reconciled,No
BTX001380,Bank - CBZ USD Current,2024-07-30,2024-07-31,SALARY PAYMENT,4257.09,0.0,396807.26,Yes,210,4257.09,Debit,Yes,No,Reconciled,No
BTX001381,Bank - CBZ USD Current,2024-03-10,2024-03-11,INTEREST CREDIT,1855.74,0.0,394951.52,Yes,93,1855.74,Debit,Yes,No,Reconciled,No
BTX001382,Bank - CBZ USD Current,2024-05-11,2024-05-11,BANK CHARGES,0.0,16245.11,411196.63,No,0,16245.11,Credit,No,Yes,0-30 days,No
BTX001383,Bank - CBZ USD Current,2025-09-10,2025-09-11,PAYMENT VENDOR,0.0,18720.86,429917.49,Yes,3,18720.86,Credit,Yes,No,Reconciled,No
BTX001384,Bank - CBZ USD Current,2024-10-31,2024-10-31,SALARY PAYMENT,0.0,44506.64,474424.13,Yes,3,44506.64,Credit,Yes,No,Reconciled,No
BTX001385,Bank - CBZ USD Current,2024-11-16,2024-11-17,BANK CHARGES,0.0,8006.13,482430.26,Yes,46,8006.13,Credit,Yes,No,Reconciled,No
BTX001386,Bank - CBZ USD Current,2024-08-07,2024-08-09,DIRECT DEBIT,0.0,8514.84,490945.1,Yes,0,8514.84,Credit,Yes,No,Reconciled,No
BTX001387,Bank - CBZ USD Current,2024-04-14,2024-04-16,DIRECT DEBIT,21261.64,0.0,469683.46,Yes,3,21261.64,Debit,Yes,No,Reconciled,No
BTX001388,Bank - CBZ USD Current,2025-06-29,2025-07-01,TRF FROM CUSTOMER,31982.08,0.0,437701.38,Yes,0,31982.08,Debit,Yes,No,Reconciled,No
BTX001389,Bank - CBZ USD Current,2025-03-29,2025-03-31,FX CONVERSION,17918.49,0.0,419782.89,Yes,210,17918.49,Debit,Yes,No,Reconciled,No
BTX001390,Bank - CBZ USD Current,2024-10-23,2024-10-23,FX CONVERSION,0.0,34834.52,454617.41,Yes,0,34834.52,Credit,Yes,No,Reconciled,No
BTX001391,Bank - CBZ USD Current,2025-07-23,2025-07-24,TRF FROM CUSTOMER,30726.52,0.0,423890.89,Yes,210,30726.52,Debit,Yes,No,Reconciled,No
BTX001392,Bank - CBZ USD Current,2024-04-04,2024-04-05,TRF FROM CUSTOMER,0.0,1714.77,425605.66,Yes,12,1714.77,Credit,Yes,No,Reconciled,No
BTX001393,Bank - CBZ USD Current,2024-07-21,2024-07-23,DIRECT DEBIT,18300.2,0.0,407305.46,Yes,0,18300.2,Debit,Yes,No,Reconciled,No
BTX001394,Bank - CBZ USD Current,2024-11-19,2024-11-21,TRF FROM CUSTOMER,6895.3,0.0,400410.16,Yes,210,6895.3,Debit,Yes,No,Reconciled,No
BTX001395,Bank - CBZ USD Current,2025-07-19,2025-07-19,MOBILE PAYMENT,0.0,23941.18,424351.34,Yes,46,23941.18,Credit,Yes,No,Reconciled,No
BTX001396,Bank - CBZ USD Current,2025-04-27,2025-04-27,PAYMENT VENDOR,0.0,6431.08,430782.42,Yes,3,6431.08,Credit,Yes,No,Reconciled,No
BTX001397,Bank - CBZ USD Current,2025-02-08,2025-02-08,DIRECT DEBIT,0.0,2226.59,433009.01,Yes,0,2226.59,Credit,Yes,No,Reconciled,No
BTX001398,Bank - CBZ USD Current,2024-10-17,2024-10-17,PAYMENT VENDOR,17662.92,0.0,415346.09,Yes,93,17662.92,Debit,Yes,No,Reconciled,No
BTX001399,Bank - CBZ USD Current,2025-05-01,2025-05-03,MOBILE PAYMENT,13411.68,0.0,401934.41,Yes,0,13411.68,Debit,Yes,No,Reconciled,No
